model,version,batch_size,concurrency_range,Concurrency,Inferences/Second,Client Send,Network+Server Send/Recv,Server Queue,Server Compute Input,Server Compute Infer,Server Compute Output,Client Recv,p50 latency,p90 latency,p95 latency,p99 latency,request/response,response wait,Avg GPU Utilization,Avg GPU Power Usage,Max GPU Memory Usage,Total GPU Memory
meta-llama,1,8,1:24:8,1,2.93824,52,831,268,22,2723448,42,0,2721886,2785112,2790892,2799852,52,2724606,GPU-1c734bb9-241d-d316-e881-5d070a9a1425:0.0760648;GPU-2deeb77e-df41-879f-7601-d6296d16a8ff:0.0718056;GPU-3a4be627-e52a-042d-9cd5-5c1377c672da:0.0758796;GPU-5118acb4-22bd-f74f-ea1f-2c8cfe790a1d:0.0771142;GPU-a27c88e4-e53e-7d6a-3abd-07b141b57ce6:0.0768827;GPU-a2848da1-0f8a-a8cf-c763-0ef502d06fec:0.0770833;GPU-da4fcc29-b899-580b-92b6-f0cb14f70f21:0.0774074;GPU-e7cda51a-7d52-6ed3-329d-5434ddea4232:0.0405864;,GPU-1c734bb9-241d-d316-e881-5d070a9a1425:263.691;GPU-2deeb77e-df41-879f-7601-d6296d16a8ff:247.123;GPU-3a4be627-e52a-042d-9cd5-5c1377c672da:263.314;GPU-5118acb4-22bd-f74f-ea1f-2c8cfe790a1d:255.474;GPU-a27c88e4-e53e-7d6a-3abd-07b141b57ce6:261.118;GPU-a2848da1-0f8a-a8cf-c763-0ef502d06fec:256.036;GPU-da4fcc29-b899-580b-92b6-f0cb14f70f21:262.236;GPU-e7cda51a-7d52-6ed3-329d-5434ddea4232:253.997;,GPU-1c734bb9-241d-d316-e881-5d070a9a1425:88825921536;GPU-2deeb77e-df41-879f-7601-d6296d16a8ff:66631761920;GPU-3a4be627-e52a-042d-9cd5-5c1377c672da:88825921536;GPU-5118acb4-22bd-f74f-ea1f-2c8cfe790a1d:88825921536;GPU-a27c88e4-e53e-7d6a-3abd-07b141b57ce6:88825921536;GPU-a2848da1-0f8a-a8cf-c763-0ef502d06fec:88825921536;GPU-da4fcc29-b899-580b-92b6-f0cb14f70f21:88825921536;GPU-e7cda51a-7d52-6ed3-329d-5434ddea4232:66732425216;,GPU-1c734bb9-241d-d316-e881-5d070a9a1425:192265846784;GPU-2deeb77e-df41-879f-7601-d6296d16a8ff:192265846784;GPU-3a4be627-e52a-042d-9cd5-5c1377c672da:192265846784;GPU-5118acb4-22bd-f74f-ea1f-2c8cfe790a1d:192265846784;GPU-a27c88e4-e53e-7d6a-3abd-07b141b57ce6:192265846784;GPU-a2848da1-0f8a-a8cf-c763-0ef502d06fec:192265846784;GPU-da4fcc29-b899-580b-92b6-f0cb14f70f21:192265846784;GPU-e7cda51a-7d52-6ed3-329d-5434ddea4232:192265846784;
meta-llama,1,8,1:24:8,17,11.5554,55,846,6157644,15,5538451,39,0,11677583,12605622,12768200,12982443,55,11696987,GPU-1c734bb9-241d-d316-e881-5d070a9a1425:0.50034;GPU-2deeb77e-df41-879f-7601-d6296d16a8ff:0.376281;GPU-3a4be627-e52a-042d-9cd5-5c1377c672da:0.491528;GPU-5118acb4-22bd-f74f-ea1f-2c8cfe790a1d:0.490725;GPU-a27c88e4-e53e-7d6a-3abd-07b141b57ce6:0.496775;GPU-a2848da1-0f8a-a8cf-c763-0ef502d06fec:0.499167;GPU-da4fcc29-b899-580b-92b6-f0cb14f70f21:0.488457;GPU-e7cda51a-7d52-6ed3-329d-5434ddea4232:0.261806;,GPU-1c734bb9-241d-d316-e881-5d070a9a1425:325.745;GPU-2deeb77e-df41-879f-7601-d6296d16a8ff:266.045;GPU-3a4be627-e52a-042d-9cd5-5c1377c672da:324.066;GPU-5118acb4-22bd-f74f-ea1f-2c8cfe790a1d:314.518;GPU-a27c88e4-e53e-7d6a-3abd-07b141b57ce6:320.53;GPU-a2848da1-0f8a-a8cf-c763-0ef502d06fec:314.827;GPU-da4fcc29-b899-580b-92b6-f0cb14f70f21:323.521;GPU-e7cda51a-7d52-6ed3-329d-5434ddea4232:285.757;,GPU-1c734bb9-241d-d316-e881-5d070a9a1425:88825921536;GPU-2deeb77e-df41-879f-7601-d6296d16a8ff:66631761920;GPU-3a4be627-e52a-042d-9cd5-5c1377c672da:88825921536;GPU-5118acb4-22bd-f74f-ea1f-2c8cfe790a1d:88825921536;GPU-a27c88e4-e53e-7d6a-3abd-07b141b57ce6:88825921536;GPU-a2848da1-0f8a-a8cf-c763-0ef502d06fec:88825921536;GPU-da4fcc29-b899-580b-92b6-f0cb14f70f21:88825921536;GPU-e7cda51a-7d52-6ed3-329d-5434ddea4232:66732425216;,GPU-1c734bb9-241d-d316-e881-5d070a9a1425:192265846784;GPU-2deeb77e-df41-879f-7601-d6296d16a8ff:192265846784;GPU-3a4be627-e52a-042d-9cd5-5c1377c672da:192265846784;GPU-5118acb4-22bd-f74f-ea1f-2c8cfe790a1d:192265846784;GPU-a27c88e4-e53e-7d6a-3abd-07b141b57ce6:192265846784;GPU-a2848da1-0f8a-a8cf-c763-0ef502d06fec:192265846784;GPU-da4fcc29-b899-580b-92b6-f0cb14f70f21:192265846784;GPU-e7cda51a-7d52-6ed3-329d-5434ddea4232:192265846784;
meta-llama,1,8,1:24:8,9,11.6294,51,800,687197,14,5511908,38,0,6203613,6671900,6881603,7170982,51,6199950,GPU-1c734bb9-241d-d316-e881-5d070a9a1425:0.509414;GPU-2deeb77e-df41-879f-7601-d6296d16a8ff:0.380494;GPU-3a4be627-e52a-042d-9cd5-5c1377c672da:0.502762;GPU-5118acb4-22bd-f74f-ea1f-2c8cfe790a1d:0.492377;GPU-a27c88e4-e53e-7d6a-3abd-07b141b57ce6:0.497315;GPU-a2848da1-0f8a-a8cf-c763-0ef502d06fec:0.495108;GPU-da4fcc29-b899-580b-92b6-f0cb14f70f21:0.49642;GPU-e7cda51a-7d52-6ed3-329d-5434ddea4232:0.266605;,GPU-1c734bb9-241d-d316-e881-5d070a9a1425:325.946;GPU-2deeb77e-df41-879f-7601-d6296d16a8ff:266.169;GPU-3a4be627-e52a-042d-9cd5-5c1377c672da:324.379;GPU-5118acb4-22bd-f74f-ea1f-2c8cfe790a1d:315.088;GPU-a27c88e4-e53e-7d6a-3abd-07b141b57ce6:320.939;GPU-a2848da1-0f8a-a8cf-c763-0ef502d06fec:315.036;GPU-da4fcc29-b899-580b-92b6-f0cb14f70f21:324.028;GPU-e7cda51a-7d52-6ed3-329d-5434ddea4232:286.118;,GPU-1c734bb9-241d-d316-e881-5d070a9a1425:88825921536;GPU-2deeb77e-df41-879f-7601-d6296d16a8ff:66631761920;GPU-3a4be627-e52a-042d-9cd5-5c1377c672da:88825921536;GPU-5118acb4-22bd-f74f-ea1f-2c8cfe790a1d:88825921536;GPU-a27c88e4-e53e-7d6a-3abd-07b141b57ce6:88825921536;GPU-a2848da1-0f8a-a8cf-c763-0ef502d06fec:88825921536;GPU-da4fcc29-b899-580b-92b6-f0cb14f70f21:88825921536;GPU-e7cda51a-7d52-6ed3-329d-5434ddea4232:66732425216;,GPU-1c734bb9-241d-d316-e881-5d070a9a1425:192265846784;GPU-2deeb77e-df41-879f-7601-d6296d16a8ff:192265846784;GPU-3a4be627-e52a-042d-9cd5-5c1377c672da:192265846784;GPU-5118acb4-22bd-f74f-ea1f-2c8cfe790a1d:192265846784;GPU-a27c88e4-e53e-7d6a-3abd-07b141b57ce6:192265846784;GPU-a2848da1-0f8a-a8cf-c763-0ef502d06fec:192265846784;GPU-da4fcc29-b899-580b-92b6-f0cb14f70f21:192265846784;GPU-e7cda51a-7d52-6ed3-329d-5434ddea4232:192265846784;
meta-llama,1,8,1:128:16,1,2.9259,55,815,268,21,2726811,41,0,2732063,2790861,2799348,2819064,55,2727949,GPU-1c734bb9-241d-d316-e881-5d070a9a1425:0.0757716;GPU-2deeb77e-df41-879f-7601-d6296d16a8ff:0.0711265;GPU-3a4be627-e52a-042d-9cd5-5c1377c672da:0.0762963;GPU-5118acb4-22bd-f74f-ea1f-2c8cfe790a1d:0.0759877;GPU-a27c88e4-e53e-7d6a-3abd-07b141b57ce6:0.076821;GPU-a2848da1-0f8a-a8cf-c763-0ef502d06fec:0.0759568;GPU-da4fcc29-b899-580b-92b6-f0cb14f70f21:0.0768519;GPU-e7cda51a-7d52-6ed3-329d-5434ddea4232:0.0405864;,GPU-1c734bb9-241d-d316-e881-5d070a9a1425:264.57;GPU-2deeb77e-df41-879f-7601-d6296d16a8ff:247.529;GPU-3a4be627-e52a-042d-9cd5-5c1377c672da:263.983;GPU-5118acb4-22bd-f74f-ea1f-2c8cfe790a1d:255.779;GPU-a27c88e4-e53e-7d6a-3abd-07b141b57ce6:261.558;GPU-a2848da1-0f8a-a8cf-c763-0ef502d06fec:256.436;GPU-da4fcc29-b899-580b-92b6-f0cb14f70f21:263.051;GPU-e7cda51a-7d52-6ed3-329d-5434ddea4232:254.902;,GPU-1c734bb9-241d-d316-e881-5d070a9a1425:88825921536;GPU-2deeb77e-df41-879f-7601-d6296d16a8ff:66631761920;GPU-3a4be627-e52a-042d-9cd5-5c1377c672da:88825921536;GPU-5118acb4-22bd-f74f-ea1f-2c8cfe790a1d:88825921536;GPU-a27c88e4-e53e-7d6a-3abd-07b141b57ce6:88825921536;GPU-a2848da1-0f8a-a8cf-c763-0ef502d06fec:88825921536;GPU-da4fcc29-b899-580b-92b6-f0cb14f70f21:88825921536;GPU-e7cda51a-7d52-6ed3-329d-5434ddea4232:66732425216;,GPU-1c734bb9-241d-d316-e881-5d070a9a1425:192265846784;GPU-2deeb77e-df41-879f-7601-d6296d16a8ff:192265846784;GPU-3a4be627-e52a-042d-9cd5-5c1377c672da:192265846784;GPU-5118acb4-22bd-f74f-ea1f-2c8cfe790a1d:192265846784;GPU-a27c88e4-e53e-7d6a-3abd-07b141b57ce6:192265846784;GPU-a2848da1-0f8a-a8cf-c763-0ef502d06fec:192265846784;GPU-da4fcc29-b899-580b-92b6-f0cb14f70f21:192265846784;GPU-e7cda51a-7d52-6ed3-329d-5434ddea4232:192265846784;
meta-llama,1,8,1:128:16,65,11.5554,59,865,38680503,15,5526779,40,0,44617970,45817191,47283286,48413594,59,44208194,GPU-1c734bb9-241d-d316-e881-5d070a9a1425:0.493009;GPU-2deeb77e-df41-879f-7601-d6296d16a8ff:0.378241;GPU-3a4be627-e52a-042d-9cd5-5c1377c672da:0.493642;GPU-5118acb4-22bd-f74f-ea1f-2c8cfe790a1d:0.485617;GPU-a27c88e4-e53e-7d6a-3abd-07b141b57ce6:0.490293;GPU-a2848da1-0f8a-a8cf-c763-0ef502d06fec:0.494861;GPU-da4fcc29-b899-580b-92b6-f0cb14f70f21:0.488364;GPU-e7cda51a-7d52-6ed3-329d-5434ddea4232:0.261975;,GPU-1c734bb9-241d-d316-e881-5d070a9a1425:325.991;GPU-2deeb77e-df41-879f-7601-d6296d16a8ff:266.551;GPU-3a4be627-e52a-042d-9cd5-5c1377c672da:324.237;GPU-5118acb4-22bd-f74f-ea1f-2c8cfe790a1d:314.714;GPU-a27c88e4-e53e-7d6a-3abd-07b141b57ce6:320.564;GPU-a2848da1-0f8a-a8cf-c763-0ef502d06fec:314.817;GPU-da4fcc29-b899-580b-92b6-f0cb14f70f21:324.144;GPU-e7cda51a-7d52-6ed3-329d-5434ddea4232:286.63;,GPU-1c734bb9-241d-d316-e881-5d070a9a1425:88825921536;GPU-2deeb77e-df41-879f-7601-d6296d16a8ff:66631761920;GPU-3a4be627-e52a-042d-9cd5-5c1377c672da:88825921536;GPU-5118acb4-22bd-f74f-ea1f-2c8cfe790a1d:88825921536;GPU-a27c88e4-e53e-7d6a-3abd-07b141b57ce6:88825921536;GPU-a2848da1-0f8a-a8cf-c763-0ef502d06fec:88825921536;GPU-da4fcc29-b899-580b-92b6-f0cb14f70f21:88825921536;GPU-e7cda51a-7d52-6ed3-329d-5434ddea4232:66732425216;,GPU-1c734bb9-241d-d316-e881-5d070a9a1425:192265846784;GPU-2deeb77e-df41-879f-7601-d6296d16a8ff:192265846784;GPU-3a4be627-e52a-042d-9cd5-5c1377c672da:192265846784;GPU-5118acb4-22bd-f74f-ea1f-2c8cfe790a1d:192265846784;GPU-a27c88e4-e53e-7d6a-3abd-07b141b57ce6:192265846784;GPU-a2848da1-0f8a-a8cf-c763-0ef502d06fec:192265846784;GPU-da4fcc29-b899-580b-92b6-f0cb14f70f21:192265846784;GPU-e7cda51a-7d52-6ed3-329d-5434ddea4232:192265846784;
meta-llama,1,8,1:128:16,33,11.5676,57,978,16979190,15,5531213,39,0,22663149,23681522,23898678,24330738,57,22511427,GPU-1c734bb9-241d-d316-e881-5d070a9a1425:0.494414;GPU-2deeb77e-df41-879f-7601-d6296d16a8ff:0.376358;GPU-3a4be627-e52a-042d-9cd5-5c1377c672da:0.500494;GPU-5118acb4-22bd-f74f-ea1f-2c8cfe790a1d:0.49534;GPU-a27c88e4-e53e-7d6a-3abd-07b141b57ce6:0.494506;GPU-a2848da1-0f8a-a8cf-c763-0ef502d06fec:0.498056;GPU-da4fcc29-b899-580b-92b6-f0cb14f70f21:0.487623;GPU-e7cda51a-7d52-6ed3-329d-5434ddea4232:0.263565;,GPU-1c734bb9-241d-d316-e881-5d070a9a1425:325.357;GPU-2deeb77e-df41-879f-7601-d6296d16a8ff:266.192;GPU-3a4be627-e52a-042d-9cd5-5c1377c672da:323.525;GPU-5118acb4-22bd-f74f-ea1f-2c8cfe790a1d:314.117;GPU-a27c88e4-e53e-7d6a-3abd-07b141b57ce6:320.043;GPU-a2848da1-0f8a-a8cf-c763-0ef502d06fec:313.973;GPU-da4fcc29-b899-580b-92b6-f0cb14f70f21:322.91;GPU-e7cda51a-7d52-6ed3-329d-5434ddea4232:286.338;,GPU-1c734bb9-241d-d316-e881-5d070a9a1425:88825921536;GPU-2deeb77e-df41-879f-7601-d6296d16a8ff:66631761920;GPU-3a4be627-e52a-042d-9cd5-5c1377c672da:88825921536;GPU-5118acb4-22bd-f74f-ea1f-2c8cfe790a1d:88825921536;GPU-a27c88e4-e53e-7d6a-3abd-07b141b57ce6:88825921536;GPU-a2848da1-0f8a-a8cf-c763-0ef502d06fec:88825921536;GPU-da4fcc29-b899-580b-92b6-f0cb14f70f21:88825921536;GPU-e7cda51a-7d52-6ed3-329d-5434ddea4232:66732425216;,GPU-1c734bb9-241d-d316-e881-5d070a9a1425:192265846784;GPU-2deeb77e-df41-879f-7601-d6296d16a8ff:192265846784;GPU-3a4be627-e52a-042d-9cd5-5c1377c672da:192265846784;GPU-5118acb4-22bd-f74f-ea1f-2c8cfe790a1d:192265846784;GPU-a27c88e4-e53e-7d6a-3abd-07b141b57ce6:192265846784;GPU-a2848da1-0f8a-a8cf-c763-0ef502d06fec:192265846784;GPU-da4fcc29-b899-580b-92b6-f0cb14f70f21:192265846784;GPU-e7cda51a-7d52-6ed3-329d-5434ddea4232:192265846784;
meta-llama,1,8,1:128:16,17,11.5677,56,835,6137581,14,5507000,39,0,11334856,13442378,13754961,14169690,56,11645462,GPU-1c734bb9-241d-d316-e881-5d070a9a1425:0.494846;GPU-2deeb77e-df41-879f-7601-d6296d16a8ff:0.377515;GPU-3a4be627-e52a-042d-9cd5-5c1377c672da:0.493997;GPU-5118acb4-22bd-f74f-ea1f-2c8cfe790a1d:0.491713;GPU-a27c88e4-e53e-7d6a-3abd-07b141b57ce6:0.494105;GPU-a2848da1-0f8a-a8cf-c763-0ef502d06fec:0.490432;GPU-da4fcc29-b899-580b-92b6-f0cb14f70f21:0.496003;GPU-e7cda51a-7d52-6ed3-329d-5434ddea4232:0.261651;,GPU-1c734bb9-241d-d316-e881-5d070a9a1425:325.26;GPU-2deeb77e-df41-879f-7601-d6296d16a8ff:265.842;GPU-3a4be627-e52a-042d-9cd5-5c1377c672da:322.972;GPU-5118acb4-22bd-f74f-ea1f-2c8cfe790a1d:313.804;GPU-a27c88e4-e53e-7d6a-3abd-07b141b57ce6:320.002;GPU-a2848da1-0f8a-a8cf-c763-0ef502d06fec:313.805;GPU-da4fcc29-b899-580b-92b6-f0cb14f70f21:322.456;GPU-e7cda51a-7d52-6ed3-329d-5434ddea4232:285.645;,GPU-1c734bb9-241d-d316-e881-5d070a9a1425:88825921536;GPU-2deeb77e-df41-879f-7601-d6296d16a8ff:66631761920;GPU-3a4be627-e52a-042d-9cd5-5c1377c672da:88825921536;GPU-5118acb4-22bd-f74f-ea1f-2c8cfe790a1d:88825921536;GPU-a27c88e4-e53e-7d6a-3abd-07b141b57ce6:88825921536;GPU-a2848da1-0f8a-a8cf-c763-0ef502d06fec:88825921536;GPU-da4fcc29-b899-580b-92b6-f0cb14f70f21:88825921536;GPU-e7cda51a-7d52-6ed3-329d-5434ddea4232:66732425216;,GPU-1c734bb9-241d-d316-e881-5d070a9a1425:192265846784;GPU-2deeb77e-df41-879f-7601-d6296d16a8ff:192265846784;GPU-3a4be627-e52a-042d-9cd5-5c1377c672da:192265846784;GPU-5118acb4-22bd-f74f-ea1f-2c8cfe790a1d:192265846784;GPU-a27c88e4-e53e-7d6a-3abd-07b141b57ce6:192265846784;GPU-a2848da1-0f8a-a8cf-c763-0ef502d06fec:192265846784;GPU-da4fcc29-b899-580b-92b6-f0cb14f70f21:192265846784;GPU-e7cda51a-7d52-6ed3-329d-5434ddea4232:192265846784;
meta-llama,1,8,1:128:16,49,11.6295,86,891,27748320,15,5508881,40,0,33652584,34579710,34870462,35251540,86,33258138,GPU-1c734bb9-241d-d316-e881-5d070a9a1425:0.501157;GPU-2deeb77e-df41-879f-7601-d6296d16a8ff:0.380247;GPU-3a4be627-e52a-042d-9cd5-5c1377c672da:0.503827;GPU-5118acb4-22bd-f74f-ea1f-2c8cfe790a1d:0.492022;GPU-a27c88e4-e53e-7d6a-3abd-07b141b57ce6:0.498642;GPU-a2848da1-0f8a-a8cf-c763-0ef502d06fec:0.504336;GPU-da4fcc29-b899-580b-92b6-f0cb14f70f21:0.503596;GPU-e7cda51a-7d52-6ed3-329d-5434ddea4232:0.265401;,GPU-1c734bb9-241d-d316-e881-5d070a9a1425:325.586;GPU-2deeb77e-df41-879f-7601-d6296d16a8ff:266.19;GPU-3a4be627-e52a-042d-9cd5-5c1377c672da:323.513;GPU-5118acb4-22bd-f74f-ea1f-2c8cfe790a1d:314.259;GPU-a27c88e4-e53e-7d6a-3abd-07b141b57ce6:320.28;GPU-a2848da1-0f8a-a8cf-c763-0ef502d06fec:314.408;GPU-da4fcc29-b899-580b-92b6-f0cb14f70f21:323.289;GPU-e7cda51a-7d52-6ed3-329d-5434ddea4232:286.134;,GPU-1c734bb9-241d-d316-e881-5d070a9a1425:88825921536;GPU-2deeb77e-df41-879f-7601-d6296d16a8ff:66631761920;GPU-3a4be627-e52a-042d-9cd5-5c1377c672da:88825921536;GPU-5118acb4-22bd-f74f-ea1f-2c8cfe790a1d:88825921536;GPU-a27c88e4-e53e-7d6a-3abd-07b141b57ce6:88825921536;GPU-a2848da1-0f8a-a8cf-c763-0ef502d06fec:88825921536;GPU-da4fcc29-b899-580b-92b6-f0cb14f70f21:88825921536;GPU-e7cda51a-7d52-6ed3-329d-5434ddea4232:66732425216;,GPU-1c734bb9-241d-d316-e881-5d070a9a1425:192265846784;GPU-2deeb77e-df41-879f-7601-d6296d16a8ff:192265846784;GPU-3a4be627-e52a-042d-9cd5-5c1377c672da:192265846784;GPU-5118acb4-22bd-f74f-ea1f-2c8cfe790a1d:192265846784;GPU-a27c88e4-e53e-7d6a-3abd-07b141b57ce6:192265846784;GPU-a2848da1-0f8a-a8cf-c763-0ef502d06fec:192265846784;GPU-da4fcc29-b899-580b-92b6-f0cb14f70f21:192265846784;GPU-e7cda51a-7d52-6ed3-329d-5434ddea4232:192265846784;
meta-llama,1,8,1:128:16,97,11.6415,63,1157,60031831,15,5485749,40,0,66350589,67375790,67701335,68139917,63,65518785,GPU-1c734bb9-241d-d316-e881-5d070a9a1425:0.502191;GPU-2deeb77e-df41-879f-7601-d6296d16a8ff:0.379182;GPU-3a4be627-e52a-042d-9cd5-5c1377c672da:0.491944;GPU-5118acb4-22bd-f74f-ea1f-2c8cfe790a1d:0.49588;GPU-a27c88e4-e53e-7d6a-3abd-07b141b57ce6:0.49338;GPU-a2848da1-0f8a-a8cf-c763-0ef502d06fec:0.500571;GPU-da4fcc29-b899-580b-92b6-f0cb14f70f21:0.498704;GPU-e7cda51a-7d52-6ed3-329d-5434ddea4232:0.261975;,GPU-1c734bb9-241d-d316-e881-5d070a9a1425:326.515;GPU-2deeb77e-df41-879f-7601-d6296d16a8ff:266.916;GPU-3a4be627-e52a-042d-9cd5-5c1377c672da:324.868;GPU-5118acb4-22bd-f74f-ea1f-2c8cfe790a1d:315.258;GPU-a27c88e4-e53e-7d6a-3abd-07b141b57ce6:321.45;GPU-a2848da1-0f8a-a8cf-c763-0ef502d06fec:315.812;GPU-da4fcc29-b899-580b-92b6-f0cb14f70f21:325.169;GPU-e7cda51a-7d52-6ed3-329d-5434ddea4232:287.561;,GPU-1c734bb9-241d-d316-e881-5d070a9a1425:88825921536;GPU-2deeb77e-df41-879f-7601-d6296d16a8ff:66631761920;GPU-3a4be627-e52a-042d-9cd5-5c1377c672da:88825921536;GPU-5118acb4-22bd-f74f-ea1f-2c8cfe790a1d:88825921536;GPU-a27c88e4-e53e-7d6a-3abd-07b141b57ce6:88825921536;GPU-a2848da1-0f8a-a8cf-c763-0ef502d06fec:88825921536;GPU-da4fcc29-b899-580b-92b6-f0cb14f70f21:88825921536;GPU-e7cda51a-7d52-6ed3-329d-5434ddea4232:66732425216;,GPU-1c734bb9-241d-d316-e881-5d070a9a1425:192265846784;GPU-2deeb77e-df41-879f-7601-d6296d16a8ff:192265846784;GPU-3a4be627-e52a-042d-9cd5-5c1377c672da:192265846784;GPU-5118acb4-22bd-f74f-ea1f-2c8cfe790a1d:192265846784;GPU-a27c88e4-e53e-7d6a-3abd-07b141b57ce6:192265846784;GPU-a2848da1-0f8a-a8cf-c763-0ef502d06fec:192265846784;GPU-da4fcc29-b899-580b-92b6-f0cb14f70f21:192265846784;GPU-e7cda51a-7d52-6ed3-329d-5434ddea4232:192265846784;
meta-llama,1,8,1:128:16,113,11.6417,118,866,70880758,14,5498225,39,0,77390647,78631028,79023790,79763654,118,76379894,GPU-1c734bb9-241d-d316-e881-5d070a9a1425:0.504707;GPU-2deeb77e-df41-879f-7601-d6296d16a8ff:0.381651;GPU-3a4be627-e52a-042d-9cd5-5c1377c672da:0.497747;GPU-5118acb4-22bd-f74f-ea1f-2c8cfe790a1d:0.500154;GPU-a27c88e4-e53e-7d6a-3abd-07b141b57ce6:0.501466;GPU-a2848da1-0f8a-a8cf-c763-0ef502d06fec:0.502855;GPU-da4fcc29-b899-580b-92b6-f0cb14f70f21:0.494923;GPU-e7cda51a-7d52-6ed3-329d-5434ddea4232:0.2675;,GPU-1c734bb9-241d-d316-e881-5d070a9a1425:326.799;GPU-2deeb77e-df41-879f-7601-d6296d16a8ff:266.931;GPU-3a4be627-e52a-042d-9cd5-5c1377c672da:324.876;GPU-5118acb4-22bd-f74f-ea1f-2c8cfe790a1d:315.321;GPU-a27c88e4-e53e-7d6a-3abd-07b141b57ce6:321.063;GPU-a2848da1-0f8a-a8cf-c763-0ef502d06fec:315.719;GPU-da4fcc29-b899-580b-92b6-f0cb14f70f21:325.128;GPU-e7cda51a-7d52-6ed3-329d-5434ddea4232:287.1;,GPU-1c734bb9-241d-d316-e881-5d070a9a1425:88825921536;GPU-2deeb77e-df41-879f-7601-d6296d16a8ff:66631761920;GPU-3a4be627-e52a-042d-9cd5-5c1377c672da:88825921536;GPU-5118acb4-22bd-f74f-ea1f-2c8cfe790a1d:88825921536;GPU-a27c88e4-e53e-7d6a-3abd-07b141b57ce6:88825921536;GPU-a2848da1-0f8a-a8cf-c763-0ef502d06fec:88825921536;GPU-da4fcc29-b899-580b-92b6-f0cb14f70f21:88825921536;GPU-e7cda51a-7d52-6ed3-329d-5434ddea4232:66732425216;,GPU-1c734bb9-241d-d316-e881-5d070a9a1425:192265846784;GPU-2deeb77e-df41-879f-7601-d6296d16a8ff:192265846784;GPU-3a4be627-e52a-042d-9cd5-5c1377c672da:192265846784;GPU-5118acb4-22bd-f74f-ea1f-2c8cfe790a1d:192265846784;GPU-a27c88e4-e53e-7d6a-3abd-07b141b57ce6:192265846784;GPU-a2848da1-0f8a-a8cf-c763-0ef502d06fec:192265846784;GPU-da4fcc29-b899-580b-92b6-f0cb14f70f21:192265846784;GPU-e7cda51a-7d52-6ed3-329d-5434ddea4232:192265846784;
meta-llama,1,8,1:128:16,81,11.6419,62,883,49474565,15,5516440,40,0,55584996,56727112,57730198,58928832,62,54991934,GPU-1c734bb9-241d-d316-e881-5d070a9a1425:0.501512;GPU-2deeb77e-df41-879f-7601-d6296d16a8ff:0.381698;GPU-3a4be627-e52a-042d-9cd5-5c1377c672da:0.498704;GPU-5118acb4-22bd-f74f-ea1f-2c8cfe790a1d:0.49588;GPU-a27c88e4-e53e-7d6a-3abd-07b141b57ce6:0.494568;GPU-a2848da1-0f8a-a8cf-c763-0ef502d06fec:0.496836;GPU-da4fcc29-b899-580b-92b6-f0cb14f70f21:0.490401;GPU-e7cda51a-7d52-6ed3-329d-5434ddea4232:0.265231;,GPU-1c734bb9-241d-d316-e881-5d070a9a1425:326.104;GPU-2deeb77e-df41-879f-7601-d6296d16a8ff:266.752;GPU-3a4be627-e52a-042d-9cd5-5c1377c672da:324.407;GPU-5118acb4-22bd-f74f-ea1f-2c8cfe790a1d:315.013;GPU-a27c88e4-e53e-7d6a-3abd-07b141b57ce6:320.987;GPU-a2848da1-0f8a-a8cf-c763-0ef502d06fec:314.821;GPU-da4fcc29-b899-580b-92b6-f0cb14f70f21:324.405;GPU-e7cda51a-7d52-6ed3-329d-5434ddea4232:286.815;,GPU-1c734bb9-241d-d316-e881-5d070a9a1425:88825921536;GPU-2deeb77e-df41-879f-7601-d6296d16a8ff:66631761920;GPU-3a4be627-e52a-042d-9cd5-5c1377c672da:88825921536;GPU-5118acb4-22bd-f74f-ea1f-2c8cfe790a1d:88825921536;GPU-a27c88e4-e53e-7d6a-3abd-07b141b57ce6:88825921536;GPU-a2848da1-0f8a-a8cf-c763-0ef502d06fec:88825921536;GPU-da4fcc29-b899-580b-92b6-f0cb14f70f21:88825921536;GPU-e7cda51a-7d52-6ed3-329d-5434ddea4232:66732425216;,GPU-1c734bb9-241d-d316-e881-5d070a9a1425:192265846784;GPU-2deeb77e-df41-879f-7601-d6296d16a8ff:192265846784;GPU-3a4be627-e52a-042d-9cd5-5c1377c672da:192265846784;GPU-5118acb4-22bd-f74f-ea1f-2c8cfe790a1d:192265846784;GPU-a27c88e4-e53e-7d6a-3abd-07b141b57ce6:192265846784;GPU-a2848da1-0f8a-a8cf-c763-0ef502d06fec:192265846784;GPU-da4fcc29-b899-580b-92b6-f0cb14f70f21:192265846784;GPU-e7cda51a-7d52-6ed3-329d-5434ddea4232:192265846784;
meta-llama,2,8,1:24:8,1,2.96293,50,857,268,20,2699777,40,0,2686737,2777053,2784489,2794122,50,2700955,GPU-1c734bb9-241d-d316-e881-5d070a9a1425:0.076713;GPU-2deeb77e-df41-879f-7601-d6296d16a8ff:0.0721605;GPU-3a4be627-e52a-042d-9cd5-5c1377c672da:0.0770062;GPU-5118acb4-22bd-f74f-ea1f-2c8cfe790a1d:0.0772994;GPU-a27c88e4-e53e-7d6a-3abd-07b141b57ce6:0.0767438;GPU-a2848da1-0f8a-a8cf-c763-0ef502d06fec:0.077037;GPU-da4fcc29-b899-580b-92b6-f0cb14f70f21:0.0771605;GPU-e7cda51a-7d52-6ed3-329d-5434ddea4232:0.0419753;,GPU-1c734bb9-241d-d316-e881-5d070a9a1425:265.132;GPU-2deeb77e-df41-879f-7601-d6296d16a8ff:248.007;GPU-3a4be627-e52a-042d-9cd5-5c1377c672da:264.396;GPU-5118acb4-22bd-f74f-ea1f-2c8cfe790a1d:256.368;GPU-a27c88e4-e53e-7d6a-3abd-07b141b57ce6:262.116;GPU-a2848da1-0f8a-a8cf-c763-0ef502d06fec:256.623;GPU-da4fcc29-b899-580b-92b6-f0cb14f70f21:263.497;GPU-e7cda51a-7d52-6ed3-329d-5434ddea4232:255.247;,GPU-1c734bb9-241d-d316-e881-5d070a9a1425:91292172288;GPU-2deeb77e-df41-879f-7601-d6296d16a8ff:68947017728;GPU-3a4be627-e52a-042d-9cd5-5c1377c672da:91292172288;GPU-5118acb4-22bd-f74f-ea1f-2c8cfe790a1d:91292172288;GPU-a27c88e4-e53e-7d6a-3abd-07b141b57ce6:91292172288;GPU-a2848da1-0f8a-a8cf-c763-0ef502d06fec:91292172288;GPU-da4fcc29-b899-580b-92b6-f0cb14f70f21:91292172288;GPU-e7cda51a-7d52-6ed3-329d-5434ddea4232:69131567104;,GPU-1c734bb9-241d-d316-e881-5d070a9a1425:192265846784;GPU-2deeb77e-df41-879f-7601-d6296d16a8ff:192265846784;GPU-3a4be627-e52a-042d-9cd5-5c1377c672da:192265846784;GPU-5118acb4-22bd-f74f-ea1f-2c8cfe790a1d:192265846784;GPU-a27c88e4-e53e-7d6a-3abd-07b141b57ce6:192265846784;GPU-a2848da1-0f8a-a8cf-c763-0ef502d06fec:192265846784;GPU-da4fcc29-b899-580b-92b6-f0cb14f70f21:192265846784;GPU-e7cda51a-7d52-6ed3-329d-5434ddea4232:192265846784;
meta-llama,2,8,1:24:8,9,11.148,53,850,714512,16,5746365,40,0,6163577,8678721,9010098,9387915,53,6461775,GPU-1c734bb9-241d-d316-e881-5d070a9a1425:0.485478;GPU-2deeb77e-df41-879f-7601-d6296d16a8ff:0.368981;GPU-3a4be627-e52a-042d-9cd5-5c1377c672da:0.48125;GPU-5118acb4-22bd-f74f-ea1f-2c8cfe790a1d:0.488302;GPU-a27c88e4-e53e-7d6a-3abd-07b141b57ce6:0.488704;GPU-a2848da1-0f8a-a8cf-c763-0ef502d06fec:0.486373;GPU-da4fcc29-b899-580b-92b6-f0cb14f70f21:0.479753;GPU-e7cda51a-7d52-6ed3-329d-5434ddea4232:0.252454;,GPU-1c734bb9-241d-d316-e881-5d070a9a1425:322.302;GPU-2deeb77e-df41-879f-7601-d6296d16a8ff:265.633;GPU-3a4be627-e52a-042d-9cd5-5c1377c672da:321.059;GPU-5118acb4-22bd-f74f-ea1f-2c8cfe790a1d:311.728;GPU-a27c88e4-e53e-7d6a-3abd-07b141b57ce6:317.487;GPU-a2848da1-0f8a-a8cf-c763-0ef502d06fec:311.754;GPU-da4fcc29-b899-580b-92b6-f0cb14f70f21:320.502;GPU-e7cda51a-7d52-6ed3-329d-5434ddea4232:285.109;,GPU-1c734bb9-241d-d316-e881-5d070a9a1425:91292172288;GPU-2deeb77e-df41-879f-7601-d6296d16a8ff:68947017728;GPU-3a4be627-e52a-042d-9cd5-5c1377c672da:91292172288;GPU-5118acb4-22bd-f74f-ea1f-2c8cfe790a1d:91292172288;GPU-a27c88e4-e53e-7d6a-3abd-07b141b57ce6:91292172288;GPU-a2848da1-0f8a-a8cf-c763-0ef502d06fec:91292172288;GPU-da4fcc29-b899-580b-92b6-f0cb14f70f21:91292172288;GPU-e7cda51a-7d52-6ed3-329d-5434ddea4232:69131567104;,GPU-1c734bb9-241d-d316-e881-5d070a9a1425:192265846784;GPU-2deeb77e-df41-879f-7601-d6296d16a8ff:192265846784;GPU-3a4be627-e52a-042d-9cd5-5c1377c672da:192265846784;GPU-5118acb4-22bd-f74f-ea1f-2c8cfe790a1d:192265846784;GPU-a27c88e4-e53e-7d6a-3abd-07b141b57ce6:192265846784;GPU-a2848da1-0f8a-a8cf-c763-0ef502d06fec:192265846784;GPU-da4fcc29-b899-580b-92b6-f0cb14f70f21:192265846784;GPU-e7cda51a-7d52-6ed3-329d-5434ddea4232:192265846784;
meta-llama,2,8,1:24:8,17,11.148,54,860,6376482,15,5749663,38,0,12038878,13164758,14021986,14632098,54,12127052,GPU-1c734bb9-241d-d316-e881-5d070a9a1425:0.482068;GPU-2deeb77e-df41-879f-7601-d6296d16a8ff:0.3675;GPU-3a4be627-e52a-042d-9cd5-5c1377c672da:0.48591;GPU-5118acb4-22bd-f74f-ea1f-2c8cfe790a1d:0.475494;GPU-a27c88e4-e53e-7d6a-3abd-07b141b57ce6:0.48;GPU-a2848da1-0f8a-a8cf-c763-0ef502d06fec:0.477747;GPU-da4fcc29-b899-580b-92b6-f0cb14f70f21:0.477176;GPU-e7cda51a-7d52-6ed3-329d-5434ddea4232:0.252809;,GPU-1c734bb9-241d-d316-e881-5d070a9a1425:322.788;GPU-2deeb77e-df41-879f-7601-d6296d16a8ff:265.485;GPU-3a4be627-e52a-042d-9cd5-5c1377c672da:320.681;GPU-5118acb4-22bd-f74f-ea1f-2c8cfe790a1d:311.412;GPU-a27c88e4-e53e-7d6a-3abd-07b141b57ce6:317.387;GPU-a2848da1-0f8a-a8cf-c763-0ef502d06fec:311.546;GPU-da4fcc29-b899-580b-92b6-f0cb14f70f21:320.295;GPU-e7cda51a-7d52-6ed3-329d-5434ddea4232:285.109;,GPU-1c734bb9-241d-d316-e881-5d070a9a1425:91292172288;GPU-2deeb77e-df41-879f-7601-d6296d16a8ff:68947017728;GPU-3a4be627-e52a-042d-9cd5-5c1377c672da:91292172288;GPU-5118acb4-22bd-f74f-ea1f-2c8cfe790a1d:91292172288;GPU-a27c88e4-e53e-7d6a-3abd-07b141b57ce6:91292172288;GPU-a2848da1-0f8a-a8cf-c763-0ef502d06fec:91292172288;GPU-da4fcc29-b899-580b-92b6-f0cb14f70f21:91292172288;GPU-e7cda51a-7d52-6ed3-329d-5434ddea4232:69131567104;,GPU-1c734bb9-241d-d316-e881-5d070a9a1425:192265846784;GPU-2deeb77e-df41-879f-7601-d6296d16a8ff:192265846784;GPU-3a4be627-e52a-042d-9cd5-5c1377c672da:192265846784;GPU-5118acb4-22bd-f74f-ea1f-2c8cfe790a1d:192265846784;GPU-a27c88e4-e53e-7d6a-3abd-07b141b57ce6:192265846784;GPU-a2848da1-0f8a-a8cf-c763-0ef502d06fec:192265846784;GPU-da4fcc29-b899-580b-92b6-f0cb14f70f21:192265846784;GPU-e7cda51a-7d52-6ed3-329d-5434ddea4232:192265846784;
meta-llama,2,8,1:128:16,1,2.93825,52,853,282,21,2718614,40,0,2724221,2801388,2807966,2833359,52,2719804,GPU-1c734bb9-241d-d316-e881-5d070a9a1425:0.0770216;GPU-2deeb77e-df41-879f-7601-d6296d16a8ff:0.0719599;GPU-3a4be627-e52a-042d-9cd5-5c1377c672da:0.0763272;GPU-5118acb4-22bd-f74f-ea1f-2c8cfe790a1d:0.0770988;GPU-a27c88e4-e53e-7d6a-3abd-07b141b57ce6:0.0773148;GPU-a2848da1-0f8a-a8cf-c763-0ef502d06fec:0.0775772;GPU-da4fcc29-b899-580b-92b6-f0cb14f70f21:0.0772994;GPU-e7cda51a-7d52-6ed3-329d-5434ddea4232:0.041821;,GPU-1c734bb9-241d-d316-e881-5d070a9a1425:265.015;GPU-2deeb77e-df41-879f-7601-d6296d16a8ff:247.777;GPU-3a4be627-e52a-042d-9cd5-5c1377c672da:264.295;GPU-5118acb4-22bd-f74f-ea1f-2c8cfe790a1d:256.128;GPU-a27c88e4-e53e-7d6a-3abd-07b141b57ce6:261.81;GPU-a2848da1-0f8a-a8cf-c763-0ef502d06fec:256.443;GPU-da4fcc29-b899-580b-92b6-f0cb14f70f21:263.389;GPU-e7cda51a-7d52-6ed3-329d-5434ddea4232:254.961;,GPU-1c734bb9-241d-d316-e881-5d070a9a1425:91845820416;GPU-2deeb77e-df41-879f-7601-d6296d16a8ff:69500665856;GPU-3a4be627-e52a-042d-9cd5-5c1377c672da:91845820416;GPU-5118acb4-22bd-f74f-ea1f-2c8cfe790a1d:91845820416;GPU-a27c88e4-e53e-7d6a-3abd-07b141b57ce6:91845820416;GPU-a2848da1-0f8a-a8cf-c763-0ef502d06fec:91845820416;GPU-da4fcc29-b899-580b-92b6-f0cb14f70f21:91845820416;GPU-e7cda51a-7d52-6ed3-329d-5434ddea4232:69685215232;,GPU-1c734bb9-241d-d316-e881-5d070a9a1425:192265846784;GPU-2deeb77e-df41-879f-7601-d6296d16a8ff:192265846784;GPU-3a4be627-e52a-042d-9cd5-5c1377c672da:192265846784;GPU-5118acb4-22bd-f74f-ea1f-2c8cfe790a1d:192265846784;GPU-a27c88e4-e53e-7d6a-3abd-07b141b57ce6:192265846784;GPU-a2848da1-0f8a-a8cf-c763-0ef502d06fec:192265846784;GPU-da4fcc29-b899-580b-92b6-f0cb14f70f21:192265846784;GPU-e7cda51a-7d52-6ed3-329d-5434ddea4232:192265846784;
meta-llama,2,8,1:128:16,49,11.074,82,849,29006861,15,5763598,39,0,35105436,36593205,36960235,37603610,82,34771353,GPU-1c734bb9-241d-d316-e881-5d070a9a1425:0.484722;GPU-2deeb77e-df41-879f-7601-d6296d16a8ff:0.363843;GPU-3a4be627-e52a-042d-9cd5-5c1377c672da:0.486481;GPU-5118acb4-22bd-f74f-ea1f-2c8cfe790a1d:0.47733;GPU-a27c88e4-e53e-7d6a-3abd-07b141b57ce6:0.477269;GPU-a2848da1-0f8a-a8cf-c763-0ef502d06fec:0.481543;GPU-da4fcc29-b899-580b-92b6-f0cb14f70f21:0.475525;GPU-e7cda51a-7d52-6ed3-329d-5434ddea4232:0.252963;,GPU-1c734bb9-241d-d316-e881-5d070a9a1425:322.426;GPU-2deeb77e-df41-879f-7601-d6296d16a8ff:264.857;GPU-3a4be627-e52a-042d-9cd5-5c1377c672da:320.511;GPU-5118acb4-22bd-f74f-ea1f-2c8cfe790a1d:311.023;GPU-a27c88e4-e53e-7d6a-3abd-07b141b57ce6:317.014;GPU-a2848da1-0f8a-a8cf-c763-0ef502d06fec:311.155;GPU-da4fcc29-b899-580b-92b6-f0cb14f70f21:319.602;GPU-e7cda51a-7d52-6ed3-329d-5434ddea4232:284.34;,GPU-1c734bb9-241d-d316-e881-5d070a9a1425:91845820416;GPU-2deeb77e-df41-879f-7601-d6296d16a8ff:69500665856;GPU-3a4be627-e52a-042d-9cd5-5c1377c672da:91845820416;GPU-5118acb4-22bd-f74f-ea1f-2c8cfe790a1d:91845820416;GPU-a27c88e4-e53e-7d6a-3abd-07b141b57ce6:91845820416;GPU-a2848da1-0f8a-a8cf-c763-0ef502d06fec:91845820416;GPU-da4fcc29-b899-580b-92b6-f0cb14f70f21:91845820416;GPU-e7cda51a-7d52-6ed3-329d-5434ddea4232:69685215232;,GPU-1c734bb9-241d-d316-e881-5d070a9a1425:192265846784;GPU-2deeb77e-df41-879f-7601-d6296d16a8ff:192265846784;GPU-3a4be627-e52a-042d-9cd5-5c1377c672da:192265846784;GPU-5118acb4-22bd-f74f-ea1f-2c8cfe790a1d:192265846784;GPU-a27c88e4-e53e-7d6a-3abd-07b141b57ce6:192265846784;GPU-a2848da1-0f8a-a8cf-c763-0ef502d06fec:192265846784;GPU-da4fcc29-b899-580b-92b6-f0cb14f70f21:192265846784;GPU-e7cda51a-7d52-6ed3-329d-5434ddea4232:192265846784;
meta-llama,2,8,1:128:16,17,11.0863,57,817,6397049,14,5738985,39,0,11770287,14964239,15376687,15749333,57,12136895,GPU-1c734bb9-241d-d316-e881-5d070a9a1425:0.491235;GPU-2deeb77e-df41-879f-7601-d6296d16a8ff:0.37037;GPU-3a4be627-e52a-042d-9cd5-5c1377c672da:0.486991;GPU-5118acb4-22bd-f74f-ea1f-2c8cfe790a1d:0.485756;GPU-a27c88e4-e53e-7d6a-3abd-07b141b57ce6:0.491512;GPU-a2848da1-0f8a-a8cf-c763-0ef502d06fec:0.490293;GPU-da4fcc29-b899-580b-92b6-f0cb14f70f21:0.480602;GPU-e7cda51a-7d52-6ed3-329d-5434ddea4232:0.253673;,GPU-1c734bb9-241d-d316-e881-5d070a9a1425:322.532;GPU-2deeb77e-df41-879f-7601-d6296d16a8ff:265.226;GPU-3a4be627-e52a-042d-9cd5-5c1377c672da:320.384;GPU-5118acb4-22bd-f74f-ea1f-2c8cfe790a1d:311.454;GPU-a27c88e4-e53e-7d6a-3abd-07b141b57ce6:317.603;GPU-a2848da1-0f8a-a8cf-c763-0ef502d06fec:311.364;GPU-da4fcc29-b899-580b-92b6-f0cb14f70f21:320.028;GPU-e7cda51a-7d52-6ed3-329d-5434ddea4232:284.311;,GPU-1c734bb9-241d-d316-e881-5d070a9a1425:91845820416;GPU-2deeb77e-df41-879f-7601-d6296d16a8ff:69500665856;GPU-3a4be627-e52a-042d-9cd5-5c1377c672da:91845820416;GPU-5118acb4-22bd-f74f-ea1f-2c8cfe790a1d:91845820416;GPU-a27c88e4-e53e-7d6a-3abd-07b141b57ce6:91845820416;GPU-a2848da1-0f8a-a8cf-c763-0ef502d06fec:91845820416;GPU-da4fcc29-b899-580b-92b6-f0cb14f70f21:91845820416;GPU-e7cda51a-7d52-6ed3-329d-5434ddea4232:69685215232;,GPU-1c734bb9-241d-d316-e881-5d070a9a1425:192265846784;GPU-2deeb77e-df41-879f-7601-d6296d16a8ff:192265846784;GPU-3a4be627-e52a-042d-9cd5-5c1377c672da:192265846784;GPU-5118acb4-22bd-f74f-ea1f-2c8cfe790a1d:192265846784;GPU-a27c88e4-e53e-7d6a-3abd-07b141b57ce6:192265846784;GPU-a2848da1-0f8a-a8cf-c763-0ef502d06fec:192265846784;GPU-da4fcc29-b899-580b-92b6-f0cb14f70f21:192265846784;GPU-e7cda51a-7d52-6ed3-329d-5434ddea4232:192265846784;
meta-llama,2,8,1:128:16,97,11.1233,62,810,62984310,15,5764650,40,0,69697771,71657702,72204723,72751991,62,68749816,GPU-1c734bb9-241d-d316-e881-5d070a9a1425:0.488086;GPU-2deeb77e-df41-879f-7601-d6296d16a8ff:0.368673;GPU-3a4be627-e52a-042d-9cd5-5c1377c672da:0.48125;GPU-5118acb4-22bd-f74f-ea1f-2c8cfe790a1d:0.482824;GPU-a27c88e4-e53e-7d6a-3abd-07b141b57ce6:0.484846;GPU-a2848da1-0f8a-a8cf-c763-0ef502d06fec:0.487531;GPU-da4fcc29-b899-580b-92b6-f0cb14f70f21:0.482485;GPU-e7cda51a-7d52-6ed3-329d-5434ddea4232:0.251852;,GPU-1c734bb9-241d-d316-e881-5d070a9a1425:320.592;GPU-2deeb77e-df41-879f-7601-d6296d16a8ff:264.361;GPU-3a4be627-e52a-042d-9cd5-5c1377c672da:319.112;GPU-5118acb4-22bd-f74f-ea1f-2c8cfe790a1d:310.176;GPU-a27c88e4-e53e-7d6a-3abd-07b141b57ce6:316.442;GPU-a2848da1-0f8a-a8cf-c763-0ef502d06fec:310.275;GPU-da4fcc29-b899-580b-92b6-f0cb14f70f21:318.815;GPU-e7cda51a-7d52-6ed3-329d-5434ddea4232:283.258;,GPU-1c734bb9-241d-d316-e881-5d070a9a1425:91845820416;GPU-2deeb77e-df41-879f-7601-d6296d16a8ff:69500665856;GPU-3a4be627-e52a-042d-9cd5-5c1377c672da:91845820416;GPU-5118acb4-22bd-f74f-ea1f-2c8cfe790a1d:91845820416;GPU-a27c88e4-e53e-7d6a-3abd-07b141b57ce6:91845820416;GPU-a2848da1-0f8a-a8cf-c763-0ef502d06fec:91845820416;GPU-da4fcc29-b899-580b-92b6-f0cb14f70f21:91845820416;GPU-e7cda51a-7d52-6ed3-329d-5434ddea4232:69685215232;,GPU-1c734bb9-241d-d316-e881-5d070a9a1425:192265846784;GPU-2deeb77e-df41-879f-7601-d6296d16a8ff:192265846784;GPU-3a4be627-e52a-042d-9cd5-5c1377c672da:192265846784;GPU-5118acb4-22bd-f74f-ea1f-2c8cfe790a1d:192265846784;GPU-a27c88e4-e53e-7d6a-3abd-07b141b57ce6:192265846784;GPU-a2848da1-0f8a-a8cf-c763-0ef502d06fec:192265846784;GPU-da4fcc29-b899-580b-92b6-f0cb14f70f21:192265846784;GPU-e7cda51a-7d52-6ed3-329d-5434ddea4232:192265846784;
meta-llama,2,8,1:128:16,33,11.1357,59,818,17657201,14,5756930,39,0,23469252,25557831,26152217,26976123,59,23414993,GPU-1c734bb9-241d-d316-e881-5d070a9a1425:0.496497;GPU-2deeb77e-df41-879f-7601-d6296d16a8ff:0.375278;GPU-3a4be627-e52a-042d-9cd5-5c1377c672da:0.487824;GPU-5118acb4-22bd-f74f-ea1f-2c8cfe790a1d:0.485617;GPU-a27c88e4-e53e-7d6a-3abd-07b141b57ce6:0.495787;GPU-a2848da1-0f8a-a8cf-c763-0ef502d06fec:0.489846;GPU-da4fcc29-b899-580b-92b6-f0cb14f70f21:0.488472;GPU-e7cda51a-7d52-6ed3-329d-5434ddea4232:0.255802;,GPU-1c734bb9-241d-d316-e881-5d070a9a1425:322.679;GPU-2deeb77e-df41-879f-7601-d6296d16a8ff:265.228;GPU-3a4be627-e52a-042d-9cd5-5c1377c672da:320.642;GPU-5118acb4-22bd-f74f-ea1f-2c8cfe790a1d:311.274;GPU-a27c88e4-e53e-7d6a-3abd-07b141b57ce6:317.388;GPU-a2848da1-0f8a-a8cf-c763-0ef502d06fec:311.386;GPU-da4fcc29-b899-580b-92b6-f0cb14f70f21:320.19;GPU-e7cda51a-7d52-6ed3-329d-5434ddea4232:284.217;,GPU-1c734bb9-241d-d316-e881-5d070a9a1425:91845820416;GPU-2deeb77e-df41-879f-7601-d6296d16a8ff:69500665856;GPU-3a4be627-e52a-042d-9cd5-5c1377c672da:91845820416;GPU-5118acb4-22bd-f74f-ea1f-2c8cfe790a1d:91845820416;GPU-a27c88e4-e53e-7d6a-3abd-07b141b57ce6:91845820416;GPU-a2848da1-0f8a-a8cf-c763-0ef502d06fec:91845820416;GPU-da4fcc29-b899-580b-92b6-f0cb14f70f21:91845820416;GPU-e7cda51a-7d52-6ed3-329d-5434ddea4232:69685215232;,GPU-1c734bb9-241d-d316-e881-5d070a9a1425:192265846784;GPU-2deeb77e-df41-879f-7601-d6296d16a8ff:192265846784;GPU-3a4be627-e52a-042d-9cd5-5c1377c672da:192265846784;GPU-5118acb4-22bd-f74f-ea1f-2c8cfe790a1d:192265846784;GPU-a27c88e4-e53e-7d6a-3abd-07b141b57ce6:192265846784;GPU-a2848da1-0f8a-a8cf-c763-0ef502d06fec:192265846784;GPU-da4fcc29-b899-580b-92b6-f0cb14f70f21:192265846784;GPU-e7cda51a-7d52-6ed3-329d-5434ddea4232:192265846784;
meta-llama,2,8,1:128:16,81,11.148,61,835,51420646,15,5739463,41,0,57926914,59151643,59650748,60232443,61,57160991,GPU-1c734bb9-241d-d316-e881-5d070a9a1425:0.492469;GPU-2deeb77e-df41-879f-7601-d6296d16a8ff:0.368565;GPU-3a4be627-e52a-042d-9cd5-5c1377c672da:0.491343;GPU-5118acb4-22bd-f74f-ea1f-2c8cfe790a1d:0.481096;GPU-a27c88e4-e53e-7d6a-3abd-07b141b57ce6:0.488966;GPU-a2848da1-0f8a-a8cf-c763-0ef502d06fec:0.486358;GPU-da4fcc29-b899-580b-92b6-f0cb14f70f21:0.48216;GPU-e7cda51a-7d52-6ed3-329d-5434ddea4232:0.2525;,GPU-1c734bb9-241d-d316-e881-5d070a9a1425:321.347;GPU-2deeb77e-df41-879f-7601-d6296d16a8ff:264.671;GPU-3a4be627-e52a-042d-9cd5-5c1377c672da:319.999;GPU-5118acb4-22bd-f74f-ea1f-2c8cfe790a1d:310.815;GPU-a27c88e4-e53e-7d6a-3abd-07b141b57ce6:317.088;GPU-a2848da1-0f8a-a8cf-c763-0ef502d06fec:311.03;GPU-da4fcc29-b899-580b-92b6-f0cb14f70f21:319.853;GPU-e7cda51a-7d52-6ed3-329d-5434ddea4232:283.735;,GPU-1c734bb9-241d-d316-e881-5d070a9a1425:91845820416;GPU-2deeb77e-df41-879f-7601-d6296d16a8ff:69500665856;GPU-3a4be627-e52a-042d-9cd5-5c1377c672da:91845820416;GPU-5118acb4-22bd-f74f-ea1f-2c8cfe790a1d:91845820416;GPU-a27c88e4-e53e-7d6a-3abd-07b141b57ce6:91845820416;GPU-a2848da1-0f8a-a8cf-c763-0ef502d06fec:91845820416;GPU-da4fcc29-b899-580b-92b6-f0cb14f70f21:91845820416;GPU-e7cda51a-7d52-6ed3-329d-5434ddea4232:69685215232;,GPU-1c734bb9-241d-d316-e881-5d070a9a1425:192265846784;GPU-2deeb77e-df41-879f-7601-d6296d16a8ff:192265846784;GPU-3a4be627-e52a-042d-9cd5-5c1377c672da:192265846784;GPU-5118acb4-22bd-f74f-ea1f-2c8cfe790a1d:192265846784;GPU-a27c88e4-e53e-7d6a-3abd-07b141b57ce6:192265846784;GPU-a2848da1-0f8a-a8cf-c763-0ef502d06fec:192265846784;GPU-da4fcc29-b899-580b-92b6-f0cb14f70f21:192265846784;GPU-e7cda51a-7d52-6ed3-329d-5434ddea4232:192265846784;
meta-llama,2,8,1:128:16,113,11.1603,70,827,73800618,15,5728191,40,0,80552982,81865826,82209524,82982632,70,79529683,GPU-1c734bb9-241d-d316-e881-5d070a9a1425:0.496543;GPU-2deeb77e-df41-879f-7601-d6296d16a8ff:0.36696;GPU-3a4be627-e52a-042d-9cd5-5c1377c672da:0.487932;GPU-5118acb4-22bd-f74f-ea1f-2c8cfe790a1d:0.480417;GPU-a27c88e4-e53e-7d6a-3abd-07b141b57ce6:0.478102;GPU-a2848da1-0f8a-a8cf-c763-0ef502d06fec:0.49213;GPU-da4fcc29-b899-580b-92b6-f0cb14f70f21:0.485494;GPU-e7cda51a-7d52-6ed3-329d-5434ddea4232:0.255;,GPU-1c734bb9-241d-d316-e881-5d070a9a1425:320.869;GPU-2deeb77e-df41-879f-7601-d6296d16a8ff:264.109;GPU-3a4be627-e52a-042d-9cd5-5c1377c672da:319.615;GPU-5118acb4-22bd-f74f-ea1f-2c8cfe790a1d:310.283;GPU-a27c88e4-e53e-7d6a-3abd-07b141b57ce6:316.455;GPU-a2848da1-0f8a-a8cf-c763-0ef502d06fec:310.334;GPU-da4fcc29-b899-580b-92b6-f0cb14f70f21:318.928;GPU-e7cda51a-7d52-6ed3-329d-5434ddea4232:283.215;,GPU-1c734bb9-241d-d316-e881-5d070a9a1425:91845820416;GPU-2deeb77e-df41-879f-7601-d6296d16a8ff:69500665856;GPU-3a4be627-e52a-042d-9cd5-5c1377c672da:91845820416;GPU-5118acb4-22bd-f74f-ea1f-2c8cfe790a1d:91845820416;GPU-a27c88e4-e53e-7d6a-3abd-07b141b57ce6:91845820416;GPU-a2848da1-0f8a-a8cf-c763-0ef502d06fec:91845820416;GPU-da4fcc29-b899-580b-92b6-f0cb14f70f21:91845820416;GPU-e7cda51a-7d52-6ed3-329d-5434ddea4232:69685215232;,GPU-1c734bb9-241d-d316-e881-5d070a9a1425:192265846784;GPU-2deeb77e-df41-879f-7601-d6296d16a8ff:192265846784;GPU-3a4be627-e52a-042d-9cd5-5c1377c672da:192265846784;GPU-5118acb4-22bd-f74f-ea1f-2c8cfe790a1d:192265846784;GPU-a27c88e4-e53e-7d6a-3abd-07b141b57ce6:192265846784;GPU-a2848da1-0f8a-a8cf-c763-0ef502d06fec:192265846784;GPU-da4fcc29-b899-580b-92b6-f0cb14f70f21:192265846784;GPU-e7cda51a-7d52-6ed3-329d-5434ddea4232:192265846784;
meta-llama,2,8,1:128:16,65,11.1851,59,812,40097484,14,5733097,40,0,46316885,47785988,48174206,48713113,59,45831439,GPU-1c734bb9-241d-d316-e881-5d070a9a1425:0.487299;GPU-2deeb77e-df41-879f-7601-d6296d16a8ff:0.367608;GPU-3a4be627-e52a-042d-9cd5-5c1377c672da:0.487824;GPU-5118acb4-22bd-f74f-ea1f-2c8cfe790a1d:0.476759;GPU-a27c88e4-e53e-7d6a-3abd-07b141b57ce6:0.478364;GPU-a2848da1-0f8a-a8cf-c763-0ef502d06fec:0.490972;GPU-da4fcc29-b899-580b-92b6-f0cb14f70f21:0.479568;GPU-e7cda51a-7d52-6ed3-329d-5434ddea4232:0.254784;,GPU-1c734bb9-241d-d316-e881-5d070a9a1425:321.904;GPU-2deeb77e-df41-879f-7601-d6296d16a8ff:264.785;GPU-3a4be627-e52a-042d-9cd5-5c1377c672da:320.195;GPU-5118acb4-22bd-f74f-ea1f-2c8cfe790a1d:311.048;GPU-a27c88e4-e53e-7d6a-3abd-07b141b57ce6:317.027;GPU-a2848da1-0f8a-a8cf-c763-0ef502d06fec:311.158;GPU-da4fcc29-b899-580b-92b6-f0cb14f70f21:319.625;GPU-e7cda51a-7d52-6ed3-329d-5434ddea4232:283.965;,GPU-1c734bb9-241d-d316-e881-5d070a9a1425:91845820416;GPU-2deeb77e-df41-879f-7601-d6296d16a8ff:69500665856;GPU-3a4be627-e52a-042d-9cd5-5c1377c672da:91845820416;GPU-5118acb4-22bd-f74f-ea1f-2c8cfe790a1d:91845820416;GPU-a27c88e4-e53e-7d6a-3abd-07b141b57ce6:91845820416;GPU-a2848da1-0f8a-a8cf-c763-0ef502d06fec:91845820416;GPU-da4fcc29-b899-580b-92b6-f0cb14f70f21:91845820416;GPU-e7cda51a-7d52-6ed3-329d-5434ddea4232:69685215232;,GPU-1c734bb9-241d-d316-e881-5d070a9a1425:192265846784;GPU-2deeb77e-df41-879f-7601-d6296d16a8ff:192265846784;GPU-3a4be627-e52a-042d-9cd5-5c1377c672da:192265846784;GPU-5118acb4-22bd-f74f-ea1f-2c8cfe790a1d:192265846784;GPU-a27c88e4-e53e-7d6a-3abd-07b141b57ce6:192265846784;GPU-a2848da1-0f8a-a8cf-c763-0ef502d06fec:192265846784;GPU-da4fcc29-b899-580b-92b6-f0cb14f70f21:192265846784;GPU-e7cda51a-7d52-6ed3-329d-5434ddea4232:192265846784;
meta-llama,3,8,1:24:8,1,3.04935,53,826,276,21,2618402,41,0,2623665,2661056,2663168,2670830,53,2619559,GPU-1c734bb9-241d-d316-e881-5d070a9a1425:0.101836;GPU-2deeb77e-df41-879f-7601-d6296d16a8ff:0.0884722;GPU-3a4be627-e52a-042d-9cd5-5c1377c672da:0.10216;GPU-5118acb4-22bd-f74f-ea1f-2c8cfe790a1d:0.102361;GPU-a27c88e4-e53e-7d6a-3abd-07b141b57ce6:0.101806;GPU-a2848da1-0f8a-a8cf-c763-0ef502d06fec:0.103056;GPU-da4fcc29-b899-580b-92b6-f0cb14f70f21:0.102577;GPU-e7cda51a-7d52-6ed3-329d-5434ddea4232:0.0668056;,GPU-1c734bb9-241d-d316-e881-5d070a9a1425:281.695;GPU-2deeb77e-df41-879f-7601-d6296d16a8ff:250.021;GPU-3a4be627-e52a-042d-9cd5-5c1377c672da:280.815;GPU-5118acb4-22bd-f74f-ea1f-2c8cfe790a1d:273.022;GPU-a27c88e4-e53e-7d6a-3abd-07b141b57ce6:278.579;GPU-a2848da1-0f8a-a8cf-c763-0ef502d06fec:273.275;GPU-da4fcc29-b899-580b-92b6-f0cb14f70f21:280.013;GPU-e7cda51a-7d52-6ed3-329d-5434ddea4232:263.482;,GPU-1c734bb9-241d-d316-e881-5d070a9a1425:95287246848;GPU-2deeb77e-df41-879f-7601-d6296d16a8ff:72958869504;GPU-3a4be627-e52a-042d-9cd5-5c1377c672da:95287246848;GPU-5118acb4-22bd-f74f-ea1f-2c8cfe790a1d:95287246848;GPU-a27c88e4-e53e-7d6a-3abd-07b141b57ce6:95287246848;GPU-a2848da1-0f8a-a8cf-c763-0ef502d06fec:95287246848;GPU-da4fcc29-b899-580b-92b6-f0cb14f70f21:95287246848;GPU-e7cda51a-7d52-6ed3-329d-5434ddea4232:73059532800;,GPU-1c734bb9-241d-d316-e881-5d070a9a1425:192265846784;GPU-2deeb77e-df41-879f-7601-d6296d16a8ff:192265846784;GPU-3a4be627-e52a-042d-9cd5-5c1377c672da:192265846784;GPU-5118acb4-22bd-f74f-ea1f-2c8cfe790a1d:192265846784;GPU-a27c88e4-e53e-7d6a-3abd-07b141b57ce6:192265846784;GPU-a2848da1-0f8a-a8cf-c763-0ef502d06fec:192265846784;GPU-da4fcc29-b899-580b-92b6-f0cb14f70f21:192265846784;GPU-e7cda51a-7d52-6ed3-329d-5434ddea4232:192265846784;
meta-llama,3,8,1:24:8,17,9.97521,54,850,7117536,15,6401622,40,0,13280085,15483442,16106234,16722393,54,13520055,GPU-1c734bb9-241d-d316-e881-5d070a9a1425:0.513457;GPU-2deeb77e-df41-879f-7601-d6296d16a8ff:0.350077;GPU-3a4be627-e52a-042d-9cd5-5c1377c672da:0.517037;GPU-5118acb4-22bd-f74f-ea1f-2c8cfe790a1d:0.50287;GPU-a27c88e4-e53e-7d6a-3abd-07b141b57ce6:0.518657;GPU-a2848da1-0f8a-a8cf-c763-0ef502d06fec:0.531929;GPU-da4fcc29-b899-580b-92b6-f0cb14f70f21:0.519645;GPU-e7cda51a-7d52-6ed3-329d-5434ddea4232:0.265926;,GPU-1c734bb9-241d-d316-e881-5d070a9a1425:372.954;GPU-2deeb77e-df41-879f-7601-d6296d16a8ff:273.207;GPU-3a4be627-e52a-042d-9cd5-5c1377c672da:370.845;GPU-5118acb4-22bd-f74f-ea1f-2c8cfe790a1d:361.031;GPU-a27c88e4-e53e-7d6a-3abd-07b141b57ce6:367.287;GPU-a2848da1-0f8a-a8cf-c763-0ef502d06fec:360.444;GPU-da4fcc29-b899-580b-92b6-f0cb14f70f21:371.878;GPU-e7cda51a-7d52-6ed3-329d-5434ddea4232:311.285;,GPU-1c734bb9-241d-d316-e881-5d070a9a1425:95287246848;GPU-2deeb77e-df41-879f-7601-d6296d16a8ff:72958869504;GPU-3a4be627-e52a-042d-9cd5-5c1377c672da:95287246848;GPU-5118acb4-22bd-f74f-ea1f-2c8cfe790a1d:95287246848;GPU-a27c88e4-e53e-7d6a-3abd-07b141b57ce6:95287246848;GPU-a2848da1-0f8a-a8cf-c763-0ef502d06fec:95287246848;GPU-da4fcc29-b899-580b-92b6-f0cb14f70f21:95287246848;GPU-e7cda51a-7d52-6ed3-329d-5434ddea4232:73059532800;,GPU-1c734bb9-241d-d316-e881-5d070a9a1425:192265846784;GPU-2deeb77e-df41-879f-7601-d6296d16a8ff:192265846784;GPU-3a4be627-e52a-042d-9cd5-5c1377c672da:192265846784;GPU-5118acb4-22bd-f74f-ea1f-2c8cfe790a1d:192265846784;GPU-a27c88e4-e53e-7d6a-3abd-07b141b57ce6:192265846784;GPU-a2848da1-0f8a-a8cf-c763-0ef502d06fec:192265846784;GPU-da4fcc29-b899-580b-92b6-f0cb14f70f21:192265846784;GPU-e7cda51a-7d52-6ed3-329d-5434ddea4232:192265846784;
meta-llama,3,8,1:24:8,9,10.0616,53,834,797141,15,6386906,39,0,6822606,8888139,9381139,10059134,53,7184927,GPU-1c734bb9-241d-d316-e881-5d070a9a1425:0.52;GPU-2deeb77e-df41-879f-7601-d6296d16a8ff:0.346065;GPU-3a4be627-e52a-042d-9cd5-5c1377c672da:0.514907;GPU-5118acb4-22bd-f74f-ea1f-2c8cfe790a1d:0.506235;GPU-a27c88e4-e53e-7d6a-3abd-07b141b57ce6:0.514012;GPU-a2848da1-0f8a-a8cf-c763-0ef502d06fec:0.518812;GPU-da4fcc29-b899-580b-92b6-f0cb14f70f21:0.511713;GPU-e7cda51a-7d52-6ed3-329d-5434ddea4232:0.263457;,GPU-1c734bb9-241d-d316-e881-5d070a9a1425:372.828;GPU-2deeb77e-df41-879f-7601-d6296d16a8ff:273.158;GPU-3a4be627-e52a-042d-9cd5-5c1377c672da:370.654;GPU-5118acb4-22bd-f74f-ea1f-2c8cfe790a1d:360.58;GPU-a27c88e4-e53e-7d6a-3abd-07b141b57ce6:367.232;GPU-a2848da1-0f8a-a8cf-c763-0ef502d06fec:360.181;GPU-da4fcc29-b899-580b-92b6-f0cb14f70f21:371.114;GPU-e7cda51a-7d52-6ed3-329d-5434ddea4232:310.836;,GPU-1c734bb9-241d-d316-e881-5d070a9a1425:95287246848;GPU-2deeb77e-df41-879f-7601-d6296d16a8ff:72958869504;GPU-3a4be627-e52a-042d-9cd5-5c1377c672da:95287246848;GPU-5118acb4-22bd-f74f-ea1f-2c8cfe790a1d:95287246848;GPU-a27c88e4-e53e-7d6a-3abd-07b141b57ce6:95287246848;GPU-a2848da1-0f8a-a8cf-c763-0ef502d06fec:95287246848;GPU-da4fcc29-b899-580b-92b6-f0cb14f70f21:95287246848;GPU-e7cda51a-7d52-6ed3-329d-5434ddea4232:73059532800;,GPU-1c734bb9-241d-d316-e881-5d070a9a1425:192265846784;GPU-2deeb77e-df41-879f-7601-d6296d16a8ff:192265846784;GPU-3a4be627-e52a-042d-9cd5-5c1377c672da:192265846784;GPU-5118acb4-22bd-f74f-ea1f-2c8cfe790a1d:192265846784;GPU-a27c88e4-e53e-7d6a-3abd-07b141b57ce6:192265846784;GPU-a2848da1-0f8a-a8cf-c763-0ef502d06fec:192265846784;GPU-da4fcc29-b899-580b-92b6-f0cb14f70f21:192265846784;GPU-e7cda51a-7d52-6ed3-329d-5434ddea4232:192265846784;
meta-llama,3,8,1:128:16,1,2.99998,52,810,278,22,2665013,41,0,2654429,2750871,2761267,2783409,52,2666158,GPU-1c734bb9-241d-d316-e881-5d070a9a1425:0.100293;GPU-2deeb77e-df41-879f-7601-d6296d16a8ff:0.0874383;GPU-3a4be627-e52a-042d-9cd5-5c1377c672da:0.101065;GPU-5118acb4-22bd-f74f-ea1f-2c8cfe790a1d:0.100123;GPU-a27c88e4-e53e-7d6a-3abd-07b141b57ce6:0.10091;GPU-a2848da1-0f8a-a8cf-c763-0ef502d06fec:0.1025;GPU-da4fcc29-b899-580b-92b6-f0cb14f70f21:0.101019;GPU-e7cda51a-7d52-6ed3-329d-5434ddea4232:0.0653549;,GPU-1c734bb9-241d-d316-e881-5d070a9a1425:281.28;GPU-2deeb77e-df41-879f-7601-d6296d16a8ff:249.856;GPU-3a4be627-e52a-042d-9cd5-5c1377c672da:280.427;GPU-5118acb4-22bd-f74f-ea1f-2c8cfe790a1d:272.426;GPU-a27c88e4-e53e-7d6a-3abd-07b141b57ce6:278.449;GPU-a2848da1-0f8a-a8cf-c763-0ef502d06fec:272.766;GPU-da4fcc29-b899-580b-92b6-f0cb14f70f21:279.733;GPU-e7cda51a-7d52-6ed3-329d-5434ddea4232:263.301;,GPU-1c734bb9-241d-d316-e881-5d070a9a1425:95287246848;GPU-2deeb77e-df41-879f-7601-d6296d16a8ff:72958869504;GPU-3a4be627-e52a-042d-9cd5-5c1377c672da:95287246848;GPU-5118acb4-22bd-f74f-ea1f-2c8cfe790a1d:95287246848;GPU-a27c88e4-e53e-7d6a-3abd-07b141b57ce6:95287246848;GPU-a2848da1-0f8a-a8cf-c763-0ef502d06fec:95287246848;GPU-da4fcc29-b899-580b-92b6-f0cb14f70f21:95287246848;GPU-e7cda51a-7d52-6ed3-329d-5434ddea4232:73059532800;,GPU-1c734bb9-241d-d316-e881-5d070a9a1425:192265846784;GPU-2deeb77e-df41-879f-7601-d6296d16a8ff:192265846784;GPU-3a4be627-e52a-042d-9cd5-5c1377c672da:192265846784;GPU-5118acb4-22bd-f74f-ea1f-2c8cfe790a1d:192265846784;GPU-a27c88e4-e53e-7d6a-3abd-07b141b57ce6:192265846784;GPU-a2848da1-0f8a-a8cf-c763-0ef502d06fec:192265846784;GPU-da4fcc29-b899-580b-92b6-f0cb14f70f21:192265846784;GPU-e7cda51a-7d52-6ed3-329d-5434ddea4232:192265846784;
meta-llama,3,8,1:128:16,113,9.95031,143,847,82626544,14,6429203,39,0,90480683,92370031,92832779,93651582,143,89056638,GPU-1c734bb9-241d-d316-e881-5d070a9a1425:0.517191;GPU-2deeb77e-df41-879f-7601-d6296d16a8ff:0.347963;GPU-3a4be627-e52a-042d-9cd5-5c1377c672da:0.516204;GPU-5118acb4-22bd-f74f-ea1f-2c8cfe790a1d:0.512176;GPU-a27c88e4-e53e-7d6a-3abd-07b141b57ce6:0.518812;GPU-a2848da1-0f8a-a8cf-c763-0ef502d06fec:0.515154;GPU-da4fcc29-b899-580b-92b6-f0cb14f70f21:0.508194;GPU-e7cda51a-7d52-6ed3-329d-5434ddea4232:0.259599;,GPU-1c734bb9-241d-d316-e881-5d070a9a1425:371.929;GPU-2deeb77e-df41-879f-7601-d6296d16a8ff:272.28;GPU-3a4be627-e52a-042d-9cd5-5c1377c672da:369.064;GPU-5118acb4-22bd-f74f-ea1f-2c8cfe790a1d:360.162;GPU-a27c88e4-e53e-7d6a-3abd-07b141b57ce6:366.373;GPU-a2848da1-0f8a-a8cf-c763-0ef502d06fec:359.454;GPU-da4fcc29-b899-580b-92b6-f0cb14f70f21:370.295;GPU-e7cda51a-7d52-6ed3-329d-5434ddea4232:309.774;,GPU-1c734bb9-241d-d316-e881-5d070a9a1425:95287246848;GPU-2deeb77e-df41-879f-7601-d6296d16a8ff:72958869504;GPU-3a4be627-e52a-042d-9cd5-5c1377c672da:95287246848;GPU-5118acb4-22bd-f74f-ea1f-2c8cfe790a1d:95287246848;GPU-a27c88e4-e53e-7d6a-3abd-07b141b57ce6:95287246848;GPU-a2848da1-0f8a-a8cf-c763-0ef502d06fec:95287246848;GPU-da4fcc29-b899-580b-92b6-f0cb14f70f21:95287246848;GPU-e7cda51a-7d52-6ed3-329d-5434ddea4232:73059532800;,GPU-1c734bb9-241d-d316-e881-5d070a9a1425:192265846784;GPU-2deeb77e-df41-879f-7601-d6296d16a8ff:192265846784;GPU-3a4be627-e52a-042d-9cd5-5c1377c672da:192265846784;GPU-5118acb4-22bd-f74f-ea1f-2c8cfe790a1d:192265846784;GPU-a27c88e4-e53e-7d6a-3abd-07b141b57ce6:192265846784;GPU-a2848da1-0f8a-a8cf-c763-0ef502d06fec:192265846784;GPU-da4fcc29-b899-580b-92b6-f0cb14f70f21:192265846784;GPU-e7cda51a-7d52-6ed3-329d-5434ddea4232:192265846784;
meta-llama,3,8,1:128:16,33,9.96286,57,844,19648505,15,6427757,40,0,26271683,27845280,28474399,29762606,57,26077153,GPU-1c734bb9-241d-d316-e881-5d070a9a1425:0.518596;GPU-2deeb77e-df41-879f-7601-d6296d16a8ff:0.349198;GPU-3a4be627-e52a-042d-9cd5-5c1377c672da:0.518457;GPU-5118acb4-22bd-f74f-ea1f-2c8cfe790a1d:0.508256;GPU-a27c88e4-e53e-7d6a-3abd-07b141b57ce6:0.514722;GPU-a2848da1-0f8a-a8cf-c763-0ef502d06fec:0.527932;GPU-da4fcc29-b899-580b-92b6-f0cb14f70f21:0.517932;GPU-e7cda51a-7d52-6ed3-329d-5434ddea4232:0.265926;,GPU-1c734bb9-241d-d316-e881-5d070a9a1425:372.026;GPU-2deeb77e-df41-879f-7601-d6296d16a8ff:272.548;GPU-3a4be627-e52a-042d-9cd5-5c1377c672da:369.522;GPU-5118acb4-22bd-f74f-ea1f-2c8cfe790a1d:360.317;GPU-a27c88e4-e53e-7d6a-3abd-07b141b57ce6:366.266;GPU-a2848da1-0f8a-a8cf-c763-0ef502d06fec:359.634;GPU-da4fcc29-b899-580b-92b6-f0cb14f70f21:370.91;GPU-e7cda51a-7d52-6ed3-329d-5434ddea4232:310.494;,GPU-1c734bb9-241d-d316-e881-5d070a9a1425:95287246848;GPU-2deeb77e-df41-879f-7601-d6296d16a8ff:72958869504;GPU-3a4be627-e52a-042d-9cd5-5c1377c672da:95287246848;GPU-5118acb4-22bd-f74f-ea1f-2c8cfe790a1d:95287246848;GPU-a27c88e4-e53e-7d6a-3abd-07b141b57ce6:95287246848;GPU-a2848da1-0f8a-a8cf-c763-0ef502d06fec:95287246848;GPU-da4fcc29-b899-580b-92b6-f0cb14f70f21:95287246848;GPU-e7cda51a-7d52-6ed3-329d-5434ddea4232:73059532800;,GPU-1c734bb9-241d-d316-e881-5d070a9a1425:192265846784;GPU-2deeb77e-df41-879f-7601-d6296d16a8ff:192265846784;GPU-3a4be627-e52a-042d-9cd5-5c1377c672da:192265846784;GPU-5118acb4-22bd-f74f-ea1f-2c8cfe790a1d:192265846784;GPU-a27c88e4-e53e-7d6a-3abd-07b141b57ce6:192265846784;GPU-a2848da1-0f8a-a8cf-c763-0ef502d06fec:192265846784;GPU-da4fcc29-b899-580b-92b6-f0cb14f70f21:192265846784;GPU-e7cda51a-7d52-6ed3-329d-5434ddea4232:192265846784;
meta-llama,3,8,1:128:16,97,9.9752,63,819,69985249,15,6415189,41,0,77767894,78726780,78977638,79291565,63,76401304,GPU-1c734bb9-241d-d316-e881-5d070a9a1425:0.518071;GPU-2deeb77e-df41-879f-7601-d6296d16a8ff:0.345031;GPU-3a4be627-e52a-042d-9cd5-5c1377c672da:0.513071;GPU-5118acb4-22bd-f74f-ea1f-2c8cfe790a1d:0.504105;GPU-a27c88e4-e53e-7d6a-3abd-07b141b57ce6:0.518534;GPU-a2848da1-0f8a-a8cf-c763-0ef502d06fec:0.522222;GPU-da4fcc29-b899-580b-92b6-f0cb14f70f21:0.516142;GPU-e7cda51a-7d52-6ed3-329d-5434ddea4232:0.264537;,GPU-1c734bb9-241d-d316-e881-5d070a9a1425:371.292;GPU-2deeb77e-df41-879f-7601-d6296d16a8ff:272.255;GPU-3a4be627-e52a-042d-9cd5-5c1377c672da:369.035;GPU-5118acb4-22bd-f74f-ea1f-2c8cfe790a1d:359.191;GPU-a27c88e4-e53e-7d6a-3abd-07b141b57ce6:366.295;GPU-a2848da1-0f8a-a8cf-c763-0ef502d06fec:359.245;GPU-da4fcc29-b899-580b-92b6-f0cb14f70f21:369.802;GPU-e7cda51a-7d52-6ed3-329d-5434ddea4232:310.146;,GPU-1c734bb9-241d-d316-e881-5d070a9a1425:95287246848;GPU-2deeb77e-df41-879f-7601-d6296d16a8ff:72958869504;GPU-3a4be627-e52a-042d-9cd5-5c1377c672da:95287246848;GPU-5118acb4-22bd-f74f-ea1f-2c8cfe790a1d:95287246848;GPU-a27c88e4-e53e-7d6a-3abd-07b141b57ce6:95287246848;GPU-a2848da1-0f8a-a8cf-c763-0ef502d06fec:95287246848;GPU-da4fcc29-b899-580b-92b6-f0cb14f70f21:95287246848;GPU-e7cda51a-7d52-6ed3-329d-5434ddea4232:73059532800;,GPU-1c734bb9-241d-d316-e881-5d070a9a1425:192265846784;GPU-2deeb77e-df41-879f-7601-d6296d16a8ff:192265846784;GPU-3a4be627-e52a-042d-9cd5-5c1377c672da:192265846784;GPU-5118acb4-22bd-f74f-ea1f-2c8cfe790a1d:192265846784;GPU-a27c88e4-e53e-7d6a-3abd-07b141b57ce6:192265846784;GPU-a2848da1-0f8a-a8cf-c763-0ef502d06fec:192265846784;GPU-da4fcc29-b899-580b-92b6-f0cb14f70f21:192265846784;GPU-e7cda51a-7d52-6ed3-329d-5434ddea4232:192265846784;
meta-llama,3,8,1:128:16,17,9.97521,57,852,7078662,15,6361591,40,0,12934665,17306819,17947289,18699054,57,13441151,GPU-1c734bb9-241d-d316-e881-5d070a9a1425:0.527238;GPU-2deeb77e-df41-879f-7601-d6296d16a8ff:0.351497;GPU-3a4be627-e52a-042d-9cd5-5c1377c672da:0.518009;GPU-5118acb4-22bd-f74f-ea1f-2c8cfe790a1d:0.502577;GPU-a27c88e4-e53e-7d6a-3abd-07b141b57ce6:0.517022;GPU-a2848da1-0f8a-a8cf-c763-0ef502d06fec:0.522485;GPU-da4fcc29-b899-580b-92b6-f0cb14f70f21:0.513441;GPU-e7cda51a-7d52-6ed3-329d-5434ddea4232:0.262948;,GPU-1c734bb9-241d-d316-e881-5d070a9a1425:372.895;GPU-2deeb77e-df41-879f-7601-d6296d16a8ff:273.109;GPU-3a4be627-e52a-042d-9cd5-5c1377c672da:371.509;GPU-5118acb4-22bd-f74f-ea1f-2c8cfe790a1d:360.878;GPU-a27c88e4-e53e-7d6a-3abd-07b141b57ce6:367.985;GPU-a2848da1-0f8a-a8cf-c763-0ef502d06fec:361.516;GPU-da4fcc29-b899-580b-92b6-f0cb14f70f21:372.309;GPU-e7cda51a-7d52-6ed3-329d-5434ddea4232:311.306;,GPU-1c734bb9-241d-d316-e881-5d070a9a1425:95287246848;GPU-2deeb77e-df41-879f-7601-d6296d16a8ff:72958869504;GPU-3a4be627-e52a-042d-9cd5-5c1377c672da:95287246848;GPU-5118acb4-22bd-f74f-ea1f-2c8cfe790a1d:95287246848;GPU-a27c88e4-e53e-7d6a-3abd-07b141b57ce6:95287246848;GPU-a2848da1-0f8a-a8cf-c763-0ef502d06fec:95287246848;GPU-da4fcc29-b899-580b-92b6-f0cb14f70f21:95287246848;GPU-e7cda51a-7d52-6ed3-329d-5434ddea4232:73059532800;,GPU-1c734bb9-241d-d316-e881-5d070a9a1425:192265846784;GPU-2deeb77e-df41-879f-7601-d6296d16a8ff:192265846784;GPU-3a4be627-e52a-042d-9cd5-5c1377c672da:192265846784;GPU-5118acb4-22bd-f74f-ea1f-2c8cfe790a1d:192265846784;GPU-a27c88e4-e53e-7d6a-3abd-07b141b57ce6:192265846784;GPU-a2848da1-0f8a-a8cf-c763-0ef502d06fec:192265846784;GPU-da4fcc29-b899-580b-92b6-f0cb14f70f21:192265846784;GPU-e7cda51a-7d52-6ed3-329d-5434ddea4232:192265846784;
meta-llama,3,8,1:128:16,49,10.0493,68,825,32053540,15,6384674,40,0,38963063,40112804,40538449,41501947,68,38439086,GPU-1c734bb9-241d-d316-e881-5d070a9a1425:0.517253;GPU-2deeb77e-df41-879f-7601-d6296d16a8ff:0.348395;GPU-3a4be627-e52a-042d-9cd5-5c1377c672da:0.52;GPU-5118acb4-22bd-f74f-ea1f-2c8cfe790a1d:0.505123;GPU-a27c88e4-e53e-7d6a-3abd-07b141b57ce6:0.512778;GPU-a2848da1-0f8a-a8cf-c763-0ef502d06fec:0.516713;GPU-da4fcc29-b899-580b-92b6-f0cb14f70f21:0.511127;GPU-e7cda51a-7d52-6ed3-329d-5434ddea4232:0.263472;,GPU-1c734bb9-241d-d316-e881-5d070a9a1425:373.251;GPU-2deeb77e-df41-879f-7601-d6296d16a8ff:272.806;GPU-3a4be627-e52a-042d-9cd5-5c1377c672da:370.566;GPU-5118acb4-22bd-f74f-ea1f-2c8cfe790a1d:361.168;GPU-a27c88e4-e53e-7d6a-3abd-07b141b57ce6:367.322;GPU-a2848da1-0f8a-a8cf-c763-0ef502d06fec:361.163;GPU-da4fcc29-b899-580b-92b6-f0cb14f70f21:371.76;GPU-e7cda51a-7d52-6ed3-329d-5434ddea4232:311.293;,GPU-1c734bb9-241d-d316-e881-5d070a9a1425:95287246848;GPU-2deeb77e-df41-879f-7601-d6296d16a8ff:72958869504;GPU-3a4be627-e52a-042d-9cd5-5c1377c672da:95287246848;GPU-5118acb4-22bd-f74f-ea1f-2c8cfe790a1d:95287246848;GPU-a27c88e4-e53e-7d6a-3abd-07b141b57ce6:95287246848;GPU-a2848da1-0f8a-a8cf-c763-0ef502d06fec:95287246848;GPU-da4fcc29-b899-580b-92b6-f0cb14f70f21:95287246848;GPU-e7cda51a-7d52-6ed3-329d-5434ddea4232:73059532800;,GPU-1c734bb9-241d-d316-e881-5d070a9a1425:192265846784;GPU-2deeb77e-df41-879f-7601-d6296d16a8ff:192265846784;GPU-3a4be627-e52a-042d-9cd5-5c1377c672da:192265846784;GPU-5118acb4-22bd-f74f-ea1f-2c8cfe790a1d:192265846784;GPU-a27c88e4-e53e-7d6a-3abd-07b141b57ce6:192265846784;GPU-a2848da1-0f8a-a8cf-c763-0ef502d06fec:192265846784;GPU-da4fcc29-b899-580b-92b6-f0cb14f70f21:192265846784;GPU-e7cda51a-7d52-6ed3-329d-5434ddea4232:192265846784;
meta-llama,3,8,1:128:16,65,10.0616,60,838,44434723,15,6359496,41,0,51581422,52862652,53235062,53730334,60,50795105,GPU-1c734bb9-241d-d316-e881-5d070a9a1425:0.523843;GPU-2deeb77e-df41-879f-7601-d6296d16a8ff:0.35284;GPU-3a4be627-e52a-042d-9cd5-5c1377c672da:0.516358;GPU-5118acb4-22bd-f74f-ea1f-2c8cfe790a1d:0.511651;GPU-a27c88e4-e53e-7d6a-3abd-07b141b57ce6:0.52179;GPU-a2848da1-0f8a-a8cf-c763-0ef502d06fec:0.518935;GPU-da4fcc29-b899-580b-92b6-f0cb14f70f21:0.52571;GPU-e7cda51a-7d52-6ed3-329d-5434ddea4232:0.267377;,GPU-1c734bb9-241d-d316-e881-5d070a9a1425:373.613;GPU-2deeb77e-df41-879f-7601-d6296d16a8ff:272.93;GPU-3a4be627-e52a-042d-9cd5-5c1377c672da:371.465;GPU-5118acb4-22bd-f74f-ea1f-2c8cfe790a1d:361.942;GPU-a27c88e4-e53e-7d6a-3abd-07b141b57ce6:367.819;GPU-a2848da1-0f8a-a8cf-c763-0ef502d06fec:361.55;GPU-da4fcc29-b899-580b-92b6-f0cb14f70f21:372.494;GPU-e7cda51a-7d52-6ed3-329d-5434ddea4232:310.877;,GPU-1c734bb9-241d-d316-e881-5d070a9a1425:95287246848;GPU-2deeb77e-df41-879f-7601-d6296d16a8ff:72958869504;GPU-3a4be627-e52a-042d-9cd5-5c1377c672da:95287246848;GPU-5118acb4-22bd-f74f-ea1f-2c8cfe790a1d:95287246848;GPU-a27c88e4-e53e-7d6a-3abd-07b141b57ce6:95287246848;GPU-a2848da1-0f8a-a8cf-c763-0ef502d06fec:95287246848;GPU-da4fcc29-b899-580b-92b6-f0cb14f70f21:95287246848;GPU-e7cda51a-7d52-6ed3-329d-5434ddea4232:73059532800;,GPU-1c734bb9-241d-d316-e881-5d070a9a1425:192265846784;GPU-2deeb77e-df41-879f-7601-d6296d16a8ff:192265846784;GPU-3a4be627-e52a-042d-9cd5-5c1377c672da:192265846784;GPU-5118acb4-22bd-f74f-ea1f-2c8cfe790a1d:192265846784;GPU-a27c88e4-e53e-7d6a-3abd-07b141b57ce6:192265846784;GPU-a2848da1-0f8a-a8cf-c763-0ef502d06fec:192265846784;GPU-da4fcc29-b899-580b-92b6-f0cb14f70f21:192265846784;GPU-e7cda51a-7d52-6ed3-329d-5434ddea4232:192265846784;
meta-llama,3,8,1:128:16,81,10.074,61,864,56852468,15,6356564,40,0,64110218,65430629,65806736,66626890,61,63209943,GPU-1c734bb9-241d-d316-e881-5d070a9a1425:0.520015;GPU-2deeb77e-df41-879f-7601-d6296d16a8ff:0.347562;GPU-3a4be627-e52a-042d-9cd5-5c1377c672da:0.515108;GPU-5118acb4-22bd-f74f-ea1f-2c8cfe790a1d:0.502639;GPU-a27c88e4-e53e-7d6a-3abd-07b141b57ce6:0.523056;GPU-a2848da1-0f8a-a8cf-c763-0ef502d06fec:0.520725;GPU-da4fcc29-b899-580b-92b6-f0cb14f70f21:0.51608;GPU-e7cda51a-7d52-6ed3-329d-5434ddea4232:0.263056;,GPU-1c734bb9-241d-d316-e881-5d070a9a1425:373.349;GPU-2deeb77e-df41-879f-7601-d6296d16a8ff:272.769;GPU-3a4be627-e52a-042d-9cd5-5c1377c672da:370.98;GPU-5118acb4-22bd-f74f-ea1f-2c8cfe790a1d:361.412;GPU-a27c88e4-e53e-7d6a-3abd-07b141b57ce6:367.565;GPU-a2848da1-0f8a-a8cf-c763-0ef502d06fec:361.238;GPU-da4fcc29-b899-580b-92b6-f0cb14f70f21:371.885;GPU-e7cda51a-7d52-6ed3-329d-5434ddea4232:310.645;,GPU-1c734bb9-241d-d316-e881-5d070a9a1425:95287246848;GPU-2deeb77e-df41-879f-7601-d6296d16a8ff:72958869504;GPU-3a4be627-e52a-042d-9cd5-5c1377c672da:95287246848;GPU-5118acb4-22bd-f74f-ea1f-2c8cfe790a1d:95287246848;GPU-a27c88e4-e53e-7d6a-3abd-07b141b57ce6:95287246848;GPU-a2848da1-0f8a-a8cf-c763-0ef502d06fec:95287246848;GPU-da4fcc29-b899-580b-92b6-f0cb14f70f21:95287246848;GPU-e7cda51a-7d52-6ed3-329d-5434ddea4232:73059532800;,GPU-1c734bb9-241d-d316-e881-5d070a9a1425:192265846784;GPU-2deeb77e-df41-879f-7601-d6296d16a8ff:192265846784;GPU-3a4be627-e52a-042d-9cd5-5c1377c672da:192265846784;GPU-5118acb4-22bd-f74f-ea1f-2c8cfe790a1d:192265846784;GPU-a27c88e4-e53e-7d6a-3abd-07b141b57ce6:192265846784;GPU-a2848da1-0f8a-a8cf-c763-0ef502d06fec:192265846784;GPU-da4fcc29-b899-580b-92b6-f0cb14f70f21:192265846784;GPU-e7cda51a-7d52-6ed3-329d-5434ddea4232:192265846784;
