,model,batch_size,,,,Concurrency,Inferences/Second,Client Send,Network+Server Send/Recv,Server Queue,Server Compute Input,Server Compute Infer,Server Compute Output,Client Recv,p50 latency,p90 latency,p95 latency,p99 latency,request/response,response wait,Avg GPU Utilization,Avg GPU Power Usage,Max GPU Memory Usage,Total GPU Memory
,gemma3,8,,,,129,4.70356,1223,950,189766626,23,1697248,38,0,219079203,219172847,219184790,219209476,1223,191464849,GPU-1c734bb9-241d-d316-e881-5d070a9a1425:0;GPU-2deeb77e-df41-879f-7601-d6296d16a8ff:0.642269;GPU-3a4be627-e52a-042d-9cd5-5c1377c672da:0;GPU-5118acb4-22bd-f74f-ea1f-2c8cfe790a1d:0;GPU-a27c88e4-e53e-7d6a-3abd-07b141b57ce6:0;GPU-a2848da1-0f8a-a8cf-c763-0ef502d06fec:0;GPU-da4fcc29-b899-580b-92b6-f0cb14f70f21:0;GPU-e7cda51a-7d52-6ed3-329d-5434ddea4232:0;,GPU-1c734bb9-241d-d316-e881-5d070a9a1425:192.781;GPU-2deeb77e-df41-879f-7601-d6296d16a8ff:320.636;GPU-3a4be627-e52a-042d-9cd5-5c1377c672da:193.362;GPU-5118acb4-22bd-f74f-ea1f-2c8cfe790a1d:188.599;GPU-a27c88e4-e53e-7d6a-3abd-07b141b57ce6:193.646;GPU-a2848da1-0f8a-a8cf-c763-0ef502d06fec:190.128;GPU-da4fcc29-b899-580b-92b6-f0cb14f70f21:191.908;GPU-e7cda51a-7d52-6ed3-329d-5434ddea4232:192.522;,GPU-1c734bb9-241d-d316-e881-5d070a9a1425:46149926912;GPU-2deeb77e-df41-879f-7601-d6296d16a8ff:53107228672;GPU-3a4be627-e52a-042d-9cd5-5c1377c672da:46149926912;GPU-5118acb4-22bd-f74f-ea1f-2c8cfe790a1d:46149926912;GPU-a27c88e4-e53e-7d6a-3abd-07b141b57ce6:46149926912;GPU-a2848da1-0f8a-a8cf-c763-0ef502d06fec:46149926912;GPU-da4fcc29-b899-580b-92b6-f0cb14f70f21:44807749632;GPU-e7cda51a-7d52-6ed3-329d-5434ddea4232:23131586560;,GPU-1c734bb9-241d-d316-e881-5d070a9a1425:192265846784;GPU-2deeb77e-df41-879f-7601-d6296d16a8ff:192265846784;GPU-3a4be627-e52a-042d-9cd5-5c1377c672da:192265846784;GPU-5118acb4-22bd-f74f-ea1f-2c8cfe790a1d:192265846784;GPU-a27c88e4-e53e-7d6a-3abd-07b141b57ce6:192265846784;GPU-a2848da1-0f8a-a8cf-c763-0ef502d06fec:192265846784;GPU-da4fcc29-b899-580b-92b6-f0cb14f70f21:192265846784;GPU-e7cda51a-7d52-6ed3-329d-5434ddea4232:192265846784;
,gemma3,8,,,,65,4.71591,1765,909,99291611,26,1697976,39,0,110356769,110412351,110420770,110438153,1765,100990550,GPU-1c734bb9-241d-d316-e881-5d070a9a1425:0;GPU-2deeb77e-df41-879f-7601-d6296d16a8ff:0.639414;GPU-3a4be627-e52a-042d-9cd5-5c1377c672da:0;GPU-5118acb4-22bd-f74f-ea1f-2c8cfe790a1d:0;GPU-a27c88e4-e53e-7d6a-3abd-07b141b57ce6:0;GPU-a2848da1-0f8a-a8cf-c763-0ef502d06fec:0;GPU-da4fcc29-b899-580b-92b6-f0cb14f70f21:0;GPU-e7cda51a-7d52-6ed3-329d-5434ddea4232:0;,GPU-1c734bb9-241d-d316-e881-5d070a9a1425:192.827;GPU-2deeb77e-df41-879f-7601-d6296d16a8ff:321.15;GPU-3a4be627-e52a-042d-9cd5-5c1377c672da:193.421;GPU-5118acb4-22bd-f74f-ea1f-2c8cfe790a1d:188.625;GPU-a27c88e4-e53e-7d6a-3abd-07b141b57ce6:193.785;GPU-a2848da1-0f8a-a8cf-c763-0ef502d06fec:190.193;GPU-da4fcc29-b899-580b-92b6-f0cb14f70f21:191.976;GPU-e7cda51a-7d52-6ed3-329d-5434ddea4232:192.542;,GPU-1c734bb9-241d-d316-e881-5d070a9a1425:46149926912;GPU-2deeb77e-df41-879f-7601-d6296d16a8ff:53107228672;GPU-3a4be627-e52a-042d-9cd5-5c1377c672da:46149926912;GPU-5118acb4-22bd-f74f-ea1f-2c8cfe790a1d:46149926912;GPU-a27c88e4-e53e-7d6a-3abd-07b141b57ce6:46149926912;GPU-a2848da1-0f8a-a8cf-c763-0ef502d06fec:46149926912;GPU-da4fcc29-b899-580b-92b6-f0cb14f70f21:44807749632;GPU-e7cda51a-7d52-6ed3-329d-5434ddea4232:23131586560;,GPU-1c734bb9-241d-d316-e881-5d070a9a1425:192265846784;GPU-2deeb77e-df41-879f-7601-d6296d16a8ff:192265846784;GPU-3a4be627-e52a-042d-9cd5-5c1377c672da:192265846784;GPU-5118acb4-22bd-f74f-ea1f-2c8cfe790a1d:192265846784;GPU-a27c88e4-e53e-7d6a-3abd-07b141b57ce6:192265846784;GPU-a2848da1-0f8a-a8cf-c763-0ef502d06fec:192265846784;GPU-da4fcc29-b899-580b-92b6-f0cb14f70f21:192265846784;GPU-e7cda51a-7d52-6ed3-329d-5434ddea4232:192265846784;
,gemma3,8,,,,321,4.71598,406,881,533613183,21,1694717,40,0,544690010,546194877,546347579,546522848,406,535308832,GPU-1c734bb9-241d-d316-e881-5d070a9a1425:0;GPU-2deeb77e-df41-879f-7601-d6296d16a8ff:0.646466;GPU-3a4be627-e52a-042d-9cd5-5c1377c672da:0;GPU-5118acb4-22bd-f74f-ea1f-2c8cfe790a1d:0;GPU-a27c88e4-e53e-7d6a-3abd-07b141b57ce6:0;GPU-a2848da1-0f8a-a8cf-c763-0ef502d06fec:0;GPU-da4fcc29-b899-580b-92b6-f0cb14f70f21:0;GPU-e7cda51a-7d52-6ed3-329d-5434ddea4232:0;,GPU-1c734bb9-241d-d316-e881-5d070a9a1425:192.318;GPU-2deeb77e-df41-879f-7601-d6296d16a8ff:320.9;GPU-3a4be627-e52a-042d-9cd5-5c1377c672da:192.863;GPU-5118acb4-22bd-f74f-ea1f-2c8cfe790a1d:188.16;GPU-a27c88e4-e53e-7d6a-3abd-07b141b57ce6:193.318;GPU-a2848da1-0f8a-a8cf-c763-0ef502d06fec:189.691;GPU-da4fcc29-b899-580b-92b6-f0cb14f70f21:191.449;GPU-e7cda51a-7d52-6ed3-329d-5434ddea4232:191.985;,GPU-1c734bb9-241d-d316-e881-5d070a9a1425:46149926912;GPU-2deeb77e-df41-879f-7601-d6296d16a8ff:53107228672;GPU-3a4be627-e52a-042d-9cd5-5c1377c672da:46149926912;GPU-5118acb4-22bd-f74f-ea1f-2c8cfe790a1d:46149926912;GPU-a27c88e4-e53e-7d6a-3abd-07b141b57ce6:46149926912;GPU-a2848da1-0f8a-a8cf-c763-0ef502d06fec:46149926912;GPU-da4fcc29-b899-580b-92b6-f0cb14f70f21:44807749632;GPU-e7cda51a-7d52-6ed3-329d-5434ddea4232:23131586560;,GPU-1c734bb9-241d-d316-e881-5d070a9a1425:192265846784;GPU-2deeb77e-df41-879f-7601-d6296d16a8ff:192265846784;GPU-3a4be627-e52a-042d-9cd5-5c1377c672da:192265846784;GPU-5118acb4-22bd-f74f-ea1f-2c8cfe790a1d:192265846784;GPU-a27c88e4-e53e-7d6a-3abd-07b141b57ce6:192265846784;GPU-a2848da1-0f8a-a8cf-c763-0ef502d06fec:192265846784;GPU-da4fcc29-b899-580b-92b6-f0cb14f70f21:192265846784;GPU-e7cda51a-7d52-6ed3-329d-5434ddea4232:192265846784;
,gemma3,8,,,,1,4.716,51,801,280,17,1694465,38,0,1690834,1696143,1697095,2230138,51,1695595,GPU-1c734bb9-241d-d316-e881-5d070a9a1425:0;GPU-2deeb77e-df41-879f-7601-d6296d16a8ff:0.641127;GPU-3a4be627-e52a-042d-9cd5-5c1377c672da:0;GPU-5118acb4-22bd-f74f-ea1f-2c8cfe790a1d:0;GPU-a27c88e4-e53e-7d6a-3abd-07b141b57ce6:0;GPU-a2848da1-0f8a-a8cf-c763-0ef502d06fec:0;GPU-da4fcc29-b899-580b-92b6-f0cb14f70f21:0;GPU-e7cda51a-7d52-6ed3-329d-5434ddea4232:0;,GPU-1c734bb9-241d-d316-e881-5d070a9a1425:192.624;GPU-2deeb77e-df41-879f-7601-d6296d16a8ff:320.962;GPU-3a4be627-e52a-042d-9cd5-5c1377c672da:193.2;GPU-5118acb4-22bd-f74f-ea1f-2c8cfe790a1d:188.497;GPU-a27c88e4-e53e-7d6a-3abd-07b141b57ce6:193.59;GPU-a2848da1-0f8a-a8cf-c763-0ef502d06fec:189.981;GPU-da4fcc29-b899-580b-92b6-f0cb14f70f21:191.749;GPU-e7cda51a-7d52-6ed3-329d-5434ddea4232:192.34;,GPU-1c734bb9-241d-d316-e881-5d070a9a1425:46149926912;GPU-2deeb77e-df41-879f-7601-d6296d16a8ff:53107228672;GPU-3a4be627-e52a-042d-9cd5-5c1377c672da:46149926912;GPU-5118acb4-22bd-f74f-ea1f-2c8cfe790a1d:46149926912;GPU-a27c88e4-e53e-7d6a-3abd-07b141b57ce6:46149926912;GPU-a2848da1-0f8a-a8cf-c763-0ef502d06fec:46149926912;GPU-da4fcc29-b899-580b-92b6-f0cb14f70f21:44807749632;GPU-e7cda51a-7d52-6ed3-329d-5434ddea4232:23131586560;,GPU-1c734bb9-241d-d316-e881-5d070a9a1425:192265846784;GPU-2deeb77e-df41-879f-7601-d6296d16a8ff:192265846784;GPU-3a4be627-e52a-042d-9cd5-5c1377c672da:192265846784;GPU-5118acb4-22bd-f74f-ea1f-2c8cfe790a1d:192265846784;GPU-a27c88e4-e53e-7d6a-3abd-07b141b57ce6:192265846784;GPU-a2848da1-0f8a-a8cf-c763-0ef502d06fec:192265846784;GPU-da4fcc29-b899-580b-92b6-f0cb14f70f21:192265846784;GPU-e7cda51a-7d52-6ed3-329d-5434ddea4232:192265846784;
,gemma3,8,,,,385,4.72833,474,2338,621260201,24,1687860,41,0,649858723,650468701,650593628,650711099,474,622950454,GPU-1c734bb9-241d-d316-e881-5d070a9a1425:0;GPU-2deeb77e-df41-879f-7601-d6296d16a8ff:0.641775;GPU-3a4be627-e52a-042d-9cd5-5c1377c672da:0;GPU-5118acb4-22bd-f74f-ea1f-2c8cfe790a1d:0;GPU-a27c88e4-e53e-7d6a-3abd-07b141b57ce6:0;GPU-a2848da1-0f8a-a8cf-c763-0ef502d06fec:0;GPU-da4fcc29-b899-580b-92b6-f0cb14f70f21:0;GPU-e7cda51a-7d52-6ed3-329d-5434ddea4232:0;,GPU-1c734bb9-241d-d316-e881-5d070a9a1425:192.169;GPU-2deeb77e-df41-879f-7601-d6296d16a8ff:321.288;GPU-3a4be627-e52a-042d-9cd5-5c1377c672da:192.779;GPU-5118acb4-22bd-f74f-ea1f-2c8cfe790a1d:188.075;GPU-a27c88e4-e53e-7d6a-3abd-07b141b57ce6:193.232;GPU-a2848da1-0f8a-a8cf-c763-0ef502d06fec:189.7;GPU-da4fcc29-b899-580b-92b6-f0cb14f70f21:191.418;GPU-e7cda51a-7d52-6ed3-329d-5434ddea4232:192.006;,GPU-1c734bb9-241d-d316-e881-5d070a9a1425:46149926912;GPU-2deeb77e-df41-879f-7601-d6296d16a8ff:53107228672;GPU-3a4be627-e52a-042d-9cd5-5c1377c672da:46149926912;GPU-5118acb4-22bd-f74f-ea1f-2c8cfe790a1d:46149926912;GPU-a27c88e4-e53e-7d6a-3abd-07b141b57ce6:46149926912;GPU-a2848da1-0f8a-a8cf-c763-0ef502d06fec:46149926912;GPU-da4fcc29-b899-580b-92b6-f0cb14f70f21:44807749632;GPU-e7cda51a-7d52-6ed3-329d-5434ddea4232:23131586560;,GPU-1c734bb9-241d-d316-e881-5d070a9a1425:192265846784;GPU-2deeb77e-df41-879f-7601-d6296d16a8ff:192265846784;GPU-3a4be627-e52a-042d-9cd5-5c1377c672da:192265846784;GPU-5118acb4-22bd-f74f-ea1f-2c8cfe790a1d:192265846784;GPU-a27c88e4-e53e-7d6a-3abd-07b141b57ce6:192265846784;GPU-a2848da1-0f8a-a8cf-c763-0ef502d06fec:192265846784;GPU-da4fcc29-b899-580b-92b6-f0cb14f70f21:192265846784;GPU-e7cda51a-7d52-6ed3-329d-5434ddea4232:192265846784;
,gemma3,8,,,,449,4.74061,81,885,648181798,15,1688313,42,0,649890857,650211613,650341158,650369322,81,649871043,GPU-1c734bb9-241d-d316-e881-5d070a9a1425:0;GPU-2deeb77e-df41-879f-7601-d6296d16a8ff:0.646883;GPU-3a4be627-e52a-042d-9cd5-5c1377c672da:0;GPU-5118acb4-22bd-f74f-ea1f-2c8cfe790a1d:0;GPU-a27c88e4-e53e-7d6a-3abd-07b141b57ce6:0;GPU-a2848da1-0f8a-a8cf-c763-0ef502d06fec:0;GPU-da4fcc29-b899-580b-92b6-f0cb14f70f21:0;GPU-e7cda51a-7d52-6ed3-329d-5434ddea4232:0;,GPU-1c734bb9-241d-d316-e881-5d070a9a1425:192.275;GPU-2deeb77e-df41-879f-7601-d6296d16a8ff:321.179;GPU-3a4be627-e52a-042d-9cd5-5c1377c672da:192.934;GPU-5118acb4-22bd-f74f-ea1f-2c8cfe790a1d:188.214;GPU-a27c88e4-e53e-7d6a-3abd-07b141b57ce6:193.51;GPU-a2848da1-0f8a-a8cf-c763-0ef502d06fec:189.955;GPU-da4fcc29-b899-580b-92b6-f0cb14f70f21:191.634;GPU-e7cda51a-7d52-6ed3-329d-5434ddea4232:192.225;,GPU-1c734bb9-241d-d316-e881-5d070a9a1425:46149926912;GPU-2deeb77e-df41-879f-7601-d6296d16a8ff:53107228672;GPU-3a4be627-e52a-042d-9cd5-5c1377c672da:46149926912;GPU-5118acb4-22bd-f74f-ea1f-2c8cfe790a1d:46149926912;GPU-a27c88e4-e53e-7d6a-3abd-07b141b57ce6:46149926912;GPU-a2848da1-0f8a-a8cf-c763-0ef502d06fec:46149926912;GPU-da4fcc29-b899-580b-92b6-f0cb14f70f21:44807749632;GPU-e7cda51a-7d52-6ed3-329d-5434ddea4232:23131586560;,GPU-1c734bb9-241d-d316-e881-5d070a9a1425:192265846784;GPU-2deeb77e-df41-879f-7601-d6296d16a8ff:192265846784;GPU-3a4be627-e52a-042d-9cd5-5c1377c672da:192265846784;GPU-5118acb4-22bd-f74f-ea1f-2c8cfe790a1d:192265846784;GPU-a27c88e4-e53e-7d6a-3abd-07b141b57ce6:192265846784;GPU-a2848da1-0f8a-a8cf-c763-0ef502d06fec:192265846784;GPU-da4fcc29-b899-580b-92b6-f0cb14f70f21:192265846784;GPU-e7cda51a-7d52-6ed3-329d-5434ddea4232:192265846784;
,gemma3,8,,,,193,4.74068,259,882,314495999,22,1685088,39,0,325359166,325498684,325517981,325549682,259,316182021,GPU-1c734bb9-241d-d316-e881-5d070a9a1425:0;GPU-2deeb77e-df41-879f-7601-d6296d16a8ff:0.649213;GPU-3a4be627-e52a-042d-9cd5-5c1377c672da:0;GPU-5118acb4-22bd-f74f-ea1f-2c8cfe790a1d:0;GPU-a27c88e4-e53e-7d6a-3abd-07b141b57ce6:0;GPU-a2848da1-0f8a-a8cf-c763-0ef502d06fec:0;GPU-da4fcc29-b899-580b-92b6-f0cb14f70f21:0;GPU-e7cda51a-7d52-6ed3-329d-5434ddea4232:0;,GPU-1c734bb9-241d-d316-e881-5d070a9a1425:192.186;GPU-2deeb77e-df41-879f-7601-d6296d16a8ff:321.869;GPU-3a4be627-e52a-042d-9cd5-5c1377c672da:192.794;GPU-5118acb4-22bd-f74f-ea1f-2c8cfe790a1d:188.031;GPU-a27c88e4-e53e-7d6a-3abd-07b141b57ce6:193.212;GPU-a2848da1-0f8a-a8cf-c763-0ef502d06fec:189.728;GPU-da4fcc29-b899-580b-92b6-f0cb14f70f21:191.443;GPU-e7cda51a-7d52-6ed3-329d-5434ddea4232:192.108;,GPU-1c734bb9-241d-d316-e881-5d070a9a1425:46149926912;GPU-2deeb77e-df41-879f-7601-d6296d16a8ff:53107228672;GPU-3a4be627-e52a-042d-9cd5-5c1377c672da:46149926912;GPU-5118acb4-22bd-f74f-ea1f-2c8cfe790a1d:46149926912;GPU-a27c88e4-e53e-7d6a-3abd-07b141b57ce6:46149926912;GPU-a2848da1-0f8a-a8cf-c763-0ef502d06fec:46149926912;GPU-da4fcc29-b899-580b-92b6-f0cb14f70f21:44807749632;GPU-e7cda51a-7d52-6ed3-329d-5434ddea4232:23131586560;,GPU-1c734bb9-241d-d316-e881-5d070a9a1425:192265846784;GPU-2deeb77e-df41-879f-7601-d6296d16a8ff:192265846784;GPU-3a4be627-e52a-042d-9cd5-5c1377c672da:192265846784;GPU-5118acb4-22bd-f74f-ea1f-2c8cfe790a1d:192265846784;GPU-a27c88e4-e53e-7d6a-3abd-07b141b57ce6:192265846784;GPU-a2848da1-0f8a-a8cf-c763-0ef502d06fec:192265846784;GPU-da4fcc29-b899-580b-92b6-f0cb14f70f21:192265846784;GPU-e7cda51a-7d52-6ed3-329d-5434ddea4232:192265846784;
,gemma3,8,,,,257,4.75303,869,858,404271742,24,1685962,38,0,432821411,433289681,433305656,433365406,869,405958614,GPU-1c734bb9-241d-d316-e881-5d070a9a1425:0;GPU-2deeb77e-df41-879f-7601-d6296d16a8ff:0.640833;GPU-3a4be627-e52a-042d-9cd5-5c1377c672da:0;GPU-5118acb4-22bd-f74f-ea1f-2c8cfe790a1d:0;GPU-a27c88e4-e53e-7d6a-3abd-07b141b57ce6:0;GPU-a2848da1-0f8a-a8cf-c763-0ef502d06fec:0;GPU-da4fcc29-b899-580b-92b6-f0cb14f70f21:0;GPU-e7cda51a-7d52-6ed3-329d-5434ddea4232:0;,GPU-1c734bb9-241d-d316-e881-5d070a9a1425:191.926;GPU-2deeb77e-df41-879f-7601-d6296d16a8ff:320.619;GPU-3a4be627-e52a-042d-9cd5-5c1377c672da:192.571;GPU-5118acb4-22bd-f74f-ea1f-2c8cfe790a1d:187.897;GPU-a27c88e4-e53e-7d6a-3abd-07b141b57ce6:193.06;GPU-a2848da1-0f8a-a8cf-c763-0ef502d06fec:189.532;GPU-da4fcc29-b899-580b-92b6-f0cb14f70f21:191.234;GPU-e7cda51a-7d52-6ed3-329d-5434ddea4232:191.862;,GPU-1c734bb9-241d-d316-e881-5d070a9a1425:46149926912;GPU-2deeb77e-df41-879f-7601-d6296d16a8ff:53107228672;GPU-3a4be627-e52a-042d-9cd5-5c1377c672da:46149926912;GPU-5118acb4-22bd-f74f-ea1f-2c8cfe790a1d:46149926912;GPU-a27c88e4-e53e-7d6a-3abd-07b141b57ce6:46149926912;GPU-a2848da1-0f8a-a8cf-c763-0ef502d06fec:46149926912;GPU-da4fcc29-b899-580b-92b6-f0cb14f70f21:44807749632;GPU-e7cda51a-7d52-6ed3-329d-5434ddea4232:23131586560;,GPU-1c734bb9-241d-d316-e881-5d070a9a1425:192265846784;GPU-2deeb77e-df41-879f-7601-d6296d16a8ff:192265846784;GPU-3a4be627-e52a-042d-9cd5-5c1377c672da:192265846784;GPU-5118acb4-22bd-f74f-ea1f-2c8cfe790a1d:192265846784;GPU-a27c88e4-e53e-7d6a-3abd-07b141b57ce6:192265846784;GPU-a2848da1-0f8a-a8cf-c763-0ef502d06fec:192265846784;GPU-da4fcc29-b899-580b-92b6-f0cb14f70f21:192265846784;GPU-e7cda51a-7d52-6ed3-329d-5434ddea4232:192265846784;
,mistral,8,,,,1,3.13577,53,802,282,20,2547924,40,0,2550675,2629542,2646352,2693479,53,2549062,GPU-1c734bb9-241d-d316-e881-5d070a9a1425:0.0814506;GPU-2deeb77e-df41-879f-7601-d6296d16a8ff:0.07375;GPU-3a4be627-e52a-042d-9cd5-5c1377c672da:0.0808179;GPU-5118acb4-22bd-f74f-ea1f-2c8cfe790a1d:0.0820833;GPU-a27c88e4-e53e-7d6a-3abd-07b141b57ce6:0.0820833;GPU-a2848da1-0f8a-a8cf-c763-0ef502d06fec:0.0817438;GPU-da4fcc29-b899-580b-92b6-f0cb14f70f21:0.0871605;GPU-e7cda51a-7d52-6ed3-329d-5434ddea4232:0;,GPU-1c734bb9-241d-d316-e881-5d070a9a1425:263.586;GPU-2deeb77e-df41-879f-7601-d6296d16a8ff:253.412;GPU-3a4be627-e52a-042d-9cd5-5c1377c672da:264.238;GPU-5118acb4-22bd-f74f-ea1f-2c8cfe790a1d:255.481;GPU-a27c88e4-e53e-7d6a-3abd-07b141b57ce6:262.669;GPU-a2848da1-0f8a-a8cf-c763-0ef502d06fec:257.468;GPU-da4fcc29-b899-580b-92b6-f0cb14f70f21:261.432;GPU-e7cda51a-7d52-6ed3-329d-5434ddea4232:195.803;,GPU-1c734bb9-241d-d316-e881-5d070a9a1425:48683286528;GPU-2deeb77e-df41-879f-7601-d6296d16a8ff:55841914880;GPU-3a4be627-e52a-042d-9cd5-5c1377c672da:48683286528;GPU-5118acb4-22bd-f74f-ea1f-2c8cfe790a1d:48683286528;GPU-a27c88e4-e53e-7d6a-3abd-07b141b57ce6:48683286528;GPU-a2848da1-0f8a-a8cf-c763-0ef502d06fec:48683286528;GPU-da4fcc29-b899-580b-92b6-f0cb14f70f21:47475326976;GPU-e7cda51a-7d52-6ed3-329d-5434ddea4232:23131586560;,GPU-1c734bb9-241d-d316-e881-5d070a9a1425:192265846784;GPU-2deeb77e-df41-879f-7601-d6296d16a8ff:192265846784;GPU-3a4be627-e52a-042d-9cd5-5c1377c672da:192265846784;GPU-5118acb4-22bd-f74f-ea1f-2c8cfe790a1d:192265846784;GPU-a27c88e4-e53e-7d6a-3abd-07b141b57ce6:192265846784;GPU-a2848da1-0f8a-a8cf-c763-0ef502d06fec:192265846784;GPU-da4fcc29-b899-580b-92b6-f0cb14f70f21:192265846784;GPU-e7cda51a-7d52-6ed3-329d-5434ddea4232:192265846784;
,mistral,8,,,,449,14.2343,729,909,246489628,15,4492268,40,0,251951313,253134963,253464952,253939155,729,250982852,GPU-1c734bb9-241d-d316-e881-5d070a9a1425:0.532407;GPU-2deeb77e-df41-879f-7601-d6296d16a8ff:0.447191;GPU-3a4be627-e52a-042d-9cd5-5c1377c672da:0.532623;GPU-5118acb4-22bd-f74f-ea1f-2c8cfe790a1d:0.531682;GPU-a27c88e4-e53e-7d6a-3abd-07b141b57ce6:0.577361;GPU-a2848da1-0f8a-a8cf-c763-0ef502d06fec:0.560509;GPU-da4fcc29-b899-580b-92b6-f0cb14f70f21:0.488765;GPU-e7cda51a-7d52-6ed3-329d-5434ddea4232:0;,GPU-1c734bb9-241d-d316-e881-5d070a9a1425:336.138;GPU-2deeb77e-df41-879f-7601-d6296d16a8ff:295.668;GPU-3a4be627-e52a-042d-9cd5-5c1377c672da:335.356;GPU-5118acb4-22bd-f74f-ea1f-2c8cfe790a1d:326.079;GPU-a27c88e4-e53e-7d6a-3abd-07b141b57ce6:333.615;GPU-a2848da1-0f8a-a8cf-c763-0ef502d06fec:327.59;GPU-da4fcc29-b899-580b-92b6-f0cb14f70f21:324.165;GPU-e7cda51a-7d52-6ed3-329d-5434ddea4232:194.643;,GPU-1c734bb9-241d-d316-e881-5d070a9a1425:48683286528;GPU-2deeb77e-df41-879f-7601-d6296d16a8ff:55841914880;GPU-3a4be627-e52a-042d-9cd5-5c1377c672da:48683286528;GPU-5118acb4-22bd-f74f-ea1f-2c8cfe790a1d:48683286528;GPU-a27c88e4-e53e-7d6a-3abd-07b141b57ce6:48683286528;GPU-a2848da1-0f8a-a8cf-c763-0ef502d06fec:48683286528;GPU-da4fcc29-b899-580b-92b6-f0cb14f70f21:47475326976;GPU-e7cda51a-7d52-6ed3-329d-5434ddea4232:23131586560;,GPU-1c734bb9-241d-d316-e881-5d070a9a1425:192265846784;GPU-2deeb77e-df41-879f-7601-d6296d16a8ff:192265846784;GPU-3a4be627-e52a-042d-9cd5-5c1377c672da:192265846784;GPU-5118acb4-22bd-f74f-ea1f-2c8cfe790a1d:192265846784;GPU-a27c88e4-e53e-7d6a-3abd-07b141b57ce6:192265846784;GPU-a2848da1-0f8a-a8cf-c763-0ef502d06fec:192265846784;GPU-da4fcc29-b899-580b-92b6-f0cb14f70f21:192265846784;GPU-e7cda51a-7d52-6ed3-329d-5434ddea4232:192265846784;
,mistral,8,,,,257,14.3205,369,884,132418424,15,4474195,38,0,143237774,144603790,145179525,145938504,369,136893547,GPU-1c734bb9-241d-d316-e881-5d070a9a1425:0.53088;GPU-2deeb77e-df41-879f-7601-d6296d16a8ff:0.449815;GPU-3a4be627-e52a-042d-9cd5-5c1377c672da:0.554552;GPU-5118acb4-22bd-f74f-ea1f-2c8cfe790a1d:0.530355;GPU-a27c88e4-e53e-7d6a-3abd-07b141b57ce6:0.578796;GPU-a2848da1-0f8a-a8cf-c763-0ef502d06fec:0.555401;GPU-da4fcc29-b899-580b-92b6-f0cb14f70f21:0.489614;GPU-e7cda51a-7d52-6ed3-329d-5434ddea4232:0;,GPU-1c734bb9-241d-d316-e881-5d070a9a1425:339.297;GPU-2deeb77e-df41-879f-7601-d6296d16a8ff:297.444;GPU-3a4be627-e52a-042d-9cd5-5c1377c672da:338.264;GPU-5118acb4-22bd-f74f-ea1f-2c8cfe790a1d:328.288;GPU-a27c88e4-e53e-7d6a-3abd-07b141b57ce6:335.94;GPU-a2848da1-0f8a-a8cf-c763-0ef502d06fec:330.276;GPU-da4fcc29-b899-580b-92b6-f0cb14f70f21:326.983;GPU-e7cda51a-7d52-6ed3-329d-5434ddea4232:196.543;,GPU-1c734bb9-241d-d316-e881-5d070a9a1425:48683286528;GPU-2deeb77e-df41-879f-7601-d6296d16a8ff:55841914880;GPU-3a4be627-e52a-042d-9cd5-5c1377c672da:48683286528;GPU-5118acb4-22bd-f74f-ea1f-2c8cfe790a1d:48683286528;GPU-a27c88e4-e53e-7d6a-3abd-07b141b57ce6:48683286528;GPU-a2848da1-0f8a-a8cf-c763-0ef502d06fec:48683286528;GPU-da4fcc29-b899-580b-92b6-f0cb14f70f21:47475326976;GPU-e7cda51a-7d52-6ed3-329d-5434ddea4232:23131586560;,GPU-1c734bb9-241d-d316-e881-5d070a9a1425:192265846784;GPU-2deeb77e-df41-879f-7601-d6296d16a8ff:192265846784;GPU-3a4be627-e52a-042d-9cd5-5c1377c672da:192265846784;GPU-5118acb4-22bd-f74f-ea1f-2c8cfe790a1d:192265846784;GPU-a27c88e4-e53e-7d6a-3abd-07b141b57ce6:192265846784;GPU-a2848da1-0f8a-a8cf-c763-0ef502d06fec:192265846784;GPU-da4fcc29-b899-580b-92b6-f0cb14f70f21:192265846784;GPU-e7cda51a-7d52-6ed3-329d-5434ddea4232:192265846784;
,mistral,8,,,,385,14.3207,202,880,199693980,15,4469433,39,0,214606173,216447891,216887938,217665198,202,204164338,GPU-1c734bb9-241d-d316-e881-5d070a9a1425:0.534784;GPU-2deeb77e-df41-879f-7601-d6296d16a8ff:0.447762;GPU-3a4be627-e52a-042d-9cd5-5c1377c672da:0.546636;GPU-5118acb4-22bd-f74f-ea1f-2c8cfe790a1d:0.52713;GPU-a27c88e4-e53e-7d6a-3abd-07b141b57ce6:0.567577;GPU-a2848da1-0f8a-a8cf-c763-0ef502d06fec:0.565293;GPU-da4fcc29-b899-580b-92b6-f0cb14f70f21:0.491944;GPU-e7cda51a-7d52-6ed3-329d-5434ddea4232:0;,GPU-1c734bb9-241d-d316-e881-5d070a9a1425:336.91;GPU-2deeb77e-df41-879f-7601-d6296d16a8ff:296.246;GPU-3a4be627-e52a-042d-9cd5-5c1377c672da:336.029;GPU-5118acb4-22bd-f74f-ea1f-2c8cfe790a1d:326.862;GPU-a27c88e4-e53e-7d6a-3abd-07b141b57ce6:333.971;GPU-a2848da1-0f8a-a8cf-c763-0ef502d06fec:328.11;GPU-da4fcc29-b899-580b-92b6-f0cb14f70f21:324.458;GPU-e7cda51a-7d52-6ed3-329d-5434ddea4232:194.796;,GPU-1c734bb9-241d-d316-e881-5d070a9a1425:48683286528;GPU-2deeb77e-df41-879f-7601-d6296d16a8ff:55841914880;GPU-3a4be627-e52a-042d-9cd5-5c1377c672da:48683286528;GPU-5118acb4-22bd-f74f-ea1f-2c8cfe790a1d:48683286528;GPU-a27c88e4-e53e-7d6a-3abd-07b141b57ce6:48683286528;GPU-a2848da1-0f8a-a8cf-c763-0ef502d06fec:48683286528;GPU-da4fcc29-b899-580b-92b6-f0cb14f70f21:47475326976;GPU-e7cda51a-7d52-6ed3-329d-5434ddea4232:23131586560;,GPU-1c734bb9-241d-d316-e881-5d070a9a1425:192265846784;GPU-2deeb77e-df41-879f-7601-d6296d16a8ff:192265846784;GPU-3a4be627-e52a-042d-9cd5-5c1377c672da:192265846784;GPU-5118acb4-22bd-f74f-ea1f-2c8cfe790a1d:192265846784;GPU-a27c88e4-e53e-7d6a-3abd-07b141b57ce6:192265846784;GPU-a2848da1-0f8a-a8cf-c763-0ef502d06fec:192265846784;GPU-da4fcc29-b899-580b-92b6-f0cb14f70f21:192265846784;GPU-e7cda51a-7d52-6ed3-329d-5434ddea4232:192265846784;
,mistral,8,,,,321,14.3578,177,884,165282134,15,4452106,39,0,177696526,180186849,180680038,181934780,177,169735170,GPU-1c734bb9-241d-d316-e881-5d070a9a1425:0.530833;GPU-2deeb77e-df41-879f-7601-d6296d16a8ff:0.450664;GPU-3a4be627-e52a-042d-9cd5-5c1377c672da:0.546034;GPU-5118acb4-22bd-f74f-ea1f-2c8cfe790a1d:0.546713;GPU-a27c88e4-e53e-7d6a-3abd-07b141b57ce6:0.59108;GPU-a2848da1-0f8a-a8cf-c763-0ef502d06fec:0.560602;GPU-da4fcc29-b899-580b-92b6-f0cb14f70f21:0.49108;GPU-e7cda51a-7d52-6ed3-329d-5434ddea4232:0;,GPU-1c734bb9-241d-d316-e881-5d070a9a1425:338.23;GPU-2deeb77e-df41-879f-7601-d6296d16a8ff:296.839;GPU-3a4be627-e52a-042d-9cd5-5c1377c672da:337.373;GPU-5118acb4-22bd-f74f-ea1f-2c8cfe790a1d:327.646;GPU-a27c88e4-e53e-7d6a-3abd-07b141b57ce6:335.265;GPU-a2848da1-0f8a-a8cf-c763-0ef502d06fec:329.761;GPU-da4fcc29-b899-580b-92b6-f0cb14f70f21:326.104;GPU-e7cda51a-7d52-6ed3-329d-5434ddea4232:195.423;,GPU-1c734bb9-241d-d316-e881-5d070a9a1425:48683286528;GPU-2deeb77e-df41-879f-7601-d6296d16a8ff:55841914880;GPU-3a4be627-e52a-042d-9cd5-5c1377c672da:48683286528;GPU-5118acb4-22bd-f74f-ea1f-2c8cfe790a1d:48683286528;GPU-a27c88e4-e53e-7d6a-3abd-07b141b57ce6:48683286528;GPU-a2848da1-0f8a-a8cf-c763-0ef502d06fec:48683286528;GPU-da4fcc29-b899-580b-92b6-f0cb14f70f21:47475326976;GPU-e7cda51a-7d52-6ed3-329d-5434ddea4232:23131586560;,GPU-1c734bb9-241d-d316-e881-5d070a9a1425:192265846784;GPU-2deeb77e-df41-879f-7601-d6296d16a8ff:192265846784;GPU-3a4be627-e52a-042d-9cd5-5c1377c672da:192265846784;GPU-5118acb4-22bd-f74f-ea1f-2c8cfe790a1d:192265846784;GPU-a27c88e4-e53e-7d6a-3abd-07b141b57ce6:192265846784;GPU-a2848da1-0f8a-a8cf-c763-0ef502d06fec:192265846784;GPU-da4fcc29-b899-580b-92b6-f0cb14f70f21:192265846784;GPU-e7cda51a-7d52-6ed3-329d-5434ddea4232:192265846784;
,mistral,8,,,,129,14.4316,657,847,64006883,15,4427042,40,0,70917454,72680310,73308354,74024763,657,68434817,GPU-1c734bb9-241d-d316-e881-5d070a9a1425:0.53591;GPU-2deeb77e-df41-879f-7601-d6296d16a8ff:0.452438;GPU-3a4be627-e52a-042d-9cd5-5c1377c672da:0.54304;GPU-5118acb4-22bd-f74f-ea1f-2c8cfe790a1d:0.536481;GPU-a27c88e4-e53e-7d6a-3abd-07b141b57ce6:0.59341;GPU-a2848da1-0f8a-a8cf-c763-0ef502d06fec:0.562963;GPU-da4fcc29-b899-580b-92b6-f0cb14f70f21:0.492361;GPU-e7cda51a-7d52-6ed3-329d-5434ddea4232:0;,GPU-1c734bb9-241d-d316-e881-5d070a9a1425:340.653;GPU-2deeb77e-df41-879f-7601-d6296d16a8ff:298.803;GPU-3a4be627-e52a-042d-9cd5-5c1377c672da:339.669;GPU-5118acb4-22bd-f74f-ea1f-2c8cfe790a1d:328.864;GPU-a27c88e4-e53e-7d6a-3abd-07b141b57ce6:337.343;GPU-a2848da1-0f8a-a8cf-c763-0ef502d06fec:332.41;GPU-da4fcc29-b899-580b-92b6-f0cb14f70f21:329.592;GPU-e7cda51a-7d52-6ed3-329d-5434ddea4232:197.082;,GPU-1c734bb9-241d-d316-e881-5d070a9a1425:48683286528;GPU-2deeb77e-df41-879f-7601-d6296d16a8ff:55841914880;GPU-3a4be627-e52a-042d-9cd5-5c1377c672da:48683286528;GPU-5118acb4-22bd-f74f-ea1f-2c8cfe790a1d:48683286528;GPU-a27c88e4-e53e-7d6a-3abd-07b141b57ce6:48683286528;GPU-a2848da1-0f8a-a8cf-c763-0ef502d06fec:48683286528;GPU-da4fcc29-b899-580b-92b6-f0cb14f70f21:47475326976;GPU-e7cda51a-7d52-6ed3-329d-5434ddea4232:23131586560;,GPU-1c734bb9-241d-d316-e881-5d070a9a1425:192265846784;GPU-2deeb77e-df41-879f-7601-d6296d16a8ff:192265846784;GPU-3a4be627-e52a-042d-9cd5-5c1377c672da:192265846784;GPU-5118acb4-22bd-f74f-ea1f-2c8cfe790a1d:192265846784;GPU-a27c88e4-e53e-7d6a-3abd-07b141b57ce6:192265846784;GPU-a2848da1-0f8a-a8cf-c763-0ef502d06fec:192265846784;GPU-da4fcc29-b899-580b-92b6-f0cb14f70f21:192265846784;GPU-e7cda51a-7d52-6ed3-329d-5434ddea4232:192265846784;
,mistral,8,,,,193,14.5183,128,873,97122783,15,4415430,38,0,106294005,107941322,108435044,109413525,128,101539130,GPU-1c734bb9-241d-d316-e881-5d070a9a1425:0.532778;GPU-2deeb77e-df41-879f-7601-d6296d16a8ff:0.454259;GPU-3a4be627-e52a-042d-9cd5-5c1377c672da:0.54804;GPU-5118acb4-22bd-f74f-ea1f-2c8cfe790a1d:0.540972;GPU-a27c88e4-e53e-7d6a-3abd-07b141b57ce6:0.575818;GPU-a2848da1-0f8a-a8cf-c763-0ef502d06fec:0.550139;GPU-da4fcc29-b899-580b-92b6-f0cb14f70f21:0.491111;GPU-e7cda51a-7d52-6ed3-329d-5434ddea4232:0;,GPU-1c734bb9-241d-d316-e881-5d070a9a1425:341.045;GPU-2deeb77e-df41-879f-7601-d6296d16a8ff:299.011;GPU-3a4be627-e52a-042d-9cd5-5c1377c672da:340.543;GPU-5118acb4-22bd-f74f-ea1f-2c8cfe790a1d:329.932;GPU-a27c88e4-e53e-7d6a-3abd-07b141b57ce6:337.748;GPU-a2848da1-0f8a-a8cf-c763-0ef502d06fec:332.193;GPU-da4fcc29-b899-580b-92b6-f0cb14f70f21:329.984;GPU-e7cda51a-7d52-6ed3-329d-5434ddea4232:197.443;,GPU-1c734bb9-241d-d316-e881-5d070a9a1425:48683286528;GPU-2deeb77e-df41-879f-7601-d6296d16a8ff:55841914880;GPU-3a4be627-e52a-042d-9cd5-5c1377c672da:48683286528;GPU-5118acb4-22bd-f74f-ea1f-2c8cfe790a1d:48683286528;GPU-a27c88e4-e53e-7d6a-3abd-07b141b57ce6:48683286528;GPU-a2848da1-0f8a-a8cf-c763-0ef502d06fec:48683286528;GPU-da4fcc29-b899-580b-92b6-f0cb14f70f21:47475326976;GPU-e7cda51a-7d52-6ed3-329d-5434ddea4232:23131586560;,GPU-1c734bb9-241d-d316-e881-5d070a9a1425:192265846784;GPU-2deeb77e-df41-879f-7601-d6296d16a8ff:192265846784;GPU-3a4be627-e52a-042d-9cd5-5c1377c672da:192265846784;GPU-5118acb4-22bd-f74f-ea1f-2c8cfe790a1d:192265846784;GPU-a27c88e4-e53e-7d6a-3abd-07b141b57ce6:192265846784;GPU-a2848da1-0f8a-a8cf-c763-0ef502d06fec:192265846784;GPU-da4fcc29-b899-580b-92b6-f0cb14f70f21:192265846784;GPU-e7cda51a-7d52-6ed3-329d-5434ddea4232:192265846784;
,mistral,8,,,,65,14.6167,824,843,30205212,15,4364463,39,0,35069100,37043876,37466714,38031116,824,34570561,GPU-1c734bb9-241d-d316-e881-5d070a9a1425:0.536975;GPU-2deeb77e-df41-879f-7601-d6296d16a8ff:0.456481;GPU-3a4be627-e52a-042d-9cd5-5c1377c672da:0.544059;GPU-5118acb4-22bd-f74f-ea1f-2c8cfe790a1d:0.538272;GPU-a27c88e4-e53e-7d6a-3abd-07b141b57ce6:0.585293;GPU-a2848da1-0f8a-a8cf-c763-0ef502d06fec:0.568441;GPU-da4fcc29-b899-580b-92b6-f0cb14f70f21:0.497762;GPU-e7cda51a-7d52-6ed3-329d-5434ddea4232:0;,GPU-1c734bb9-241d-d316-e881-5d070a9a1425:340.696;GPU-2deeb77e-df41-879f-7601-d6296d16a8ff:299.037;GPU-3a4be627-e52a-042d-9cd5-5c1377c672da:340.001;GPU-5118acb4-22bd-f74f-ea1f-2c8cfe790a1d:330.282;GPU-a27c88e4-e53e-7d6a-3abd-07b141b57ce6:338.014;GPU-a2848da1-0f8a-a8cf-c763-0ef502d06fec:332.872;GPU-da4fcc29-b899-580b-92b6-f0cb14f70f21:329.376;GPU-e7cda51a-7d52-6ed3-329d-5434ddea4232:196.852;,GPU-1c734bb9-241d-d316-e881-5d070a9a1425:48683286528;GPU-2deeb77e-df41-879f-7601-d6296d16a8ff:55841914880;GPU-3a4be627-e52a-042d-9cd5-5c1377c672da:48683286528;GPU-5118acb4-22bd-f74f-ea1f-2c8cfe790a1d:48683286528;GPU-a27c88e4-e53e-7d6a-3abd-07b141b57ce6:48683286528;GPU-a2848da1-0f8a-a8cf-c763-0ef502d06fec:48683286528;GPU-da4fcc29-b899-580b-92b6-f0cb14f70f21:47475326976;GPU-e7cda51a-7d52-6ed3-329d-5434ddea4232:23131586560;,GPU-1c734bb9-241d-d316-e881-5d070a9a1425:192265846784;GPU-2deeb77e-df41-879f-7601-d6296d16a8ff:192265846784;GPU-3a4be627-e52a-042d-9cd5-5c1377c672da:192265846784;GPU-5118acb4-22bd-f74f-ea1f-2c8cfe790a1d:192265846784;GPU-a27c88e4-e53e-7d6a-3abd-07b141b57ce6:192265846784;GPU-a2848da1-0f8a-a8cf-c763-0ef502d06fec:192265846784;GPU-da4fcc29-b899-580b-92b6-f0cb14f70f21:192265846784;GPU-e7cda51a-7d52-6ed3-329d-5434ddea4232:192265846784;
,meta-llama,8,,,,1,2.98762,50,815,295,19,2677355,40,0,2688183,2740089,2746108,2756175,50,2678517,GPU-1c734bb9-241d-d316-e881-5d070a9a1425:0.0777932;GPU-2deeb77e-df41-879f-7601-d6296d16a8ff:0.0741821;GPU-3a4be627-e52a-042d-9cd5-5c1377c672da:0.0779321;GPU-5118acb4-22bd-f74f-ea1f-2c8cfe790a1d:0.0784259;GPU-a27c88e4-e53e-7d6a-3abd-07b141b57ce6:0.0774074;GPU-a2848da1-0f8a-a8cf-c763-0ef502d06fec:0.0777932;GPU-da4fcc29-b899-580b-92b6-f0cb14f70f21:0.0784877;GPU-e7cda51a-7d52-6ed3-329d-5434ddea4232:0.0415586;,GPU-1c734bb9-241d-d316-e881-5d070a9a1425:261.674;GPU-2deeb77e-df41-879f-7601-d6296d16a8ff:245.757;GPU-3a4be627-e52a-042d-9cd5-5c1377c672da:261.425;GPU-5118acb4-22bd-f74f-ea1f-2c8cfe790a1d:253.944;GPU-a27c88e4-e53e-7d6a-3abd-07b141b57ce6:260.709;GPU-a2848da1-0f8a-a8cf-c763-0ef502d06fec:255.627;GPU-da4fcc29-b899-580b-92b6-f0cb14f70f21:261.378;GPU-e7cda51a-7d52-6ed3-329d-5434ddea4232:253.516;,GPU-1c734bb9-241d-d316-e881-5d070a9a1425:51199868928;GPU-2deeb77e-df41-879f-7601-d6296d16a8ff:58375274496;GPU-3a4be627-e52a-042d-9cd5-5c1377c672da:51199868928;GPU-5118acb4-22bd-f74f-ea1f-2c8cfe790a1d:51199868928;GPU-a27c88e4-e53e-7d6a-3abd-07b141b57ce6:51199868928;GPU-a2848da1-0f8a-a8cf-c763-0ef502d06fec:51199868928;GPU-da4fcc29-b899-580b-92b6-f0cb14f70f21:49991909376;GPU-e7cda51a-7d52-6ed3-329d-5434ddea4232:25748832256;,GPU-1c734bb9-241d-d316-e881-5d070a9a1425:192265846784;GPU-2deeb77e-df41-879f-7601-d6296d16a8ff:192265846784;GPU-3a4be627-e52a-042d-9cd5-5c1377c672da:192265846784;GPU-5118acb4-22bd-f74f-ea1f-2c8cfe790a1d:192265846784;GPU-a27c88e4-e53e-7d6a-3abd-07b141b57ce6:192265846784;GPU-a2848da1-0f8a-a8cf-c763-0ef502d06fec:192265846784;GPU-da4fcc29-b899-580b-92b6-f0cb14f70f21:192265846784;GPU-e7cda51a-7d52-6ed3-329d-5434ddea4232:192265846784;
,meta-llama,8,,,,257,6.98757,727,911,279479833,15,9134232,41,0,292903540,294571944,295011792,295449861,727,288615022,GPU-1c734bb9-241d-d316-e881-5d070a9a1425:0.653997;GPU-2deeb77e-df41-879f-7601-d6296d16a8ff:0.496003;GPU-3a4be627-e52a-042d-9cd5-5c1377c672da:0.654475;GPU-5118acb4-22bd-f74f-ea1f-2c8cfe790a1d:0.647407;GPU-a27c88e4-e53e-7d6a-3abd-07b141b57ce6:0.684475;GPU-a2848da1-0f8a-a8cf-c763-0ef502d06fec:0.693056;GPU-da4fcc29-b899-580b-92b6-f0cb14f70f21:0.576775;GPU-e7cda51a-7d52-6ed3-329d-5434ddea4232:0.166373;,GPU-1c734bb9-241d-d316-e881-5d070a9a1425:330.012;GPU-2deeb77e-df41-879f-7601-d6296d16a8ff:277.249;GPU-3a4be627-e52a-042d-9cd5-5c1377c672da:328.902;GPU-5118acb4-22bd-f74f-ea1f-2c8cfe790a1d:319.25;GPU-a27c88e4-e53e-7d6a-3abd-07b141b57ce6:326.436;GPU-a2848da1-0f8a-a8cf-c763-0ef502d06fec:320.501;GPU-da4fcc29-b899-580b-92b6-f0cb14f70f21:323.399;GPU-e7cda51a-7d52-6ed3-329d-5434ddea4232:268.599;,GPU-1c734bb9-241d-d316-e881-5d070a9a1425:51300532224;GPU-2deeb77e-df41-879f-7601-d6296d16a8ff:58251542528;GPU-3a4be627-e52a-042d-9cd5-5c1377c672da:51300532224;GPU-5118acb4-22bd-f74f-ea1f-2c8cfe790a1d:51300532224;GPU-a27c88e4-e53e-7d6a-3abd-07b141b57ce6:51300532224;GPU-a2848da1-0f8a-a8cf-c763-0ef502d06fec:51300532224;GPU-da4fcc29-b899-580b-92b6-f0cb14f70f21:50092572672;GPU-e7cda51a-7d52-6ed3-329d-5434ddea4232:25748832256;,GPU-1c734bb9-241d-d316-e881-5d070a9a1425:192265846784;GPU-2deeb77e-df41-879f-7601-d6296d16a8ff:192265846784;GPU-3a4be627-e52a-042d-9cd5-5c1377c672da:192265846784;GPU-5118acb4-22bd-f74f-ea1f-2c8cfe790a1d:192265846784;GPU-a27c88e4-e53e-7d6a-3abd-07b141b57ce6:192265846784;GPU-a2848da1-0f8a-a8cf-c763-0ef502d06fec:192265846784;GPU-da4fcc29-b899-580b-92b6-f0cb14f70f21:192265846784;GPU-e7cda51a-7d52-6ed3-329d-5434ddea4232:192265846784;
,meta-llama,8,,,,193,7.02455,67,906,209569836,15,9123907,42,0,219583122,221325784,221550327,222110922,67,218694698,GPU-1c734bb9-241d-d316-e881-5d070a9a1425:0.668318;GPU-2deeb77e-df41-879f-7601-d6296d16a8ff:0.495216;GPU-3a4be627-e52a-042d-9cd5-5c1377c672da:0.671497;GPU-5118acb4-22bd-f74f-ea1f-2c8cfe790a1d:0.664336;GPU-a27c88e4-e53e-7d6a-3abd-07b141b57ce6:0.687623;GPU-a2848da1-0f8a-a8cf-c763-0ef502d06fec:0.688086;GPU-da4fcc29-b899-580b-92b6-f0cb14f70f21:0.57625;GPU-e7cda51a-7d52-6ed3-329d-5434ddea4232:0.166219;,GPU-1c734bb9-241d-d316-e881-5d070a9a1425:331.552;GPU-2deeb77e-df41-879f-7601-d6296d16a8ff:278.648;GPU-3a4be627-e52a-042d-9cd5-5c1377c672da:330.147;GPU-5118acb4-22bd-f74f-ea1f-2c8cfe790a1d:320.573;GPU-a27c88e4-e53e-7d6a-3abd-07b141b57ce6:327.37;GPU-a2848da1-0f8a-a8cf-c763-0ef502d06fec:322.094;GPU-da4fcc29-b899-580b-92b6-f0cb14f70f21:324.867;GPU-e7cda51a-7d52-6ed3-329d-5434ddea4232:270.048;,GPU-1c734bb9-241d-d316-e881-5d070a9a1425:51300532224;GPU-2deeb77e-df41-879f-7601-d6296d16a8ff:58473840640;GPU-3a4be627-e52a-042d-9cd5-5c1377c672da:51300532224;GPU-5118acb4-22bd-f74f-ea1f-2c8cfe790a1d:51300532224;GPU-a27c88e4-e53e-7d6a-3abd-07b141b57ce6:51300532224;GPU-a2848da1-0f8a-a8cf-c763-0ef502d06fec:51300532224;GPU-da4fcc29-b899-580b-92b6-f0cb14f70f21:50092572672;GPU-e7cda51a-7d52-6ed3-329d-5434ddea4232:25748832256;,GPU-1c734bb9-241d-d316-e881-5d070a9a1425:192265846784;GPU-2deeb77e-df41-879f-7601-d6296d16a8ff:192265846784;GPU-3a4be627-e52a-042d-9cd5-5c1377c672da:192265846784;GPU-5118acb4-22bd-f74f-ea1f-2c8cfe790a1d:192265846784;GPU-a27c88e4-e53e-7d6a-3abd-07b141b57ce6:192265846784;GPU-a2848da1-0f8a-a8cf-c763-0ef502d06fec:192265846784;GPU-da4fcc29-b899-580b-92b6-f0cb14f70f21:192265846784;GPU-e7cda51a-7d52-6ed3-329d-5434ddea4232:192265846784;
,meta-llama,8,,,,321,7.02459,276,951,343625641,15,9116628,42,0,364780826,366544083,366962506,367237500,276,352743268,GPU-1c734bb9-241d-d316-e881-5d070a9a1425:0.672824;GPU-2deeb77e-df41-879f-7601-d6296d16a8ff:0.497593;GPU-3a4be627-e52a-042d-9cd5-5c1377c672da:0.658904;GPU-5118acb4-22bd-f74f-ea1f-2c8cfe790a1d:0.661003;GPU-a27c88e4-e53e-7d6a-3abd-07b141b57ce6:0.70537;GPU-a2848da1-0f8a-a8cf-c763-0ef502d06fec:0.687608;GPU-da4fcc29-b899-580b-92b6-f0cb14f70f21:0.564105;GPU-e7cda51a-7d52-6ed3-329d-5434ddea4232:0.168735;,GPU-1c734bb9-241d-d316-e881-5d070a9a1425:329.03;GPU-2deeb77e-df41-879f-7601-d6296d16a8ff:277.225;GPU-3a4be627-e52a-042d-9cd5-5c1377c672da:328.319;GPU-5118acb4-22bd-f74f-ea1f-2c8cfe790a1d:319.006;GPU-a27c88e4-e53e-7d6a-3abd-07b141b57ce6:325.66;GPU-a2848da1-0f8a-a8cf-c763-0ef502d06fec:320.22;GPU-da4fcc29-b899-580b-92b6-f0cb14f70f21:322.485;GPU-e7cda51a-7d52-6ed3-329d-5434ddea4232:268.057;,GPU-1c734bb9-241d-d316-e881-5d070a9a1425:51300532224;GPU-2deeb77e-df41-879f-7601-d6296d16a8ff:58251542528;GPU-3a4be627-e52a-042d-9cd5-5c1377c672da:51300532224;GPU-5118acb4-22bd-f74f-ea1f-2c8cfe790a1d:51300532224;GPU-a27c88e4-e53e-7d6a-3abd-07b141b57ce6:51300532224;GPU-a2848da1-0f8a-a8cf-c763-0ef502d06fec:51300532224;GPU-da4fcc29-b899-580b-92b6-f0cb14f70f21:50092572672;GPU-e7cda51a-7d52-6ed3-329d-5434ddea4232:25748832256;,GPU-1c734bb9-241d-d316-e881-5d070a9a1425:192265846784;GPU-2deeb77e-df41-879f-7601-d6296d16a8ff:192265846784;GPU-3a4be627-e52a-042d-9cd5-5c1377c672da:192265846784;GPU-5118acb4-22bd-f74f-ea1f-2c8cfe790a1d:192265846784;GPU-a27c88e4-e53e-7d6a-3abd-07b141b57ce6:192265846784;GPU-a2848da1-0f8a-a8cf-c763-0ef502d06fec:192265846784;GPU-da4fcc29-b899-580b-92b6-f0cb14f70f21:192265846784;GPU-e7cda51a-7d52-6ed3-329d-5434ddea4232:192265846784;
,meta-llama,8,,,,65,11.2962,666,886,38694239,15,5631083,41,0,45233468,49108942,49513694,50179083,666,44326254,GPU-1c734bb9-241d-d316-e881-5d070a9a1425:0.496713;GPU-2deeb77e-df41-879f-7601-d6296d16a8ff:0.375633;GPU-3a4be627-e52a-042d-9cd5-5c1377c672da:0.497623;GPU-5118acb4-22bd-f74f-ea1f-2c8cfe790a1d:0.486883;GPU-a27c88e4-e53e-7d6a-3abd-07b141b57ce6:0.49037;GPU-a2848da1-0f8a-a8cf-c763-0ef502d06fec:0.498472;GPU-da4fcc29-b899-580b-92b6-f0cb14f70f21:0.493673;GPU-e7cda51a-7d52-6ed3-329d-5434ddea4232:0.257377;,GPU-1c734bb9-241d-d316-e881-5d070a9a1425:321.406;GPU-2deeb77e-df41-879f-7601-d6296d16a8ff:265.056;GPU-3a4be627-e52a-042d-9cd5-5c1377c672da:320.452;GPU-5118acb4-22bd-f74f-ea1f-2c8cfe790a1d:311.593;GPU-a27c88e4-e53e-7d6a-3abd-07b141b57ce6:318.454;GPU-a2848da1-0f8a-a8cf-c763-0ef502d06fec:313.198;GPU-da4fcc29-b899-580b-92b6-f0cb14f70f21:321.034;GPU-e7cda51a-7d52-6ed3-329d-5434ddea4232:285.609;,GPU-1c734bb9-241d-d316-e881-5d070a9a1425:51199868928;GPU-2deeb77e-df41-879f-7601-d6296d16a8ff:58375274496;GPU-3a4be627-e52a-042d-9cd5-5c1377c672da:51199868928;GPU-5118acb4-22bd-f74f-ea1f-2c8cfe790a1d:51199868928;GPU-a27c88e4-e53e-7d6a-3abd-07b141b57ce6:51199868928;GPU-a2848da1-0f8a-a8cf-c763-0ef502d06fec:51199868928;GPU-da4fcc29-b899-580b-92b6-f0cb14f70f21:49991909376;GPU-e7cda51a-7d52-6ed3-329d-5434ddea4232:25748832256;,GPU-1c734bb9-241d-d316-e881-5d070a9a1425:192265846784;GPU-2deeb77e-df41-879f-7601-d6296d16a8ff:192265846784;GPU-3a4be627-e52a-042d-9cd5-5c1377c672da:192265846784;GPU-5118acb4-22bd-f74f-ea1f-2c8cfe790a1d:192265846784;GPU-a27c88e4-e53e-7d6a-3abd-07b141b57ce6:192265846784;GPU-a2848da1-0f8a-a8cf-c763-0ef502d06fec:192265846784;GPU-da4fcc29-b899-580b-92b6-f0cb14f70f21:192265846784;GPU-e7cda51a-7d52-6ed3-329d-5434ddea4232:192265846784;
,meta-llama,8,,,,385,11.3578,80,858,265692530,15,5644849,40,0,271294119,272747117,273173949,273638503,80,271338283,GPU-1c734bb9-241d-d316-e881-5d070a9a1425:0.484815;GPU-2deeb77e-df41-879f-7601-d6296d16a8ff:0.375818;GPU-3a4be627-e52a-042d-9cd5-5c1377c672da:0.484151;GPU-5118acb4-22bd-f74f-ea1f-2c8cfe790a1d:0.478688;GPU-a27c88e4-e53e-7d6a-3abd-07b141b57ce6:0.486049;GPU-a2848da1-0f8a-a8cf-c763-0ef502d06fec:0.496019;GPU-da4fcc29-b899-580b-92b6-f0cb14f70f21:0.483395;GPU-e7cda51a-7d52-6ed3-329d-5434ddea4232:0.260478;,GPU-1c734bb9-241d-d316-e881-5d070a9a1425:319.925;GPU-2deeb77e-df41-879f-7601-d6296d16a8ff:263.251;GPU-3a4be627-e52a-042d-9cd5-5c1377c672da:318.469;GPU-5118acb4-22bd-f74f-ea1f-2c8cfe790a1d:310.288;GPU-a27c88e4-e53e-7d6a-3abd-07b141b57ce6:316.313;GPU-a2848da1-0f8a-a8cf-c763-0ef502d06fec:310.822;GPU-da4fcc29-b899-580b-92b6-f0cb14f70f21:318.592;GPU-e7cda51a-7d52-6ed3-329d-5434ddea4232:282.975;,GPU-1c734bb9-241d-d316-e881-5d070a9a1425:53515124736;GPU-2deeb77e-df41-879f-7601-d6296d16a8ff:60466135040;GPU-3a4be627-e52a-042d-9cd5-5c1377c672da:53515124736;GPU-5118acb4-22bd-f74f-ea1f-2c8cfe790a1d:53515124736;GPU-a27c88e4-e53e-7d6a-3abd-07b141b57ce6:53515124736;GPU-a2848da1-0f8a-a8cf-c763-0ef502d06fec:53515124736;GPU-da4fcc29-b899-580b-92b6-f0cb14f70f21:52307165184;GPU-e7cda51a-7d52-6ed3-329d-5434ddea4232:25748832256;,GPU-1c734bb9-241d-d316-e881-5d070a9a1425:192265846784;GPU-2deeb77e-df41-879f-7601-d6296d16a8ff:192265846784;GPU-3a4be627-e52a-042d-9cd5-5c1377c672da:192265846784;GPU-5118acb4-22bd-f74f-ea1f-2c8cfe790a1d:192265846784;GPU-a27c88e4-e53e-7d6a-3abd-07b141b57ce6:192265846784;GPU-a2848da1-0f8a-a8cf-c763-0ef502d06fec:192265846784;GPU-da4fcc29-b899-580b-92b6-f0cb14f70f21:192265846784;GPU-e7cda51a-7d52-6ed3-329d-5434ddea4232:192265846784;
,meta-llama,8,,,,129,11.3701,323,901,80490343,15,5641093,41,0,90518644,93260920,94088062,94916718,323,86132382,GPU-1c734bb9-241d-d316-e881-5d070a9a1425:0.492346;GPU-2deeb77e-df41-879f-7601-d6296d16a8ff:0.374815;GPU-3a4be627-e52a-042d-9cd5-5c1377c672da:0.487685;GPU-5118acb4-22bd-f74f-ea1f-2c8cfe790a1d:0.484444;GPU-a27c88e4-e53e-7d6a-3abd-07b141b57ce6:0.491343;GPU-a2848da1-0f8a-a8cf-c763-0ef502d06fec:0.494583;GPU-da4fcc29-b899-580b-92b6-f0cb14f70f21:0.484275;GPU-e7cda51a-7d52-6ed3-329d-5434ddea4232:0.258164;,GPU-1c734bb9-241d-d316-e881-5d070a9a1425:323.174;GPU-2deeb77e-df41-879f-7601-d6296d16a8ff:265.873;GPU-3a4be627-e52a-042d-9cd5-5c1377c672da:321.872;GPU-5118acb4-22bd-f74f-ea1f-2c8cfe790a1d:312.285;GPU-a27c88e4-e53e-7d6a-3abd-07b141b57ce6:318.949;GPU-a2848da1-0f8a-a8cf-c763-0ef502d06fec:314.487;GPU-da4fcc29-b899-580b-92b6-f0cb14f70f21:322.785;GPU-e7cda51a-7d52-6ed3-329d-5434ddea4232:287.03;,GPU-1c734bb9-241d-d316-e881-5d070a9a1425:51199868928;GPU-2deeb77e-df41-879f-7601-d6296d16a8ff:58375274496;GPU-3a4be627-e52a-042d-9cd5-5c1377c672da:51199868928;GPU-5118acb4-22bd-f74f-ea1f-2c8cfe790a1d:51199868928;GPU-a27c88e4-e53e-7d6a-3abd-07b141b57ce6:51199868928;GPU-a2848da1-0f8a-a8cf-c763-0ef502d06fec:51199868928;GPU-da4fcc29-b899-580b-92b6-f0cb14f70f21:49991909376;GPU-e7cda51a-7d52-6ed3-329d-5434ddea4232:25748832256;,GPU-1c734bb9-241d-d316-e881-5d070a9a1425:192265846784;GPU-2deeb77e-df41-879f-7601-d6296d16a8ff:192265846784;GPU-3a4be627-e52a-042d-9cd5-5c1377c672da:192265846784;GPU-5118acb4-22bd-f74f-ea1f-2c8cfe790a1d:192265846784;GPU-a27c88e4-e53e-7d6a-3abd-07b141b57ce6:192265846784;GPU-a2848da1-0f8a-a8cf-c763-0ef502d06fec:192265846784;GPU-da4fcc29-b899-580b-92b6-f0cb14f70f21:192265846784;GPU-e7cda51a-7d52-6ed3-329d-5434ddea4232:192265846784;
,meta-llama,8,,,,449,11.3949,807,884,304403509,15,5613831,40,0,315095170,316315437,316666940,317260354,807,310018270,GPU-1c734bb9-241d-d316-e881-5d070a9a1425:0.501049;GPU-2deeb77e-df41-879f-7601-d6296d16a8ff:0.376065;GPU-3a4be627-e52a-042d-9cd5-5c1377c672da:0.49591;GPU-5118acb4-22bd-f74f-ea1f-2c8cfe790a1d:0.485031;GPU-a27c88e4-e53e-7d6a-3abd-07b141b57ce6:0.49588;GPU-a2848da1-0f8a-a8cf-c763-0ef502d06fec:0.496713;GPU-da4fcc29-b899-580b-92b6-f0cb14f70f21:0.486914;GPU-e7cda51a-7d52-6ed3-329d-5434ddea4232:0.260664;,GPU-1c734bb9-241d-d316-e881-5d070a9a1425:321.222;GPU-2deeb77e-df41-879f-7601-d6296d16a8ff:264.006;GPU-3a4be627-e52a-042d-9cd5-5c1377c672da:319.892;GPU-5118acb4-22bd-f74f-ea1f-2c8cfe790a1d:310.909;GPU-a27c88e4-e53e-7d6a-3abd-07b141b57ce6:317.615;GPU-a2848da1-0f8a-a8cf-c763-0ef502d06fec:312.199;GPU-da4fcc29-b899-580b-92b6-f0cb14f70f21:320.225;GPU-e7cda51a-7d52-6ed3-329d-5434ddea4232:284.411;,GPU-1c734bb9-241d-d316-e881-5d070a9a1425:53515124736;GPU-2deeb77e-df41-879f-7601-d6296d16a8ff:60466135040;GPU-3a4be627-e52a-042d-9cd5-5c1377c672da:53515124736;GPU-5118acb4-22bd-f74f-ea1f-2c8cfe790a1d:53515124736;GPU-a27c88e4-e53e-7d6a-3abd-07b141b57ce6:53515124736;GPU-a2848da1-0f8a-a8cf-c763-0ef502d06fec:53515124736;GPU-da4fcc29-b899-580b-92b6-f0cb14f70f21:52307165184;GPU-e7cda51a-7d52-6ed3-329d-5434ddea4232:25748832256;,GPU-1c734bb9-241d-d316-e881-5d070a9a1425:192265846784;GPU-2deeb77e-df41-879f-7601-d6296d16a8ff:192265846784;GPU-3a4be627-e52a-042d-9cd5-5c1377c672da:192265846784;GPU-5118acb4-22bd-f74f-ea1f-2c8cfe790a1d:192265846784;GPU-a27c88e4-e53e-7d6a-3abd-07b141b57ce6:192265846784;GPU-a2848da1-0f8a-a8cf-c763-0ef502d06fec:192265846784;GPU-da4fcc29-b899-580b-92b6-f0cb14f70f21:192265846784;GPU-e7cda51a-7d52-6ed3-329d-5434ddea4232:192265846784;
