eta,gemma3,8,f16,1:24:8,4096,9,4.72835,57,881,13351836,18,1691425,39,0,15156792,15654014,15674120,15691061,57,15044191,GPU-0:0;GPU-1:0.64054;GPU-2:0;GPU-3:0;GPU-4:0;GPU-5:0;GPU-6:0;GPU-7:0;,GPU-0:191.973;GPU-1:319.973;GPU-2:192.798;GPU-3:187.933;GPU-4:193.379;GPU-5:189.921;GPU-6:191.639;GPU-7:191.946;,GPU-0:86292561920;GPU-1:132929028096;GPU-2:86292561920;GPU-3:86292561920;GPU-4:86292561920;GPU-5:86292561920;GPU-6:80923852800;GPU-7:16449011712;,GPU-0:192265846784;GPU-1:192265846784;GPU-2:192265846784;GPU-3:192265846784;GPU-4:192265846784;GPU-5:192265846784;GPU-6:192265846784;GPU-7:192265846784;
eta,gemma3,8,f16,1:24:8,4096,1,4.74069,51,816,281,17,1686537,38,0,1680010,1685752,1687125,2215195,51,1687682,GPU-0:0;GPU-1:0.643272;GPU-2:0;GPU-3:0;GPU-4:0;GPU-5:0;GPU-6:0;GPU-7:0;,GPU-0:191.697;GPU-1:320.516;GPU-2:192.523;GPU-3:187.732;GPU-4:193.148;GPU-5:189.619;GPU-6:191.318;GPU-7:191.61;,GPU-0:86292561920;GPU-1:132929028096;GPU-2:86292561920;GPU-3:86292561920;GPU-4:86292561920;GPU-5:86292561920;GPU-6:80923852800;GPU-7:16449011712;,GPU-0:192265846784;GPU-1:192265846784;GPU-2:192265846784;GPU-3:192265846784;GPU-4:192265846784;GPU-5:192265846784;GPU-6:192265846784;GPU-7:192265846784;
eta,gemma3,8,f16,1:24:8,4096,17,4.7407,57,837,26575458,17,1689954,39,0,28629463,29115898,29130164,29154250,57,28266297,GPU-0:0;GPU-1:0.641528;GPU-2:0;GPU-3:0;GPU-4:0;GPU-5:0;GPU-6:0;GPU-7:0;,GPU-0:192.196;GPU-1:320.08;GPU-2:193.04;GPU-3:188.171;GPU-4:193.666;GPU-5:190.177;GPU-6:191.913;GPU-7:192.29;,GPU-0:86292561920;GPU-1:132929028096;GPU-2:86292561920;GPU-3:86292561920;GPU-4:86292561920;GPU-5:86292561920;GPU-6:80923852800;GPU-7:16449011712;,GPU-0:192265846784;GPU-1:192265846784;GPU-2:192265846784;GPU-3:192265846784;GPU-4:192265846784;GPU-5:192265846784;GPU-6:192265846784;GPU-7:192265846784;
eta,gemma3,8,f16,1:128:16,4096,113,4.5678,258,881,187990905,16,1748942,38,0,197465774,198144717,198274999,198303056,258,189740775,GPU-0:0;GPU-1:0.658673;GPU-2:0;GPU-3:0;GPU-4:0;GPU-5:0;GPU-6:0;GPU-7:0;,GPU-0:193.115;GPU-1:324.07;GPU-2:193.842;GPU-3:188.929;GPU-4:194.065;GPU-5:190.601;GPU-6:192.139;GPU-7:192.877;,GPU-0:86292561920;GPU-1:133086314496;GPU-2:86292561920;GPU-3:86292561920;GPU-4:86292561920;GPU-5:86292561920;GPU-6:80923852800;GPU-7:16449011712;,GPU-0:192265846784;GPU-1:192265846784;GPU-2:192265846784;GPU-3:192265846784;GPU-4:192265846784;GPU-5:192265846784;GPU-6:192265846784;GPU-7:192265846784;
eta,gemma3,8,f16,1:128:16,4096,81,4.56786,82,841,134398657,18,1748751,39,0,141671922,141824120,141839690,141860747,82,136148298,GPU-0:0;GPU-1:0.657346;GPU-2:0;GPU-3:0;GPU-4:0;GPU-5:0;GPU-6:0;GPU-7:0;,GPU-0:193.402;GPU-1:324.626;GPU-2:194.215;GPU-3:189.306;GPU-4:194.58;GPU-5:191.049;GPU-6:192.581;GPU-7:193.242;,GPU-0:86292561920;GPU-1:133086314496;GPU-2:86292561920;GPU-3:86292561920;GPU-4:86292561920;GPU-5:86292561920;GPU-6:80923852800;GPU-7:16449011712;,GPU-0:192265846784;GPU-1:192265846784;GPU-2:192265846784;GPU-3:192265846784;GPU-4:192265846784;GPU-5:192265846784;GPU-6:192265846784;GPU-7:192265846784;
eta,gemma3,8,f16,1:128:16,4096,49,4.56786,92,1218,80855262,17,1748789,39,0,85382666,86118096,86142570,86166085,92,82605316,GPU-0:0;GPU-1:0.660324;GPU-2:0;GPU-3:0;GPU-4:0;GPU-5:0;GPU-6:0;GPU-7:0;,GPU-0:192.818;GPU-1:324.415;GPU-2:193.725;GPU-3:188.749;GPU-4:194.22;GPU-5:190.686;GPU-6:192.374;GPU-7:192.785;,GPU-0:86292561920;GPU-1:133086314496;GPU-2:86292561920;GPU-3:86292561920;GPU-4:86292561920;GPU-5:86292561920;GPU-6:80923852800;GPU-7:16449011712;,GPU-0:192265846784;GPU-1:192265846784;GPU-2:192265846784;GPU-3:192265846784;GPU-4:192265846784;GPU-5:192265846784;GPU-6:192265846784;GPU-7:192265846784;
eta,gemma3,8,f16,1:128:16,4096,17,4.56786,68,914,27317939,18,1749820,39,0,29588573,30290176,30296997,30316296,68,29068722,GPU-0:0;GPU-1:0.662778;GPU-2:0;GPU-3:0;GPU-4:0;GPU-5:0;GPU-6:0;GPU-7:0;,GPU-0:192.258;GPU-1:323.913;GPU-2:193.216;GPU-3:188.224;GPU-4:193.749;GPU-5:190.259;GPU-6:191.987;GPU-7:192.445;,GPU-0:86292561920;GPU-1:133086314496;GPU-2:86292561920;GPU-3:86292561920;GPU-4:86292561920;GPU-5:86292561920;GPU-6:80923852800;GPU-7:16449011712;,GPU-0:192265846784;GPU-1:192265846784;GPU-2:192265846784;GPU-3:192265846784;GPU-4:192265846784;GPU-5:192265846784;GPU-6:192265846784;GPU-7:192265846784;
eta,gemma3,8,f16,1:128:16,4096,97,4.58011,69,1414,161212042,18,1749430,38,0,169611969,169799389,170334562,170458348,69,162962934,GPU-0:0;GPU-1:0.658966;GPU-2:0;GPU-3:0;GPU-4:0;GPU-5:0;GPU-6:0;GPU-7:0;,GPU-0:193.671;GPU-1:324.743;GPU-2:194.478;GPU-3:189.52;GPU-4:194.761;GPU-5:191.216;GPU-6:192.709;GPU-7:193.436;,GPU-0:86292561920;GPU-1:133086314496;GPU-2:86292561920;GPU-3:86292561920;GPU-4:86292561920;GPU-5:86292561920;GPU-6:80923852800;GPU-7:16449011712;,GPU-0:192265846784;GPU-1:192265846784;GPU-2:192265846784;GPU-3:192265846784;GPU-4:192265846784;GPU-5:192265846784;GPU-6:192265846784;GPU-7:192265846784;
eta,gemma3,8,f16,1:128:16,4096,33,4.58016,61,1124,54037774,18,1747430,40,0,57452971,58130459,58154978,58203359,61,55786378,GPU-0:0;GPU-1:0.663333;GPU-2:0;GPU-3:0;GPU-4:0;GPU-5:0;GPU-6:0;GPU-7:0;,GPU-0:192.476;GPU-1:324.163;GPU-2:193.436;GPU-3:188.425;GPU-4:193.974;GPU-5:190.432;GPU-6:192.137;GPU-7:192.587;,GPU-0:86292561920;GPU-1:133086314496;GPU-2:86292561920;GPU-3:86292561920;GPU-4:86292561920;GPU-5:86292561920;GPU-6:80923852800;GPU-7:16449011712;,GPU-0:192265846784;GPU-1:192265846784;GPU-2:192265846784;GPU-3:192265846784;GPU-4:192265846784;GPU-5:192265846784;GPU-6:192265846784;GPU-7:192265846784;
eta,gemma3,8,f16,1:128:16,4096,1,4.5802,51,502,282,17,1749053,37,0,1741494,1745711,1746731,1749133,51,1749885,GPU-0:0;GPU-1:0.657315;GPU-2:0;GPU-3:0;GPU-4:0;GPU-5:0;GPU-6:0;GPU-7:0;,GPU-0:192.316;GPU-1:323.601;GPU-2:193.236;GPU-3:188.258;GPU-4:193.768;GPU-5:190.281;GPU-6:192.002;GPU-7:192.465;,GPU-0:86292561920;GPU-1:133086314496;GPU-2:86292561920;GPU-3:86292561920;GPU-4:86292561920;GPU-5:86292561920;GPU-6:80923852800;GPU-7:16449011712;,GPU-0:192265846784;GPU-1:192265846784;GPU-2:192265846784;GPU-3:192265846784;GPU-4:192265846784;GPU-5:192265846784;GPU-6:192265846784;GPU-7:192265846784;
eta,gemma3,8,f16,1:128:16,4096,65,4.58021,62,847,107581000,17,1748315,37,0,113741861,113887303,113915053,113941987,62,109330207,GPU-0:0;GPU-1:0.657222;GPU-2:0;GPU-3:0;GPU-4:0;GPU-5:0;GPU-6:0;GPU-7:0;,GPU-0:193.164;GPU-1:324.673;GPU-2:194.04;GPU-3:189.093;GPU-4:194.46;GPU-5:190.914;GPU-6:192.377;GPU-7:193.066;,GPU-0:86292561920;GPU-1:133086314496;GPU-2:86292561920;GPU-3:86292561920;GPU-4:86292561920;GPU-5:86292561920;GPU-6:80923852800;GPU-7:16449011712;,GPU-0:192265846784;GPU-1:192265846784;GPU-2:192265846784;GPU-3:192265846784;GPU-4:192265846784;GPU-5:192265846784;GPU-6:192265846784;GPU-7:192265846784;
eta,gemma3,8,bf16,1:24:8,4096,1,4.77773,50,770,277,17,1672371,38,0,1666782,1670015,1671255,2165273,50,1673469,GPU-0:0;GPU-1:0.647253;GPU-2:0;GPU-3:0;GPU-4:0;GPU-5:0;GPU-6:0;GPU-7:0;,GPU-0:191.893;GPU-1:320.547;GPU-2:192.452;GPU-3:187.956;GPU-4:192.93;GPU-5:189.219;GPU-6:191.02;GPU-7:191.505;,GPU-0:86292561920;GPU-1:133908398080;GPU-2:86292561920;GPU-3:86292561920;GPU-4:86292561920;GPU-5:86292561920;GPU-6:80923852800;GPU-7:16449011712;,GPU-0:192265846784;GPU-1:192265846784;GPU-2:192265846784;GPU-3:192265846784;GPU-4:192265846784;GPU-5:192265846784;GPU-6:192265846784;GPU-7:192265846784;
eta,gemma3,8,bf16,1:24:8,4096,17,4.77774,56,826,26324123,25,1672315,40,0,28336831,28804604,28820179,28843197,56,27997322,GPU-0:0;GPU-1:0.652269;GPU-2:0;GPU-3:0;GPU-4:0;GPU-5:0;GPU-6:0;GPU-7:0;,GPU-0:192.714;GPU-1:321.89;GPU-2:193.422;GPU-3:188.748;GPU-4:193.962;GPU-5:190.206;GPU-6:191.962;GPU-7:192.414;,GPU-0:86292561920;GPU-1:133908398080;GPU-2:86292561920;GPU-3:86292561920;GPU-4:86292561920;GPU-5:86292561920;GPU-6:80923852800;GPU-7:16449011712;,GPU-0:192265846784;GPU-1:192265846784;GPU-2:192265846784;GPU-3:192265846784;GPU-4:192265846784;GPU-5:192265846784;GPU-6:192265846784;GPU-7:192265846784;
eta,gemma3,8,bf16,1:24:8,4096,9,4.79009,55,789,13201821,22,1671650,40,0,14990856,15467036,15485677,15507056,55,14874314,GPU-0:0;GPU-1:0.652238;GPU-2:0;GPU-3:0;GPU-4:0;GPU-5:0;GPU-6:0;GPU-7:0;,GPU-0:192.071;GPU-1:321.275;GPU-2:192.662;GPU-3:188.166;GPU-4:193.16;GPU-5:189.345;GPU-6:191.211;GPU-7:191.596;,GPU-0:86292561920;GPU-1:133908398080;GPU-2:86292561920;GPU-3:86292561920;GPU-4:86292561920;GPU-5:86292561920;GPU-6:80923852800;GPU-7:16449011712;,GPU-0:192265846784;GPU-1:192265846784;GPU-2:192265846784;GPU-3:192265846784;GPU-4:192265846784;GPU-5:192265846784;GPU-6:192265846784;GPU-7:192265846784;
eta,gemma3,8,bf16,1:128:16,4096,1,4.50612,51,727,277,17,1773781,38,0,1768346,1771429,1772631,1775623,51,1774836,GPU-0:0;GPU-1:0.652932;GPU-2:0;GPU-3:0;GPU-4:0;GPU-5:0;GPU-6:0;GPU-7:0;,GPU-0:193.122;GPU-1:322.889;GPU-2:193.898;GPU-3:189.083;GPU-4:194.373;GPU-5:190.727;GPU-6:192.224;GPU-7:193.02;,GPU-0:86292561920;GPU-1:134084558848;GPU-2:86292561920;GPU-3:86292561920;GPU-4:86292561920;GPU-5:86292561920;GPU-6:80923852800;GPU-7:16449011712;,GPU-0:192265846784;GPU-1:192265846784;GPU-2:192265846784;GPU-3:192265846784;GPU-4:192265846784;GPU-5:192265846784;GPU-6:192265846784;GPU-7:192265846784;
eta,gemma3,8,bf16,1:128:16,4096,97,4.51848,95,797,162719646,16,1767107,42,0,171318259,171557283,171571704,171585156,95,164487600,GPU-0:0;GPU-1:0.649028;GPU-2:0;GPU-3:0;GPU-4:0;GPU-5:0;GPU-6:0;GPU-7:0;,GPU-0:193.056;GPU-1:322.408;GPU-2:193.874;GPU-3:188.973;GPU-4:194.411;GPU-5:190.796;GPU-6:192.22;GPU-7:193.071;,GPU-0:86292561920;GPU-1:134084558848;GPU-2:86292561920;GPU-3:86292561920;GPU-4:86292561920;GPU-5:86292561920;GPU-6:80923852800;GPU-7:16449011712;,GPU-0:192265846784;GPU-1:192265846784;GPU-2:192265846784;GPU-3:192265846784;GPU-4:192265846784;GPU-5:192265846784;GPU-6:192265846784;GPU-7:192265846784;
eta,gemma3,8,bf16,1:128:16,4096,113,4.53078,228,767,189719656,16,1766424,42,0,199459573,200085400,200095450,200126886,228,191486897,GPU-0:0;GPU-1:0.653843;GPU-2:0;GPU-3:0;GPU-4:0;GPU-5:0;GPU-6:0;GPU-7:0;,GPU-0:193.339;GPU-1:323.19;GPU-2:194.128;GPU-3:189.291;GPU-4:194.59;GPU-5:190.934;GPU-6:192.488;GPU-7:193.209;,GPU-0:86292561920;GPU-1:134084558848;GPU-2:86292561920;GPU-3:86292561920;GPU-4:86292561920;GPU-5:86292561920;GPU-6:80923852800;GPU-7:16449011712;,GPU-0:192265846784;GPU-1:192265846784;GPU-2:192265846784;GPU-3:192265846784;GPU-4:192265846784;GPU-5:192265846784;GPU-6:192265846784;GPU-7:192265846784;
eta,gemma3,8,bf16,1:128:16,4096,49,4.53082,92,828,81587769,15,1765989,41,0,86222276,86958312,86999723,87012902,92,83354634,GPU-0:0;GPU-1:0.652269;GPU-2:0;GPU-3:0;GPU-4:0;GPU-5:0;GPU-6:0;GPU-7:0;,GPU-0:192.671;GPU-1:322.575;GPU-2:193.524;GPU-3:188.639;GPU-4:194.141;GPU-5:190.509;GPU-6:192.018;GPU-7:192.773;,GPU-0:86292561920;GPU-1:134084558848;GPU-2:86292561920;GPU-3:86292561920;GPU-4:86292561920;GPU-5:86292561920;GPU-6:80923852800;GPU-7:16449011712;,GPU-0:192265846784;GPU-1:192265846784;GPU-2:192265846784;GPU-3:192265846784;GPU-4:192265846784;GPU-5:192265846784;GPU-6:192265846784;GPU-7:192265846784;
eta,gemma3,8,bf16,1:128:16,4096,65,4.53082,66,833,108725596,15,1765858,42,0,114964846,115251228,115279396,115291664,66,110492334,GPU-0:0;GPU-1:0.654491;GPU-2:0;GPU-3:0;GPU-4:0;GPU-5:0;GPU-6:0;GPU-7:0;,GPU-0:192.857;GPU-1:322.95;GPU-2:193.661;GPU-3:188.814;GPU-4:194.218;GPU-5:190.543;GPU-6:192.071;GPU-7:192.853;,GPU-0:86292561920;GPU-1:134084558848;GPU-2:86292561920;GPU-3:86292561920;GPU-4:86292561920;GPU-5:86292561920;GPU-6:80923852800;GPU-7:16449011712;,GPU-0:192265846784;GPU-1:192265846784;GPU-2:192265846784;GPU-3:192265846784;GPU-4:192265846784;GPU-5:192265846784;GPU-6:192265846784;GPU-7:192265846784;
eta,gemma3,8,bf16,1:128:16,4096,81,4.53082,79,796,135644001,16,1764847,42,0,142942938,143049232,143077962,143138996,79,137409692,GPU-0:0;GPU-1:0.654691;GPU-2:0;GPU-3:0;GPU-4:0;GPU-5:0;GPU-6:0;GPU-7:0;,GPU-0:193.024;GPU-1:322.864;GPU-2:193.897;GPU-3:188.942;GPU-4:194.378;GPU-5:190.775;GPU-6:192.229;GPU-7:193.018;,GPU-0:86292561920;GPU-1:134084558848;GPU-2:86292561920;GPU-3:86292561920;GPU-4:86292561920;GPU-5:86292561920;GPU-6:80923852800;GPU-7:16449011712;,GPU-0:192265846784;GPU-1:192265846784;GPU-2:192265846784;GPU-3:192265846784;GPU-4:192265846784;GPU-5:192265846784;GPU-6:192265846784;GPU-7:192265846784;
eta,gemma3,8,bf16,1:128:16,4096,17,4.53083,61,843,27572116,18,1766600,41,0,29900089,30653276,30666696,30686122,61,29339611,GPU-0:0;GPU-1:0.653704;GPU-2:0;GPU-3:0;GPU-4:0;GPU-5:0;GPU-6:0;GPU-7:0;,GPU-0:192.925;GPU-1:322.834;GPU-2:193.758;GPU-3:188.861;GPU-4:194.274;GPU-5:190.63;GPU-6:192.145;GPU-7:192.967;,GPU-0:86292561920;GPU-1:134084558848;GPU-2:86292561920;GPU-3:86292561920;GPU-4:86292561920;GPU-5:86292561920;GPU-6:80923852800;GPU-7:16449011712;,GPU-0:192265846784;GPU-1:192265846784;GPU-2:192265846784;GPU-3:192265846784;GPU-4:192265846784;GPU-5:192265846784;GPU-6:192265846784;GPU-7:192265846784;
eta,gemma3,8,bf16,1:128:16,4096,33,4.53083,60,761,54601528,15,1765999,43,0,58035219,58774892,58795633,58825731,60,56368338,GPU-0:0;GPU-1:0.65338;GPU-2:0;GPU-3:0;GPU-4:0;GPU-5:0;GPU-6:0;GPU-7:0;,GPU-0:192.76;GPU-1:322.701;GPU-2:193.646;GPU-3:188.706;GPU-4:194.198;GPU-5:190.559;GPU-6:192.091;GPU-7:192.873;,GPU-0:86292561920;GPU-1:134084558848;GPU-2:86292561920;GPU-3:86292561920;GPU-4:86292561920;GPU-5:86292561920;GPU-6:80923852800;GPU-7:16449011712;,GPU-0:192265846784;GPU-1:192265846784;GPU-2:192265846784;GPU-3:192265846784;GPU-4:192265846784;GPU-5:192265846784;GPU-6:192265846784;GPU-7:192265846784;
eta,gemma3,8,f32,1:24:8,4096,1,3.61724,51,828,300,17,2209505,37,0,2204037,2207085,2208077,2691852,51,2210681,GPU-0:0;GPU-1:0.722731;GPU-2:0;GPU-3:0;GPU-4:0;GPU-5:0;GPU-6:0;GPU-7:0;,GPU-0:193.427;GPU-1:375.221;GPU-2:194.776;GPU-3:189.309;GPU-4:194.533;GPU-5:190.988;GPU-6:192.402;GPU-7:193.211;,GPU-0:86292561920;GPU-1:135602896896;GPU-2:86292561920;GPU-3:86292561920;GPU-4:86292561920;GPU-5:86292561920;GPU-6:80923852800;GPU-7:16449011712;,GPU-0:192265846784;GPU-1:192265846784;GPU-2:192265846784;GPU-3:192265846784;GPU-4:192265846784;GPU-5:192265846784;GPU-6:192265846784;GPU-7:192265846784;
eta,gemma3,8,f32,1:24:8,4096,17,3.61725,58,848,34583506,14,2210578,39,0,37483669,37923260,37953259,37968757,58,36794978,GPU-0:0;GPU-1:0.723642;GPU-2:0;GPU-3:0;GPU-4:0;GPU-5:0;GPU-6:0;GPU-7:0;,GPU-0:193.386;GPU-1:376.316;GPU-2:194.743;GPU-3:189.244;GPU-4:194.535;GPU-5:191.002;GPU-6:192.46;GPU-7:193.259;,GPU-0:86292561920;GPU-1:135602896896;GPU-2:86292561920;GPU-3:86292561920;GPU-4:86292561920;GPU-5:86292561920;GPU-6:80923852800;GPU-7:16449011712;,GPU-0:192265846784;GPU-1:192265846784;GPU-2:192265846784;GPU-3:192265846784;GPU-4:192265846784;GPU-5:192265846784;GPU-6:192265846784;GPU-7:192265846784;
eta,gemma3,8,f32,1:24:8,4096,9,3.61726,58,821,17388182,14,2210625,38,0,19839757,20306295,20332826,20359826,58,19599673,GPU-0:0;GPU-1:0.722948;GPU-2:0;GPU-3:0;GPU-4:0;GPU-5:0;GPU-6:0;GPU-7:0;,GPU-0:193.502;GPU-1:375.923;GPU-2:194.865;GPU-3:189.35;GPU-4:194.586;GPU-5:191.038;GPU-6:192.506;GPU-7:193.293;,GPU-0:86292561920;GPU-1:135602896896;GPU-2:86292561920;GPU-3:86292561920;GPU-4:86292561920;GPU-5:86292561920;GPU-6:80923852800;GPU-7:16449011712;,GPU-0:192265846784;GPU-1:192265846784;GPU-2:192265846784;GPU-3:192265846784;GPU-4:192265846784;GPU-5:192265846784;GPU-6:192265846784;GPU-7:192265846784;
eta,gemma3,8,f32,1:128:16,4096,1,3.50614,52,860,276,16,2277289,37,0,2271472,2273225,2273912,2275673,52,2278472,GPU-0:0;GPU-1:0.731451;GPU-2:0;GPU-3:0;GPU-4:0;GPU-5:0;GPU-6:0;GPU-7:0;,GPU-0:193.558;GPU-1:378.14;GPU-2:194.921;GPU-3:189.409;GPU-4:194.655;GPU-5:191.142;GPU-6:192.594;GPU-7:193.401;,GPU-0:86292561920;GPU-1:135925858304;GPU-2:86292561920;GPU-3:86292561920;GPU-4:86292561920;GPU-5:86292561920;GPU-6:80923852800;GPU-7:16449011712;,GPU-0:192265846784;GPU-1:192265846784;GPU-2:192265846784;GPU-3:192265846784;GPU-4:192265846784;GPU-5:192265846784;GPU-6:192265846784;GPU-7:192265846784;
eta,gemma3,8,f32,1:128:16,4096,17,3.50614,62,854,35277787,15,2279124,40,0,38597756,39221680,39230795,39263232,62,37557812,GPU-0:0;GPU-1:0.729306;GPU-2:0;GPU-3:0;GPU-4:0;GPU-5:0;GPU-6:0;GPU-7:0;,GPU-0:193.359;GPU-1:376.649;GPU-2:194.761;GPU-3:189.188;GPU-4:194.485;GPU-5:190.985;GPU-6:192.44;GPU-7:193.218;,GPU-0:86292561920;GPU-1:135925858304;GPU-2:86292561920;GPU-3:86292561920;GPU-4:86292561920;GPU-5:86292561920;GPU-6:80923852800;GPU-7:16449011712;,GPU-0:192265846784;GPU-1:192265846784;GPU-2:192265846784;GPU-3:192265846784;GPU-4:192265846784;GPU-5:192265846784;GPU-6:192265846784;GPU-7:192265846784;
eta,gemma3,8,f32,1:128:16,4096,65,3.50614,69,831,138456139,15,2276188,40,0,148081051,148239230,148247546,148280115,69,140733204,GPU-0:0;GPU-1:0.729537;GPU-2:0;GPU-3:0;GPU-4:0;GPU-5:0;GPU-6:0;GPU-7:0;,GPU-0:193.376;GPU-1:377.025;GPU-2:194.778;GPU-3:189.184;GPU-4:194.447;GPU-5:190.93;GPU-6:192.426;GPU-7:193.193;,GPU-0:86292561920;GPU-1:135925858304;GPU-2:86292561920;GPU-3:86292561920;GPU-4:86292561920;GPU-5:86292561920;GPU-6:80923852800;GPU-7:16449011712;,GPU-0:192265846784;GPU-1:192265846784;GPU-2:192265846784;GPU-3:192265846784;GPU-4:192265846784;GPU-5:192265846784;GPU-6:192265846784;GPU-7:192265846784;
eta,gemma3,8,f32,1:128:16,4096,113,3.51848,237,807,253619780,14,2275439,39,0,257060723,257693756,257709957,257783174,237,255896072,GPU-0:0;GPU-1:0.732284;GPU-2:0;GPU-3:0;GPU-4:0;GPU-5:0;GPU-6:0;GPU-7:0;,GPU-0:193.343;GPU-1:376.444;GPU-2:194.763;GPU-3:189.159;GPU-4:194.438;GPU-5:190.901;GPU-6:192.414;GPU-7:193.155;,GPU-0:86292561920;GPU-1:135925858304;GPU-2:86292561920;GPU-3:86292561920;GPU-4:86292561920;GPU-5:86292561920;GPU-6:80923852800;GPU-7:16449011712;,GPU-0:192265846784;GPU-1:192265846784;GPU-2:192265846784;GPU-3:192265846784;GPU-4:192265846784;GPU-5:192265846784;GPU-6:192265846784;GPU-7:192265846784;
eta,gemma3,8,f32,1:128:16,4096,97,3.51849,73,795,207038481,15,2274790,39,0,220553410,220733200,221137494,221220805,73,209314112,GPU-0:0;GPU-1:0.73233;GPU-2:0;GPU-3:0;GPU-4:0;GPU-5:0;GPU-6:0;GPU-7:0;,GPU-0:193.337;GPU-1:377.649;GPU-2:194.772;GPU-3:189.175;GPU-4:194.464;GPU-5:190.927;GPU-6:192.443;GPU-7:193.216;,GPU-0:86292561920;GPU-1:135925858304;GPU-2:86292561920;GPU-3:86292561920;GPU-4:86292561920;GPU-5:86292561920;GPU-6:80923852800;GPU-7:16449011712;,GPU-0:192265846784;GPU-1:192265846784;GPU-2:192265846784;GPU-3:192265846784;GPU-4:192265846784;GPU-5:192265846784;GPU-6:192265846784;GPU-7:192265846784;
eta,gemma3,8,f32,1:128:16,4096,81,3.51849,68,842,172752118,14,2276021,38,0,184401435,184545351,184555053,184562822,68,175029023,GPU-0:0;GPU-1:0.73216;GPU-2:0;GPU-3:0;GPU-4:0;GPU-5:0;GPU-6:0;GPU-7:0;,GPU-0:193.197;GPU-1:377.347;GPU-2:194.59;GPU-3:189.039;GPU-4:194.332;GPU-5:190.835;GPU-6:192.244;GPU-7:193.093;,GPU-0:86292561920;GPU-1:135925858304;GPU-2:86292561920;GPU-3:86292561920;GPU-4:86292561920;GPU-5:86292561920;GPU-6:80923852800;GPU-7:16449011712;,GPU-0:192265846784;GPU-1:192265846784;GPU-2:192265846784;GPU-3:192265846784;GPU-4:192265846784;GPU-5:192265846784;GPU-6:192265846784;GPU-7:192265846784;
eta,gemma3,8,f32,1:128:16,4096,49,3.51849,86,833,104074954,15,2276977,39,0,111279675,111926475,111935861,111954562,86,106352809,GPU-0:0;GPU-1:0.733596;GPU-2:0;GPU-3:0;GPU-4:0;GPU-5:0;GPU-6:0;GPU-7:0;,GPU-0:193.213;GPU-1:376.944;GPU-2:194.571;GPU-3:189.062;GPU-4:194.348;GPU-5:190.847;GPU-6:192.246;GPU-7:193.078;,GPU-0:86292561920;GPU-1:135925858304;GPU-2:86292561920;GPU-3:86292561920;GPU-4:86292561920;GPU-5:86292561920;GPU-6:80923852800;GPU-7:16449011712;,GPU-0:192265846784;GPU-1:192265846784;GPU-2:192265846784;GPU-3:192265846784;GPU-4:192265846784;GPU-5:192265846784;GPU-6:192265846784;GPU-7:192265846784;
eta,gemma3,8,f32,1:128:16,4096,33,3.51849,61,832,69628186,14,2276735,39,0,74930846,75562636,75575319,75604384,61,71905798,GPU-0:0;GPU-1:0.733241;GPU-2:0;GPU-3:0;GPU-4:0;GPU-5:0;GPU-6:0;GPU-7:0;,GPU-0:193.216;GPU-1:377.329;GPU-2:194.593;GPU-3:189.067;GPU-4:194.366;GPU-5:190.885;GPU-6:192.285;GPU-7:193.092;,GPU-0:86292561920;GPU-1:135925858304;GPU-2:86292561920;GPU-3:86292561920;GPU-4:86292561920;GPU-5:86292561920;GPU-6:80923852800;GPU-7:16449011712;,GPU-0:192265846784;GPU-1:192265846784;GPU-2:192265846784;GPU-3:192265846784;GPU-4:192265846784;GPU-5:192265846784;GPU-6:192265846784;GPU-7:192265846784;
eta,mistral,8,f16,1:24:8,4096,1,3.12342,53,833,302,21,2553760,41,0,2535401,2672250,2686321,2698292,53,2554950,GPU-0:0.0814198;GPU-1:0.0740278;GPU-2:0.0819136;GPU-3:0.0821142;GPU-4:0.082037;GPU-5:0.0812191;GPU-6:0.0878704;GPU-7:0;,GPU-0:264.355;GPU-1:253.727;GPU-2:264.499;GPU-3:256.03;GPU-4:262.794;GPU-5:258.909;GPU-6:262.194;GPU-7:195.837;,GPU-0:88876253184;GPU-1:138729750528;GPU-2:88876253184;GPU-3:88876253184;GPU-4:88876253184;GPU-5:88876253184;GPU-6:83627081728;GPU-7:16449011712;,GPU-0:192265846784;GPU-1:192265846784;GPU-2:192265846784;GPU-3:192265846784;GPU-4:192265846784;GPU-5:192265846784;GPU-6:192265846784;GPU-7:192265846784;
eta,mistral,8,f16,1:24:8,4096,9,14.6171,54,785,542590,15,4375107,38,0,4438659,7347856,7551623,7767763,54,4918528,GPU-0:0.53088;GPU-1:0.456219;GPU-2:0.531605;GPU-3:0.547824;GPU-4:0.598935;GPU-5:0.571435;GPU-6:0.501111;GPU-7:0;,GPU-0:342.32;GPU-1:299.875;GPU-2:341.428;GPU-3:331.875;GPU-4:338.828;GPU-5:333.833;GPU-6:330.583;GPU-7:196.612;,GPU-0:88876253184;GPU-1:138729750528;GPU-2:88876253184;GPU-3:88876253184;GPU-4:88876253184;GPU-5:88876253184;GPU-6:83627081728;GPU-7:16449011712;,GPU-0:192265846784;GPU-1:192265846784;GPU-2:192265846784;GPU-3:192265846784;GPU-4:192265846784;GPU-5:192265846784;GPU-6:192265846784;GPU-7:192265846784;
eta,mistral,8,f16,1:24:8,4096,17,14.6295,55,790,4860535,15,4354425,38,0,8836652,11439959,11691812,12082269,55,9215796,GPU-0:0.532824;GPU-1:0.457207;GPU-2:0.546065;GPU-3:0.541188;GPU-4:0.583133;GPU-5:0.563071;GPU-6:0.497562;GPU-7:0;,GPU-0:342.509;GPU-1:299.438;GPU-2:341.696;GPU-3:332.089;GPU-4:339.012;GPU-5:333.704;GPU-6:330.338;GPU-7:196.23;,GPU-0:88876253184;GPU-1:138729750528;GPU-2:88876253184;GPU-3:88876253184;GPU-4:88876253184;GPU-5:88876253184;GPU-6:83627081728;GPU-7:16449011712;,GPU-0:192265846784;GPU-1:192265846784;GPU-2:192265846784;GPU-3:192265846784;GPU-4:192265846784;GPU-5:192265846784;GPU-6:192265846784;GPU-7:192265846784;
eta,mistral,8,f16,1:128:16,4096,1,3.0617,52,842,302,21,2607804,41,0,2639111,2682767,2694582,2721312,52,2609003,GPU-0:0.081034;GPU-1:0.0712809;GPU-2:0.0791821;GPU-3:0.0810185;GPU-4:0.0807099;GPU-5:0.0797377;GPU-6:0.0851389;GPU-7:0;,GPU-0:263.398;GPU-1:252.414;GPU-2:263.075;GPU-3:254.979;GPU-4:261.635;GPU-5:257.221;GPU-6:260.81;GPU-7:194.763;,GPU-0:89077579776;GPU-1:138729750528;GPU-2:89077579776;GPU-3:89077579776;GPU-4:89077579776;GPU-5:89077579776;GPU-6:83627081728;GPU-7:16449011712;,GPU-0:192265846784;GPU-1:192265846784;GPU-2:192265846784;GPU-3:192265846784;GPU-4:192265846784;GPU-5:192265846784;GPU-6:192265846784;GPU-7:192265846784;
eta,mistral,8,f16,1:128:16,4096,81,14.4566,60,829,39867574,15,4427192,39,0,44678815,45866000,46111478,46449184,60,44295640,GPU-0:0.525525;GPU-1:0.456049;GPU-2:0.528935;GPU-3:0.529321;GPU-4:0.592932;GPU-5:0.547022;GPU-6:0.497346;GPU-7:0;,GPU-0:342.233;GPU-1:299.055;GPU-2:341.038;GPU-3:330.803;GPU-4:338.514;GPU-5:333.21;GPU-6:330.182;GPU-7:196.85;,GPU-0:89077579776;GPU-1:138729750528;GPU-2:89077579776;GPU-3:89077579776;GPU-4:89077579776;GPU-5:89077579776;GPU-6:83627081728;GPU-7:16449011712;,GPU-0:192265846784;GPU-1:192265846784;GPU-2:192265846784;GPU-3:192265846784;GPU-4:192265846784;GPU-5:192265846784;GPU-6:192265846784;GPU-7:192265846784;
eta,mistral,8,f16,1:128:16,4096,113,14.5306,117,843,56925086,15,4394433,39,0,61960820,62793533,62949541,63274429,117,61320408,GPU-0:0.531574;GPU-1:0.456728;GPU-2:0.553673;GPU-3:0.536806;GPU-4:0.575448;GPU-5:0.559059;GPU-6:0.493179;GPU-7:0;,GPU-0:343.041;GPU-1:299.851;GPU-2:341.906;GPU-3:332.059;GPU-4:339.375;GPU-5:334.148;GPU-6:331.092;GPU-7:196.986;,GPU-0:89077579776;GPU-1:138729750528;GPU-2:89077579776;GPU-3:89077579776;GPU-4:89077579776;GPU-5:89077579776;GPU-6:83627081728;GPU-7:16449011712;,GPU-0:192265846784;GPU-1:192265846784;GPU-2:192265846784;GPU-3:192265846784;GPU-4:192265846784;GPU-5:192265846784;GPU-6:192265846784;GPU-7:192265846784;
eta,mistral,8,f16,1:128:16,4096,97,14.5677,62,837,48292803,14,4401009,39,0,53195538,54239712,54520700,55032067,62,52694694,GPU-0:0.527608;GPU-1:0.451728;GPU-2:0.537485;GPU-3:0.540849;GPU-4:0.597685;GPU-5:0.557793;GPU-6:0.498272;GPU-7:0;,GPU-0:342.703;GPU-1:299.805;GPU-2:341.605;GPU-3:331.627;GPU-4:339.043;GPU-5:333.517;GPU-6:331.014;GPU-7:196.993;,GPU-0:89077579776;GPU-1:138729750528;GPU-2:89077579776;GPU-3:89077579776;GPU-4:89077579776;GPU-5:89077579776;GPU-6:83627081728;GPU-7:16449011712;,GPU-0:192265846784;GPU-1:192265846784;GPU-2:192265846784;GPU-3:192265846784;GPU-4:192265846784;GPU-5:192265846784;GPU-6:192265846784;GPU-7:192265846784;
eta,mistral,8,f16,1:128:16,4096,49,14.6048,72,861,22176686,14,4390447,39,0,26580378,28206958,28515969,29145598,72,26568039,GPU-0:0.528889;GPU-1:0.455849;GPU-2:0.547253;GPU-3:0.549012;GPU-4:0.590849;GPU-5:0.559012;GPU-6:0.497346;GPU-7:0;,GPU-0:342.949;GPU-1:299.7;GPU-2:341.684;GPU-3:331.82;GPU-4:339.248;GPU-5:333.865;GPU-6:331.242;GPU-7:196.549;,GPU-0:89077579776;GPU-1:138729750528;GPU-2:89077579776;GPU-3:89077579776;GPU-4:89077579776;GPU-5:89077579776;GPU-6:83627081728;GPU-7:16449011712;,GPU-0:192265846784;GPU-1:192265846784;GPU-2:192265846784;GPU-3:192265846784;GPU-4:192265846784;GPU-5:192265846784;GPU-6:192265846784;GPU-7:192265846784;
eta,mistral,8,f16,1:128:16,4096,65,14.6295,59,826,30711276,14,4370570,39,0,35263711,36736833,36997934,37292598,59,35082718,GPU-0:0.537793;GPU-1:0.457685;GPU-2:0.546867;GPU-3:0.545648;GPU-4:0.595278;GPU-5:0.566528;GPU-6:0.500772;GPU-7:0;,GPU-0:343.413;GPU-1:300.157;GPU-2:342.139;GPU-3:332.347;GPU-4:339.318;GPU-5:334.383;GPU-6:331.657;GPU-7:196.819;,GPU-0:89077579776;GPU-1:138729750528;GPU-2:89077579776;GPU-3:89077579776;GPU-4:89077579776;GPU-5:89077579776;GPU-6:83627081728;GPU-7:16449011712;,GPU-0:192265846784;GPU-1:192265846784;GPU-2:192265846784;GPU-3:192265846784;GPU-4:192265846784;GPU-5:192265846784;GPU-6:192265846784;GPU-7:192265846784;
eta,mistral,8,f16,1:128:16,4096,33,14.6295,57,774,13456870,14,4362089,39,0,17608596,19536420,19772354,20019500,57,17819778,GPU-0:0.525664;GPU-1:0.459136;GPU-2:0.55054;GPU-3:0.540864;GPU-4:0.58608;GPU-5:0.570309;GPU-6:0.497006;GPU-7:0;,GPU-0:343.294;GPU-1:299.731;GPU-2:342.045;GPU-3:331.917;GPU-4:339.392;GPU-5:334.232;GPU-6:331.043;GPU-7:196.352;,GPU-0:89077579776;GPU-1:138729750528;GPU-2:89077579776;GPU-3:89077579776;GPU-4:89077579776;GPU-5:89077579776;GPU-6:83627081728;GPU-7:16449011712;,GPU-0:192265846784;GPU-1:192265846784;GPU-2:192265846784;GPU-3:192265846784;GPU-4:192265846784;GPU-5:192265846784;GPU-6:192265846784;GPU-7:192265846784;
eta,mistral,8,f16,1:128:16,4096,17,14.7159,54,829,4846722,14,4341551,39,0,8789483,10991810,11250994,11449761,54,9189147,GPU-0:0.531127;GPU-1:0.455201;GPU-2:0.540787;GPU-3:0.548457;GPU-4:0.593904;GPU-5:0.565278;GPU-6:0.49858;GPU-7:0;,GPU-0:341.963;GPU-1:299.533;GPU-2:341.136;GPU-3:331.783;GPU-4:339.423;GPU-5:334.167;GPU-6:330.346;GPU-7:195.747;,GPU-0:89077579776;GPU-1:138729750528;GPU-2:89077579776;GPU-3:89077579776;GPU-4:89077579776;GPU-5:89077579776;GPU-6:83627081728;GPU-7:16449011712;,GPU-0:192265846784;GPU-1:192265846784;GPU-2:192265846784;GPU-3:192265846784;GPU-4:192265846784;GPU-5:192265846784;GPU-6:192265846784;GPU-7:192265846784;
eta,mistral,8,bf16,1:24:8,4096,1,3.14812,49,855,285,20,2536574,40,0,2529497,2615649,2622561,2629121,49,2537768,GPU-0:0.0817901;GPU-1:0.0742747;GPU-2:0.0813889;GPU-3:0.0820833;GPU-4:0.082392;GPU-5:0.0821914;GPU-6:0.0878241;GPU-7:0;,GPU-0:263.95;GPU-1:252.468;GPU-2:263.326;GPU-3:255.367;GPU-4:261.709;GPU-5:257.188;GPU-6:260.378;GPU-7:194.281;,GPU-0:91661271040;GPU-1:141531545600;GPU-2:91661271040;GPU-3:91661271040;GPU-4:91661271040;GPU-5:91661271040;GPU-6:86328213504;GPU-7:16449011712;,GPU-0:192265846784;GPU-1:192265846784;GPU-2:192265846784;GPU-3:192265846784;GPU-4:192265846784;GPU-5:192265846784;GPU-6:192265846784;GPU-7:192265846784;
eta,mistral,8,bf16,1:24:8,4096,17,14.6171,53,827,4869750,14,4373842,39,0,8815648,12600458,12848362,13186260,53,9244466,GPU-0:0.533503;GPU-1:0.455;GPU-2:0.549336;GPU-3:0.544753;GPU-4:0.591512;GPU-5:0.563843;GPU-6:0.504892;GPU-7:0;,GPU-0:339.532;GPU-1:297.749;GPU-2:339.081;GPU-3:329.515;GPU-4:336.757;GPU-5:330.754;GPU-6:327.523;GPU-7:194.286;,GPU-0:91661271040;GPU-1:141531545600;GPU-2:91661271040;GPU-3:91661271040;GPU-4:91661271040;GPU-5:91661271040;GPU-6:86328213504;GPU-7:16449011712;,GPU-0:192265846784;GPU-1:192265846784;GPU-2:192265846784;GPU-3:192265846784;GPU-4:192265846784;GPU-5:192265846784;GPU-6:192265846784;GPU-7:192265846784;
eta,mistral,8,bf16,1:24:8,4096,9,14.7282,54,800,537042,14,4332627,39,0,4384909,8287417,8542369,8758228,54,4870515,GPU-0:0.535185;GPU-1:0.450139;GPU-2:0.54304;GPU-3:0.547623;GPU-4:0.580231;GPU-5:0.56284;GPU-6:0.500355;GPU-7:0;,GPU-0:339.718;GPU-1:298.176;GPU-2:339.214;GPU-3:329.871;GPU-4:337.374;GPU-5:331.142;GPU-6:327.598;GPU-7:194.359;,GPU-0:91661271040;GPU-1:141531545600;GPU-2:91661271040;GPU-3:91661271040;GPU-4:91661271040;GPU-5:91661271040;GPU-6:86328213504;GPU-7:16449011712;,GPU-0:192265846784;GPU-1:192265846784;GPU-2:192265846784;GPU-3:192265846784;GPU-4:192265846784;GPU-5:192265846784;GPU-6:192265846784;GPU-7:192265846784;
eta,mistral,8,bf16,1:128:16,4096,1,3.08639,52,802,282,20,2588800,41,0,2578703,2710367,2715096,2728177,52,2589937,GPU-0:0.080571;GPU-1:0.0725;GPU-2:0.0799228;GPU-3:0.0810957;GPU-4:0.0816512;GPU-5:0.0812191;GPU-6:0.0861574;GPU-7:0;,GPU-0:262.563;GPU-1:251.91;GPU-2:262.314;GPU-3:254.502;GPU-4:260.797;GPU-5:256.024;GPU-6:259.824;GPU-7:193.419;,GPU-0:92315582464;GPU-1:142185857024;GPU-2:92315582464;GPU-3:92315582464;GPU-4:92315582464;GPU-5:92315582464;GPU-6:86999302144;GPU-7:16449011712;,GPU-0:192265846784;GPU-1:192265846784;GPU-2:192265846784;GPU-3:192265846784;GPU-4:192265846784;GPU-5:192265846784;GPU-6:192265846784;GPU-7:192265846784;
eta,mistral,8,bf16,1:128:16,4096,113,14.3206,137,760,57745914,14,4464884,39,0,62838608,64152294,64594202,65667273,137,62211603,GPU-0:0.521713;GPU-1:0.445694;GPU-2:0.542731;GPU-3:0.532593;GPU-4:0.577685;GPU-5:0.55463;GPU-6:0.492531;GPU-7:0;,GPU-0:341.386;GPU-1:298.447;GPU-2:340.091;GPU-3:330.016;GPU-4:337.493;GPU-5:331.892;GPU-6:328.988;GPU-7:196.089;,GPU-0:92315582464;GPU-1:142185857024;GPU-2:92315582464;GPU-3:92315582464;GPU-4:92315582464;GPU-5:92315582464;GPU-6:86999302144;GPU-7:16449011712;,GPU-0:192265846784;GPU-1:192265846784;GPU-2:192265846784;GPU-3:192265846784;GPU-4:192265846784;GPU-5:192265846784;GPU-6:192265846784;GPU-7:192265846784;
eta,mistral,8,bf16,1:128:16,4096,81,14.4196,58,835,39945823,15,4439107,39,0,44684689,46497142,47159506,47652378,58,44385811,GPU-0:0.527068;GPU-1:0.44571;GPU-2:0.54841;GPU-3:0.544645;GPU-4:0.578426;GPU-5:0.568426;GPU-6:0.497377;GPU-7:0;,GPU-0:342.126;GPU-1:299.844;GPU-2:341.348;GPU-3:331.275;GPU-4:338.835;GPU-5:333.38;GPU-6:330.811;GPU-7:196.996;,GPU-0:92315582464;GPU-1:142185857024;GPU-2:92315582464;GPU-3:92315582464;GPU-4:92315582464;GPU-5:92315582464;GPU-6:86999302144;GPU-7:16449011712;,GPU-0:192265846784;GPU-1:192265846784;GPU-2:192265846784;GPU-3:192265846784;GPU-4:192265846784;GPU-5:192265846784;GPU-6:192265846784;GPU-7:192265846784;
eta,mistral,8,bf16,1:128:16,4096,97,14.4196,66,861,48751218,14,4441463,39,0,53635480,55190777,55793652,56647339,66,53193586,GPU-0:0.528904;GPU-1:0.445833;GPU-2:0.550787;GPU-3:0.542515;GPU-4:0.576991;GPU-5:0.566636;GPU-6:0.497037;GPU-7:0;,GPU-0:343.312;GPU-1:300.003;GPU-2:343.206;GPU-3:331.96;GPU-4:339.27;GPU-5:333.823;GPU-6:331.771;GPU-7:197.137;,GPU-0:92315582464;GPU-1:142185857024;GPU-2:92315582464;GPU-3:92315582464;GPU-4:92315582464;GPU-5:92315582464;GPU-6:86999302144;GPU-7:16449011712;,GPU-0:192265846784;GPU-1:192265846784;GPU-2:192265846784;GPU-3:192265846784;GPU-4:192265846784;GPU-5:192265846784;GPU-6:192265846784;GPU-7:192265846784;
eta,mistral,8,bf16,1:128:16,4096,49,14.506,72,853,22327788,14,4418733,39,0,26748015,28758179,29231638,29616394,72,26747419,GPU-0:0.527994;GPU-1:0.447052;GPU-2:0.542932;GPU-3:0.542809;GPU-4:0.573364;GPU-5:0.568349;GPU-6:0.500324;GPU-7:0;,GPU-0:340.274;GPU-1:298.944;GPU-2:340.433;GPU-3:330.089;GPU-4:338.213;GPU-5:332.603;GPU-6:329.211;GPU-7:195.885;,GPU-0:92315582464;GPU-1:142185857024;GPU-2:92315582464;GPU-3:92315582464;GPU-4:92315582464;GPU-5:92315582464;GPU-6:86999302144;GPU-7:16449011712;,GPU-0:192265846784;GPU-1:192265846784;GPU-2:192265846784;GPU-3:192265846784;GPU-4:192265846784;GPU-5:192265846784;GPU-6:192265846784;GPU-7:192265846784;
eta,mistral,8,bf16,1:128:16,4096,65,14.5184,59,786,30975031,14,4407593,39,0,35536641,37536574,37925264,38373911,59,35383455,GPU-0:0.529398;GPU-1:0.445802;GPU-2:0.541836;GPU-3:0.537886;GPU-4:0.588935;GPU-5:0.558441;GPU-6:0.495108;GPU-7:0;,GPU-0:341.283;GPU-1:299.46;GPU-2:340.746;GPU-3:330.537;GPU-4:338.823;GPU-5:333.213;GPU-6:329.901;GPU-7:196.368;,GPU-0:92315582464;GPU-1:142185857024;GPU-2:92315582464;GPU-3:92315582464;GPU-4:92315582464;GPU-5:92315582464;GPU-6:86999302144;GPU-7:16449011712;,GPU-0:192265846784;GPU-1:192265846784;GPU-2:192265846784;GPU-3:192265846784;GPU-4:192265846784;GPU-5:192265846784;GPU-6:192265846784;GPU-7:192265846784;
eta,mistral,8,bf16,1:128:16,4096,33,14.5307,57,799,13562618,14,4401056,39,0,17801716,20179081,20565668,21029879,57,17964517,GPU-0:0.539275;GPU-1:0.450278;GPU-2:0.543951;GPU-3:0.546281;GPU-4:0.58784;GPU-5:0.569182;GPU-6:0.501929;GPU-7:0;,GPU-0:340.741;GPU-1:298.813;GPU-2:340.662;GPU-3:330.421;GPU-4:338.549;GPU-5:332.697;GPU-6:329.312;GPU-7:195.662;,GPU-0:92315582464;GPU-1:142185857024;GPU-2:92315582464;GPU-3:92315582464;GPU-4:92315582464;GPU-5:92315582464;GPU-6:86999302144;GPU-7:16449011712;,GPU-0:192265846784;GPU-1:192265846784;GPU-2:192265846784;GPU-3:192265846784;GPU-4:192265846784;GPU-5:192265846784;GPU-6:192265846784;GPU-7:192265846784;
eta,mistral,8,bf16,1:128:16,4096,17,14.6171,53,732,4869319,14,4361386,38,0,8805151,11764298,12047929,12357938,53,9231481,GPU-0:0.533333;GPU-1:0.450772;GPU-2:0.538426;GPU-3:0.542454;GPU-4:0.596466;GPU-5:0.560417;GPU-6:0.502963;GPU-7:0;,GPU-0:339.69;GPU-1:298.105;GPU-2:339.043;GPU-3:329.427;GPU-4:337.624;GPU-5:331.846;GPU-6:327.903;GPU-7:194.514;,GPU-0:92315582464;GPU-1:142185857024;GPU-2:92315582464;GPU-3:92315582464;GPU-4:92315582464;GPU-5:92315582464;GPU-6:86999302144;GPU-7:16449011712;,GPU-0:192265846784;GPU-1:192265846784;GPU-2:192265846784;GPU-3:192265846784;GPU-4:192265846784;GPU-5:192265846784;GPU-6:192265846784;GPU-7:192265846784;
eta,meta-llama,8,f16,1:24:8,4096,1,2.93824,52,831,268,22,2723448,42,0,2721886,2785112,2790892,2799852,52,2724606,GPU-0:0.0760648;GPU-1:0.0718056;GPU-2:0.0758796;GPU-3:0.0771142;GPU-4:0.0768827;GPU-5:0.0770833;GPU-6:0.0774074;GPU-7:0.0405864;,GPU-0:263.691;GPU-1:247.123;GPU-2:263.314;GPU-3:255.474;GPU-4:261.118;GPU-5:256.036;GPU-6:262.236;GPU-7:253.997;,GPU-0:88825921536;GPU-1:66631761920;GPU-2:88825921536;GPU-3:88825921536;GPU-4:88825921536;GPU-5:88825921536;GPU-6:88825921536;GPU-7:66732425216;,GPU-0:192265846784;GPU-1:192265846784;GPU-2:192265846784;GPU-3:192265846784;GPU-4:192265846784;GPU-5:192265846784;GPU-6:192265846784;GPU-7:192265846784;
eta,meta-llama,8,f16,1:24:8,4096,17,11.5554,55,846,6157644,15,5538451,39,0,11677583,12605622,12768200,12982443,55,11696987,GPU-0:0.50034;GPU-1:0.376281;GPU-2:0.491528;GPU-3:0.490725;GPU-4:0.496775;GPU-5:0.499167;GPU-6:0.488457;GPU-7:0.261806;,GPU-0:325.745;GPU-1:266.045;GPU-2:324.066;GPU-3:314.518;GPU-4:320.53;GPU-5:314.827;GPU-6:323.521;GPU-7:285.757;,GPU-0:88825921536;GPU-1:66631761920;GPU-2:88825921536;GPU-3:88825921536;GPU-4:88825921536;GPU-5:88825921536;GPU-6:88825921536;GPU-7:66732425216;,GPU-0:192265846784;GPU-1:192265846784;GPU-2:192265846784;GPU-3:192265846784;GPU-4:192265846784;GPU-5:192265846784;GPU-6:192265846784;GPU-7:192265846784;
eta,meta-llama,8,f16,1:24:8,4096,9,11.6294,51,800,687197,14,5511908,38,0,6203613,6671900,6881603,7170982,51,6199950,GPU-0:0.509414;GPU-1:0.380494;GPU-2:0.502762;GPU-3:0.492377;GPU-4:0.497315;GPU-5:0.495108;GPU-6:0.49642;GPU-7:0.266605;,GPU-0:325.946;GPU-1:266.169;GPU-2:324.379;GPU-3:315.088;GPU-4:320.939;GPU-5:315.036;GPU-6:324.028;GPU-7:286.118;,GPU-0:88825921536;GPU-1:66631761920;GPU-2:88825921536;GPU-3:88825921536;GPU-4:88825921536;GPU-5:88825921536;GPU-6:88825921536;GPU-7:66732425216;,GPU-0:192265846784;GPU-1:192265846784;GPU-2:192265846784;GPU-3:192265846784;GPU-4:192265846784;GPU-5:192265846784;GPU-6:192265846784;GPU-7:192265846784;
eta,meta-llama,8,f16,1:128:16,4096,1,2.9259,55,815,268,21,2726811,41,0,2732063,2790861,2799348,2819064,55,2727949,GPU-0:0.0757716;GPU-1:0.0711265;GPU-2:0.0762963;GPU-3:0.0759877;GPU-4:0.076821;GPU-5:0.0759568;GPU-6:0.0768519;GPU-7:0.0405864;,GPU-0:264.57;GPU-1:247.529;GPU-2:263.983;GPU-3:255.779;GPU-4:261.558;GPU-5:256.436;GPU-6:263.051;GPU-7:254.902;,GPU-0:88825921536;GPU-1:66631761920;GPU-2:88825921536;GPU-3:88825921536;GPU-4:88825921536;GPU-5:88825921536;GPU-6:88825921536;GPU-7:66732425216;,GPU-0:192265846784;GPU-1:192265846784;GPU-2:192265846784;GPU-3:192265846784;GPU-4:192265846784;GPU-5:192265846784;GPU-6:192265846784;GPU-7:192265846784;
eta,meta-llama,8,f16,1:128:16,4096,65,11.5554,59,865,38680503,15,5526779,40,0,44617970,45817191,47283286,48413594,59,44208194,GPU-0:0.493009;GPU-1:0.378241;GPU-2:0.493642;GPU-3:0.485617;GPU-4:0.490293;GPU-5:0.494861;GPU-6:0.488364;GPU-7:0.261975;,GPU-0:325.991;GPU-1:266.551;GPU-2:324.237;GPU-3:314.714;GPU-4:320.564;GPU-5:314.817;GPU-6:324.144;GPU-7:286.63;,GPU-0:88825921536;GPU-1:66631761920;GPU-2:88825921536;GPU-3:88825921536;GPU-4:88825921536;GPU-5:88825921536;GPU-6:88825921536;GPU-7:66732425216;,GPU-0:192265846784;GPU-1:192265846784;GPU-2:192265846784;GPU-3:192265846784;GPU-4:192265846784;GPU-5:192265846784;GPU-6:192265846784;GPU-7:192265846784;
eta,meta-llama,8,f16,1:128:16,4096,33,11.5676,57,978,16979190,15,5531213,39,0,22663149,23681522,23898678,24330738,57,22511427,GPU-0:0.494414;GPU-1:0.376358;GPU-2:0.500494;GPU-3:0.49534;GPU-4:0.494506;GPU-5:0.498056;GPU-6:0.487623;GPU-7:0.263565;,GPU-0:325.357;GPU-1:266.192;GPU-2:323.525;GPU-3:314.117;GPU-4:320.043;GPU-5:313.973;GPU-6:322.91;GPU-7:286.338;,GPU-0:88825921536;GPU-1:66631761920;GPU-2:88825921536;GPU-3:88825921536;GPU-4:88825921536;GPU-5:88825921536;GPU-6:88825921536;GPU-7:66732425216;,GPU-0:192265846784;GPU-1:192265846784;GPU-2:192265846784;GPU-3:192265846784;GPU-4:192265846784;GPU-5:192265846784;GPU-6:192265846784;GPU-7:192265846784;
eta,meta-llama,8,f16,1:128:16,4096,17,11.5677,56,835,6137581,14,5507000,39,0,11334856,13442378,13754961,14169690,56,11645462,GPU-0:0.494846;GPU-1:0.377515;GPU-2:0.493997;GPU-3:0.491713;GPU-4:0.494105;GPU-5:0.490432;GPU-6:0.496003;GPU-7:0.261651;,GPU-0:325.26;GPU-1:265.842;GPU-2:322.972;GPU-3:313.804;GPU-4:320.002;GPU-5:313.805;GPU-6:322.456;GPU-7:285.645;,GPU-0:88825921536;GPU-1:66631761920;GPU-2:88825921536;GPU-3:88825921536;GPU-4:88825921536;GPU-5:88825921536;GPU-6:88825921536;GPU-7:66732425216;,GPU-0:192265846784;GPU-1:192265846784;GPU-2:192265846784;GPU-3:192265846784;GPU-4:192265846784;GPU-5:192265846784;GPU-6:192265846784;GPU-7:192265846784;
eta,meta-llama,8,f16,1:128:16,4096,49,11.6295,86,891,27748320,15,5508881,40,0,33652584,34579710,34870462,35251540,86,33258138,GPU-0:0.501157;GPU-1:0.380247;GPU-2:0.503827;GPU-3:0.492022;GPU-4:0.498642;GPU-5:0.504336;GPU-6:0.503596;GPU-7:0.265401;,GPU-0:325.586;GPU-1:266.19;GPU-2:323.513;GPU-3:314.259;GPU-4:320.28;GPU-5:314.408;GPU-6:323.289;GPU-7:286.134;,GPU-0:88825921536;GPU-1:66631761920;GPU-2:88825921536;GPU-3:88825921536;GPU-4:88825921536;GPU-5:88825921536;GPU-6:88825921536;GPU-7:66732425216;,GPU-0:192265846784;GPU-1:192265846784;GPU-2:192265846784;GPU-3:192265846784;GPU-4:192265846784;GPU-5:192265846784;GPU-6:192265846784;GPU-7:192265846784;
eta,meta-llama,8,f16,1:128:16,4096,97,11.6415,63,1157,60031831,15,5485749,40,0,66350589,67375790,67701335,68139917,63,65518785,GPU-0:0.502191;GPU-1:0.379182;GPU-2:0.491944;GPU-3:0.49588;GPU-4:0.49338;GPU-5:0.500571;GPU-6:0.498704;GPU-7:0.261975;,GPU-0:326.515;GPU-1:266.916;GPU-2:324.868;GPU-3:315.258;GPU-4:321.45;GPU-5:315.812;GPU-6:325.169;GPU-7:287.561;,GPU-0:88825921536;GPU-1:66631761920;GPU-2:88825921536;GPU-3:88825921536;GPU-4:88825921536;GPU-5:88825921536;GPU-6:88825921536;GPU-7:66732425216;,GPU-0:192265846784;GPU-1:192265846784;GPU-2:192265846784;GPU-3:192265846784;GPU-4:192265846784;GPU-5:192265846784;GPU-6:192265846784;GPU-7:192265846784;
eta,meta-llama,8,f16,1:128:16,4096,113,11.6417,118,866,70880758,14,5498225,39,0,77390647,78631028,79023790,79763654,118,76379894,GPU-0:0.504707;GPU-1:0.381651;GPU-2:0.497747;GPU-3:0.500154;GPU-4:0.501466;GPU-5:0.502855;GPU-6:0.494923;GPU-7:0.2675;,GPU-0:326.799;GPU-1:266.931;GPU-2:324.876;GPU-3:315.321;GPU-4:321.063;GPU-5:315.719;GPU-6:325.128;GPU-7:287.1;,GPU-0:88825921536;GPU-1:66631761920;GPU-2:88825921536;GPU-3:88825921536;GPU-4:88825921536;GPU-5:88825921536;GPU-6:88825921536;GPU-7:66732425216;,GPU-0:192265846784;GPU-1:192265846784;GPU-2:192265846784;GPU-3:192265846784;GPU-4:192265846784;GPU-5:192265846784;GPU-6:192265846784;GPU-7:192265846784;
eta,meta-llama,8,f16,1:128:16,4096,81,11.6419,62,883,49474565,15,5516440,40,0,55584996,56727112,57730198,58928832,62,54991934,GPU-0:0.501512;GPU-1:0.381698;GPU-2:0.498704;GPU-3:0.49588;GPU-4:0.494568;GPU-5:0.496836;GPU-6:0.490401;GPU-7:0.265231;,GPU-0:326.104;GPU-1:266.752;GPU-2:324.407;GPU-3:315.013;GPU-4:320.987;GPU-5:314.821;GPU-6:324.405;GPU-7:286.815;,GPU-0:88825921536;GPU-1:66631761920;GPU-2:88825921536;GPU-3:88825921536;GPU-4:88825921536;GPU-5:88825921536;GPU-6:88825921536;GPU-7:66732425216;,GPU-0:192265846784;GPU-1:192265846784;GPU-2:192265846784;GPU-3:192265846784;GPU-4:192265846784;GPU-5:192265846784;GPU-6:192265846784;GPU-7:192265846784;
eta,meta-llama,8,bf16,1:24:8,4096,1,2.96293,50,857,268,20,2699777,40,0,2686737,2777053,2784489,2794122,50,2700955,GPU-0:0.076713;GPU-1:0.0721605;GPU-2:0.0770062;GPU-3:0.0772994;GPU-4:0.0767438;GPU-5:0.077037;GPU-6:0.0771605;GPU-7:0.0419753;,GPU-0:265.132;GPU-1:248.007;GPU-2:264.396;GPU-3:256.368;GPU-4:262.116;GPU-5:256.623;GPU-6:263.497;GPU-7:255.247;,GPU-0:91292172288;GPU-1:68947017728;GPU-2:91292172288;GPU-3:91292172288;GPU-4:91292172288;GPU-5:91292172288;GPU-6:91292172288;GPU-7:69131567104;,GPU-0:192265846784;GPU-1:192265846784;GPU-2:192265846784;GPU-3:192265846784;GPU-4:192265846784;GPU-5:192265846784;GPU-6:192265846784;GPU-7:192265846784;
eta,meta-llama,8,bf16,1:24:8,4096,9,11.148,53,850,714512,16,5746365,40,0,6163577,8678721,9010098,9387915,53,6461775,GPU-0:0.485478;GPU-1:0.368981;GPU-2:0.48125;GPU-3:0.488302;GPU-4:0.488704;GPU-5:0.486373;GPU-6:0.479753;GPU-7:0.252454;,GPU-0:322.302;GPU-1:265.633;GPU-2:321.059;GPU-3:311.728;GPU-4:317.487;GPU-5:311.754;GPU-6:320.502;GPU-7:285.109;,GPU-0:91292172288;GPU-1:68947017728;GPU-2:91292172288;GPU-3:91292172288;GPU-4:91292172288;GPU-5:91292172288;GPU-6:91292172288;GPU-7:69131567104;,GPU-0:192265846784;GPU-1:192265846784;GPU-2:192265846784;GPU-3:192265846784;GPU-4:192265846784;GPU-5:192265846784;GPU-6:192265846784;GPU-7:192265846784;
eta,meta-llama,8,bf16,1:24:8,4096,17,11.148,54,860,6376482,15,5749663,38,0,12038878,13164758,14021986,14632098,54,12127052,GPU-0:0.482068;GPU-1:0.3675;GPU-2:0.48591;GPU-3:0.475494;GPU-4:0.48;GPU-5:0.477747;GPU-6:0.477176;GPU-7:0.252809;,GPU-0:322.788;GPU-1:265.485;GPU-2:320.681;GPU-3:311.412;GPU-4:317.387;GPU-5:311.546;GPU-6:320.295;GPU-7:285.109;,GPU-0:91292172288;GPU-1:68947017728;GPU-2:91292172288;GPU-3:91292172288;GPU-4:91292172288;GPU-5:91292172288;GPU-6:91292172288;GPU-7:69131567104;,GPU-0:192265846784;GPU-1:192265846784;GPU-2:192265846784;GPU-3:192265846784;GPU-4:192265846784;GPU-5:192265846784;GPU-6:192265846784;GPU-7:192265846784;
eta,meta-llama,8,bf16,1:128:16,4096,1,2.93825,52,853,282,21,2718614,40,0,2724221,2801388,2807966,2833359,52,2719804,GPU-0:0.0770216;GPU-1:0.0719599;GPU-2:0.0763272;GPU-3:0.0770988;GPU-4:0.0773148;GPU-5:0.0775772;GPU-6:0.0772994;GPU-7:0.041821;,GPU-0:265.015;GPU-1:247.777;GPU-2:264.295;GPU-3:256.128;GPU-4:261.81;GPU-5:256.443;GPU-6:263.389;GPU-7:254.961;,GPU-0:91845820416;GPU-1:69500665856;GPU-2:91845820416;GPU-3:91845820416;GPU-4:91845820416;GPU-5:91845820416;GPU-6:91845820416;GPU-7:69685215232;,GPU-0:192265846784;GPU-1:192265846784;GPU-2:192265846784;GPU-3:192265846784;GPU-4:192265846784;GPU-5:192265846784;GPU-6:192265846784;GPU-7:192265846784;
eta,meta-llama,8,bf16,1:128:16,4096,49,11.074,82,849,29006861,15,5763598,39,0,35105436,36593205,36960235,37603610,82,34771353,GPU-0:0.484722;GPU-1:0.363843;GPU-2:0.486481;GPU-3:0.47733;GPU-4:0.477269;GPU-5:0.481543;GPU-6:0.475525;GPU-7:0.252963;,GPU-0:322.426;GPU-1:264.857;GPU-2:320.511;GPU-3:311.023;GPU-4:317.014;GPU-5:311.155;GPU-6:319.602;GPU-7:284.34;,GPU-0:91845820416;GPU-1:69500665856;GPU-2:91845820416;GPU-3:91845820416;GPU-4:91845820416;GPU-5:91845820416;GPU-6:91845820416;GPU-7:69685215232;,GPU-0:192265846784;GPU-1:192265846784;GPU-2:192265846784;GPU-3:192265846784;GPU-4:192265846784;GPU-5:192265846784;GPU-6:192265846784;GPU-7:192265846784;
eta,meta-llama,8,bf16,1:128:16,4096,17,11.0863,57,817,6397049,14,5738985,39,0,11770287,14964239,15376687,15749333,57,12136895,GPU-0:0.491235;GPU-1:0.37037;GPU-2:0.486991;GPU-3:0.485756;GPU-4:0.491512;GPU-5:0.490293;GPU-6:0.480602;GPU-7:0.253673;,GPU-0:322.532;GPU-1:265.226;GPU-2:320.384;GPU-3:311.454;GPU-4:317.603;GPU-5:311.364;GPU-6:320.028;GPU-7:284.311;,GPU-0:91845820416;GPU-1:69500665856;GPU-2:91845820416;GPU-3:91845820416;GPU-4:91845820416;GPU-5:91845820416;GPU-6:91845820416;GPU-7:69685215232;,GPU-0:192265846784;GPU-1:192265846784;GPU-2:192265846784;GPU-3:192265846784;GPU-4:192265846784;GPU-5:192265846784;GPU-6:192265846784;GPU-7:192265846784;
eta,meta-llama,8,bf16,1:128:16,4096,97,11.1233,62,810,62984310,15,5764650,40,0,69697771,71657702,72204723,72751991,62,68749816,GPU-0:0.488086;GPU-1:0.368673;GPU-2:0.48125;GPU-3:0.482824;GPU-4:0.484846;GPU-5:0.487531;GPU-6:0.482485;GPU-7:0.251852;,GPU-0:320.592;GPU-1:264.361;GPU-2:319.112;GPU-3:310.176;GPU-4:316.442;GPU-5:310.275;GPU-6:318.815;GPU-7:283.258;,GPU-0:91845820416;GPU-1:69500665856;GPU-2:91845820416;GPU-3:91845820416;GPU-4:91845820416;GPU-5:91845820416;GPU-6:91845820416;GPU-7:69685215232;,GPU-0:192265846784;GPU-1:192265846784;GPU-2:192265846784;GPU-3:192265846784;GPU-4:192265846784;GPU-5:192265846784;GPU-6:192265846784;GPU-7:192265846784;
eta,meta-llama,8,bf16,1:128:16,4096,33,11.1357,59,818,17657201,14,5756930,39,0,23469252,25557831,26152217,26976123,59,23414993,GPU-0:0.496497;GPU-1:0.375278;GPU-2:0.487824;GPU-3:0.485617;GPU-4:0.495787;GPU-5:0.489846;GPU-6:0.488472;GPU-7:0.255802;,GPU-0:322.679;GPU-1:265.228;GPU-2:320.642;GPU-3:311.274;GPU-4:317.388;GPU-5:311.386;GPU-6:320.19;GPU-7:284.217;,GPU-0:91845820416;GPU-1:69500665856;GPU-2:91845820416;GPU-3:91845820416;GPU-4:91845820416;GPU-5:91845820416;GPU-6:91845820416;GPU-7:69685215232;,GPU-0:192265846784;GPU-1:192265846784;GPU-2:192265846784;GPU-3:192265846784;GPU-4:192265846784;GPU-5:192265846784;GPU-6:192265846784;GPU-7:192265846784;
eta,meta-llama,8,bf16,1:128:16,4096,81,11.148,61,835,51420646,15,5739463,41,0,57926914,59151643,59650748,60232443,61,57160991,GPU-0:0.492469;GPU-1:0.368565;GPU-2:0.491343;GPU-3:0.481096;GPU-4:0.488966;GPU-5:0.486358;GPU-6:0.48216;GPU-7:0.2525;,GPU-0:321.347;GPU-1:264.671;GPU-2:319.999;GPU-3:310.815;GPU-4:317.088;GPU-5:311.03;GPU-6:319.853;GPU-7:283.735;,GPU-0:91845820416;GPU-1:69500665856;GPU-2:91845820416;GPU-3:91845820416;GPU-4:91845820416;GPU-5:91845820416;GPU-6:91845820416;GPU-7:69685215232;,GPU-0:192265846784;GPU-1:192265846784;GPU-2:192265846784;GPU-3:192265846784;GPU-4:192265846784;GPU-5:192265846784;GPU-6:192265846784;GPU-7:192265846784;
eta,meta-llama,8,bf16,1:128:16,4096,113,11.1603,70,827,73800618,15,5728191,40,0,80552982,81865826,82209524,82982632,70,79529683,GPU-0:0.496543;GPU-1:0.36696;GPU-2:0.487932;GPU-3:0.480417;GPU-4:0.478102;GPU-5:0.49213;GPU-6:0.485494;GPU-7:0.255;,GPU-0:320.869;GPU-1:264.109;GPU-2:319.615;GPU-3:310.283;GPU-4:316.455;GPU-5:310.334;GPU-6:318.928;GPU-7:283.215;,GPU-0:91845820416;GPU-1:69500665856;GPU-2:91845820416;GPU-3:91845820416;GPU-4:91845820416;GPU-5:91845820416;GPU-6:91845820416;GPU-7:69685215232;,GPU-0:192265846784;GPU-1:192265846784;GPU-2:192265846784;GPU-3:192265846784;GPU-4:192265846784;GPU-5:192265846784;GPU-6:192265846784;GPU-7:192265846784;
eta,meta-llama,8,bf16,1:128:16,4096,65,11.1851,59,812,40097484,14,5733097,40,0,46316885,47785988,48174206,48713113,59,45831439,GPU-0:0.487299;GPU-1:0.367608;GPU-2:0.487824;GPU-3:0.476759;GPU-4:0.478364;GPU-5:0.490972;GPU-6:0.479568;GPU-7:0.254784;,GPU-0:321.904;GPU-1:264.785;GPU-2:320.195;GPU-3:311.048;GPU-4:317.027;GPU-5:311.158;GPU-6:319.625;GPU-7:283.965;,GPU-0:91845820416;GPU-1:69500665856;GPU-2:91845820416;GPU-3:91845820416;GPU-4:91845820416;GPU-5:91845820416;GPU-6:91845820416;GPU-7:69685215232;,GPU-0:192265846784;GPU-1:192265846784;GPU-2:192265846784;GPU-3:192265846784;GPU-4:192265846784;GPU-5:192265846784;GPU-6:192265846784;GPU-7:192265846784;
eta,meta-llama,8,f32,1:24:8,4096,1,3.04935,53,826,276,21,2618402,41,0,2623665,2661056,2663168,2670830,53,2619559,GPU-0:0.101836;GPU-1:0.0884722;GPU-2:0.10216;GPU-3:0.102361;GPU-4:0.101806;GPU-5:0.103056;GPU-6:0.102577;GPU-7:0.0668056;,GPU-0:281.695;GPU-1:250.021;GPU-2:280.815;GPU-3:273.022;GPU-4:278.579;GPU-5:273.275;GPU-6:280.013;GPU-7:263.482;,GPU-0:95287246848;GPU-1:72958869504;GPU-2:95287246848;GPU-3:95287246848;GPU-4:95287246848;GPU-5:95287246848;GPU-6:95287246848;GPU-7:73059532800;,GPU-0:192265846784;GPU-1:192265846784;GPU-2:192265846784;GPU-3:192265846784;GPU-4:192265846784;GPU-5:192265846784;GPU-6:192265846784;GPU-7:192265846784;
eta,meta-llama,8,f32,1:24:8,4096,17,9.97521,54,850,7117536,15,6401622,40,0,13280085,15483442,16106234,16722393,54,13520055,GPU-0:0.513457;GPU-1:0.350077;GPU-2:0.517037;GPU-3:0.50287;GPU-4:0.518657;GPU-5:0.531929;GPU-6:0.519645;GPU-7:0.265926;,GPU-0:372.954;GPU-1:273.207;GPU-2:370.845;GPU-3:361.031;GPU-4:367.287;GPU-5:360.444;GPU-6:371.878;GPU-7:311.285;,GPU-0:95287246848;GPU-1:72958869504;GPU-2:95287246848;GPU-3:95287246848;GPU-4:95287246848;GPU-5:95287246848;GPU-6:95287246848;GPU-7:73059532800;,GPU-0:192265846784;GPU-1:192265846784;GPU-2:192265846784;GPU-3:192265846784;GPU-4:192265846784;GPU-5:192265846784;GPU-6:192265846784;GPU-7:192265846784;
eta,meta-llama,8,f32,1:24:8,4096,9,10.0616,53,834,797141,15,6386906,39,0,6822606,8888139,9381139,10059134,53,7184927,GPU-0:0.52;GPU-1:0.346065;GPU-2:0.514907;GPU-3:0.506235;GPU-4:0.514012;GPU-5:0.518812;GPU-6:0.511713;GPU-7:0.263457;,GPU-0:372.828;GPU-1:273.158;GPU-2:370.654;GPU-3:360.58;GPU-4:367.232;GPU-5:360.181;GPU-6:371.114;GPU-7:310.836;,GPU-0:95287246848;GPU-1:72958869504;GPU-2:95287246848;GPU-3:95287246848;GPU-4:95287246848;GPU-5:95287246848;GPU-6:95287246848;GPU-7:73059532800;,GPU-0:192265846784;GPU-1:192265846784;GPU-2:192265846784;GPU-3:192265846784;GPU-4:192265846784;GPU-5:192265846784;GPU-6:192265846784;GPU-7:192265846784;
