test,model,batch_size,floating_point,concurrency,kv_cache,Concurrency,Inferences/Second,Client Send,Network+Server Send/Recv,Server Queue,Server Compute Input,Server Compute Infer,Server Compute Output,Client Recv,p50 latency,p90 latency,p95 latency,p99 latency,request/response,response wait
alpha,gemma3,1,fp16,1:24:2,0,1,0.643508,50,719,278,17,1550278,39,0,1542649,1545638,1546397,1561484,50,1551326
alpha,gemma3,2,fp16,1:24:2,0,19,1.18516,54,819,24365170,66,6588780,81,0,32932954,32973698,32975293,34715581,54,30954911
alpha,gemma3,2,fp16,1:24:2,0,11,1.20368,48,752,11907481,41,6208113,74,0,18114342,18157300,19758219,19796982,48,18116455
alpha,gemma3,2,fp16,1:24:2,0,5,1.20368,51,815,2636162,34,5601306,73,0,8238339,8254527,8257616,8259402,51,8238383
alpha,gemma3,2,fp16,1:24:2,0,9,1.20368,54,820,8929651,33,5777241,83,0,14816465,16490745,16580923,18095577,54,14707821
alpha,gemma3,2,fp16,1:24:2,0,13,1.20368,51,746,15504553,43,5754102,73,0,21412491,21456162,23149850,23150264,51,21259510
alpha,gemma3,2,fp16,1:24:2,0,1,1.21293,50,788,276,18,1642665,37,0,1643711,1647611,1649365,1651605,50,1643779
alpha,gemma3,2,fp16,1:24:2,0,3,1.21294,52,772,2186348,20,2752390,49,0,4938679,4946945,4947599,4949573,52,4939574
alpha,gemma3,2,fp16,1:24:2,0,17,1.21294,55,843,21172911,55,6602022,80,0,26349809,32922552,32949589,34705922,55,27775904
alpha,gemma3,2,fp16,1:24:2,0,15,1.21294,53,757,18277157,41,6300194,80,0,24691489,26462864,26477385,26498644,53,24578222
alpha,gemma3,2,fp16,1:24:2,0,23,1.2222,51,826,31500935,63,6588014,78,0,39534969,39576067,41295988,41315339,51,38089910
alpha,gemma3,2,fp16,1:24:2,0,21,1.2222,52,823,27686012,55,6639827,82,0,32972060,39553680,39585615,41274033,52,34326793
alpha,gemma3,2,fp16,1:24:2,0,7,1.23145,52,835,5643809,41,5879855,77,0,11525354,11550098,11550637,11552863,52,11524609
alpha,gemma3,4,fp16,1:24:2,0,21,2.22218,54,824,33433835,41,3580520,58,0,37456892,39037256,41000926,41026613,54,37015269
alpha,gemma3,4,fp16,1:24:2,0,11,2.22218,55,816,15786898,34,3573235,64,0,19536972,21275860,21284731,23204733,55,19361039
alpha,gemma3,4,fp16,1:24:2,0,17,2.22218,55,806,26456875,33,3589403,59,0,30436158,32051133,33991936,34017201,55,30047167
alpha,gemma3,4,fp16,1:24:2,0,5,2.24068,49,782,5623737,39,3287363,53,0,8830148,10596172,10598790,12585461,49,8911967
alpha,gemma3,4,fp16,1:24:2,0,7,2.24069,48,787,9084918,38,3286545,55,0,12370716,12397297,12398402,12398980,48,12372338
alpha,gemma3,4,fp16,1:24:2,0,1,2.24069,51,784,276,20,2370213,42,0,1779678,1783829,1786527,1790627,51,2371328
alpha,gemma3,4,fp16,1:24:2,0,23,2.2592,52,809,37286051,37,3550123,58,0,42537638,42674108,42713270,42731872,52,40837069
alpha,gemma3,4,fp16,1:24:2,0,9,2.2592,50,817,12366136,41,3533434,59,0,17654506,17672915,17679773,17686522,50,15900479
alpha,gemma3,4,fp16,1:24:2,0,13,2.25921,52,840,19103230,29,3574105,58,0,21267470,24806483,24808366,24818748,52,22678256
alpha,gemma3,4,fp16,1:24:2,0,19,2.25922,54,817,29630056,34,3546440,58,0,31940116,35466970,35472246,35481188,54,33177396
alpha,gemma3,4,fp16,1:24:2,0,15,2.25922,56,795,22831217,28,3546676,59,0,24857815,28391451,28397923,28406555,56,26378767
alpha,gemma3,4,fp16,1:24:2,0,3,2.27772,49,812,2364407,30,2956315,52,0,5321064,5325605,5326793,5337964,49,5321611
alpha,mistral,1,fp16,1:24:2,0,1,0.379621,49,810,280,20,2621949,41,0,2600249,2697761,2712110,2721566,49,2623094
alpha,mistral,1,fp16,1:24:2,0,3,1.10183,49,744,281,17,2701929,37,0,2698539,2738174,2770754,2924434,49,2703002
alpha,mistral,1,fp16,1:24:2,0,5,1.79163,48,757,274,17,2792889,37,0,2757290,2825181,2874969,3081798,48,2793968
alpha,mistral,1,fp16,1:24:2,0,9,2.04625,49,806,262,17,4389483,37,0,3908650,7617254,7820905,8054109,49,4390601
alpha,mistral,1,fp16,1:24:2,0,19,2.06939,50,811,934810,19,8169186,51,0,9079171,13307749,13861136,15112832,50,9104872
alpha,mistral,1,fp16,1:24:2,0,11,2.0694,51,807,558070,16,4750340,39,0,4212782,8317135,9393986,9642884,51,5309266
alpha,mistral,1,fp16,1:24:2,0,21,2.07866,50,827,895166,22,9206578,58,0,9729154,15262975,16006228,17399332,50,10102645
alpha,mistral,1,fp16,1:24:2,0,13,2.07866,50,807,584786,17,5591289,43,0,5333310,11344354,11741720,13075101,50,6176935
alpha,mistral,1,fp16,1:24:2,0,17,2.07866,50,826,780025,18,7339885,48,0,7851906,12836859,13311672,13695828,50,8120798
alpha,mistral,1,fp16,1:24:2,0,15,2.09254,49,802,640889,17,6557903,47,0,7623366,11737029,12974290,13226575,49,7199652
alpha,mistral,1,fp16,1:24:2,0,23,2.10644,51,811,1046228,22,9875320,57,0,11523253,15499292,16039927,17153586,51,10922431
alpha,mistral,1,fp16,1:24:2,0,7,2.11107,50,794,273,19,3299449,39,0,2831717,5595553,5707153,5877365,50,3300570
alpha,mistral,2,fp16,1:24:2,0,1,0.749989,51,836,279,21,2665458,42,0,2668150,2744338,2764239,2772878,51,2666630
alpha,mistral,2,fp16,1:24:2,0,3,2.18514,50,780,276,18,2741497,38,0,2695709,2731229,2741001,5288611,50,2742604
alpha,mistral,2,fp16,1:24:2,0,5,3.56475,50,767,272,17,2785368,37,0,2773212,2857584,2901854,3052272,50,2786456
alpha,mistral,2,fp16,1:24:2,0,13,4.00918,51,651,669799,16,5754193,42,0,5260747,11774164,12093058,13838100,51,6424694
alpha,mistral,2,fp16,1:24:2,0,23,4.01841,51,741,1023836,25,10330227,58,0,11001493,16427540,17307071,18569661,51,11354880
alpha,mistral,2,fp16,1:24:2,0,19,4.02769,51,809,806024,21,8510612,52,0,9808345,13263590,13613531,14137780,51,9317511
alpha,mistral,2,fp16,1:24:2,0,17,4.04621,52,843,727583,19,7640215,50,0,8024297,13118301,13333216,14947441,52,8368704
alpha,mistral,2,fp16,1:24:2,0,11,4.06473,50,831,578751,15,4798683,39,0,4212539,8358571,9624157,11411010,50,5378313
alpha,mistral,2,fp16,1:24:2,0,21,4.07397,50,772,946211,21,9372126,55,0,11678895,13562341,14648629,15045662,50,10319178
alpha,mistral,2,fp16,1:24:2,0,15,4.09249,51,813,705917,17,6612880,46,0,5634628,12311299,13238917,14947964,51,7319666
alpha,mistral,2,fp16,1:24:2,0,9,4.11101,51,796,276,17,4353923,38,0,3912592,7633998,7832159,8000058,51,4355045
alpha,mistral,2,fp16,1:24:2,0,7,4.26843,51,751,276,18,3286687,39,0,2808178,5561996,5692113,5946140,51,3287765
alpha,mistral,4,fp16,1:24:2,0,1,1.49997,51,888,286,21,2652152,42,0,2641359,2692754,2779585,2829658,51,2653382
alpha,mistral,4,fp16,1:24:2,0,3,4.44434,49,759,273,18,2703268,37,0,2689867,2781548,2817313,2842520,49,2704351
alpha,mistral,4,fp16,1:24:2,0,5,5.81469,49,758,271,19,3420314,40,0,2753185,5484112,5535570,5658570,49,3421397
alpha,mistral,4,fp16,1:24:2,0,23,7.7406,50,852,3523814,19,8163411,51,0,11700915,15011515,15261827,15712805,50,11688142
alpha,mistral,4,fp16,1:24:2,0,19,7.7776,49,851,1826199,18,7812500,50,0,9117407,12321465,12804298,14239151,49,9639613
alpha,mistral,4,fp16,1:24:2,0,13,7.79614,48,796,626469,16,5911562,43,0,6444603,8856966,10176937,10470354,48,6538880
alpha,mistral,4,fp16,1:24:2,0,15,7.79615,50,843,704512,18,6978274,46,0,8356708,9402599,10268607,10540085,50,7683687
alpha,mistral,4,fp16,1:24:2,0,11,7.90728,50,805,551424,15,5030832,41,0,4651714,8475986,8848550,10442183,50,5583111
alpha,mistral,4,fp16,1:24:2,0,17,7.92578,50,842,889600,20,7794777,50,0,8491906,10367803,11965633,12448696,50,8685283
alpha,mistral,4,fp16,1:24:2,0,21,7.96273,50,840,2551162,20,8190260,51,0,9376630,14560259,14705799,14916371,50,10742326
alpha,mistral,4,fp16,1:24:2,0,9,7.96276,52,728,273,18,4528505,39,0,4053065,7921774,8049923,8332915,52,4529556
alpha,mistral,4,fp16,1:24:2,0,7,8.18501,50,783,274,19,3408775,41,0,2860061,5680841,5737279,5862714,50,3409887
alpha,meta-llama,1,fp16,1:24:2,0,1,0.370364,50,738,276,21,2695475,40,0,2688743,2751722,2755492,2780440,50,2696545
alpha,meta-llama,1,fp16,1:24:2,0,3,0.884238,49,789,283,18,3416158,37,0,3365962,3802697,3900756,4067678,49,3417279
alpha,meta-llama,1,fp16,1:24:2,0,5,1.02776,50,801,281,19,4797439,41,0,3965520,7708673,8340611,9025376,50,4798577
alpha,meta-llama,1,fp16,1:24:2,0,7,1.36571,51,815,288,18,5136403,39,0,4471111,8679375,9000993,9491436,51,5137558
alpha,meta-llama,1,fp16,1:24:2,0,23,1.54625,52,846,1186830,22,13021985,59,0,15233842,30685100,32092057,32936702,52,14209736
alpha,meta-llama,1,fp16,1:24:2,0,9,1.56941,51,796,278,18,5676115,38,0,5064039,9879674,10125714,10373083,51,5677240
alpha,meta-llama,1,fp16,1:24:2,0,17,1.57404,52,841,888697,20,9724756,52,0,7680898,20267637,20593202,22222478,52,10614359
alpha,meta-llama,1,fp16,1:24:2,0,15,1.57866,52,857,821625,19,8652661,48,0,6141325,19523829,20867686,22820504,52,9475203
alpha,meta-llama,1,fp16,1:24:2,0,13,1.59256,49,747,757568,17,7294365,46,0,5939615,14693104,15256989,17504196,49,8052738
alpha,meta-llama,1,fp16,1:24:2,0,19,1.59256,52,859,975744,21,11059251,52,0,12419479,20286729,20811952,23782604,52,12035920
alpha,meta-llama,1,fp16,1:24:2,0,11,1.59256,51,771,682479,15,6237705,42,0,5665421,10674804,11011252,12787125,51,6921006
alpha,meta-llama,1,fp16,1:24:2,0,21,1.60182,51,819,1058159,23,11818831,55,0,11781707,30593167,32141771,33331351,51,12877882
alpha,meta-llama,2,fp16,1:24:2,0,1,0.712948,53,789,269,21,2771338,41,0,2763212,2843718,2869645,2878323,53,2772453
alpha,meta-llama,2,fp16,1:24:2,0,3,1.48145,51,800,273,18,4027241,39,0,4059285,4570299,4770057,4887355,51,4028366
alpha,meta-llama,2,fp16,1:24:2,0,5,1.87034,49,766,266,20,5308558,42,0,4439927,8615021,8767041,9167957,49,5309647
alpha,meta-llama,2,fp16,1:24:2,0,7,2.23144,51,774,260,20,6215635,43,0,4789347,9274883,9511328,9615759,51,6216727
alpha,meta-llama,2,fp16,1:24:2,0,23,2.86104,54,840,1330650,26,14350414,60,0,16582224,23081044,23453634,24542570,54,15681983
alpha,meta-llama,2,fp16,1:24:2,0,9,2.87031,49,781,267,18,6346970,40,0,5401711,10484992,10746065,11161777,49,6348071
alpha,meta-llama,2,fp16,1:24:2,0,21,2.87031,52,789,1243449,23,12877513,56,0,14002646,22138925,22782795,23628536,52,14121826
alpha,meta-llama,2,fp16,1:24:2,0,15,2.88883,51,814,892666,18,9328582,48,0,8395879,17242573,17748343,18940023,51,10222123
alpha,meta-llama,2,fp16,1:24:2,0,11,2.90736,52,819,737180,16,6729348,42,0,6347062,11590516,11832682,13023746,52,7467399
alpha,meta-llama,2,fp16,1:24:2,0,13,2.90736,53,842,842871,18,8060980,45,0,6799157,16265582,17363900,18629422,53,8904749
alpha,meta-llama,2,fp16,1:24:2,0,17,2.93513,51,838,996690,19,10558215,52,0,11476287,17377135,18400940,19023196,51,11555807
alpha,meta-llama,2,fp16,1:24:2,0,19,2.94439,52,812,1185750,23,11904897,54,0,12889805,18414854,18837857,19440156,52,13091530
alpha,meta-llama,4,fp16,1:24:2,0,1,1.44442,50,803,259,22,2761067,44,0,2761297,2819456,2825055,2926229,50,2762190
alpha,meta-llama,4,fp16,1:24:2,0,3,2.51847,50,809,257,20,4692500,41,0,3997382,6933627,7251429,7523634,50,4693621
alpha,meta-llama,4,fp16,1:24:2,0,5,4.53694,50,793,253,18,4405247,39,0,4429879,4829606,4986830,5210282,50,4406343
alpha,meta-llama,4,fp16,1:24:2,0,7,5.27768,50,796,270,17,5243342,39,0,5250244,5491839,5557066,5721324,50,5244459
alpha,meta-llama,4,fp16,1:24:2,0,15,5.72211,54,727,939731,18,9403823,49,0,11212986,12669159,12970967,13255505,54,10344341
alpha,meta-llama,4,fp16,1:24:2,0,17,5.74061,47,766,1255615,19,10485657,52,0,11967610,13710510,13969481,14565528,47,11742104
alpha,meta-llama,4,fp16,1:24:2,0,23,5.77765,51,817,4709431,21,11061708,54,0,15665996,17705915,17973418,18469279,51,15772024
alpha,meta-llama,4,fp16,1:24:2,0,9,5.79617,51,836,669819,14,5519333,39,0,5990730,7902282,8149886,8490227,51,6190035
alpha,meta-llama,4,fp16,1:24:2,0,19,5.79618,48,773,2463711,20,10531181,53,0,13322905,14951651,15358468,16212104,48,12995731
alpha,meta-llama,4,fp16,1:24:2,0,13,5.81469,51,817,856323,17,8122313,47,0,8535298,12586025,12816932,12955883,51,8979510
alpha,meta-llama,4,fp16,1:24:2,0,21,5.83321,53,857,3397682,20,10979913,54,0,14476127,16267808,17046617,18033710,53,14378519
alpha,meta-llama,4,fp16,1:24:2,0,11,5.83321,51,836,753004,16,6750162,43,0,6546420,11376498,12314130,13079056,51,7504053
beta,gemma3,1,bf16,1:24:8,4096,9,0.694438,52,754,6288473,52,6518969,72,0,12923933,13359302,13399259,13434803,52,12808313
beta,gemma3,1,bf16,1:24:8,4096,5,0.695982,51,856,2284733,32,4871369,58,0,7178136,7192284,7663571,7691097,51,7157041
beta,gemma3,1,bf16,1:24:8,4096,17,0.697522,54,894,14498014,62,9955439,100,0,24426258,27270785,30156274,32268901,54,24454502
beta,gemma3,1,bf16,1:24:8,4096,1,0.697524,48,808,279,16,1430808,34,0,1436579,1439044,1440900,1915245,48,1431940
beta,gemma3,1,bf16,1:24:8,4096,13,0.700611,53,744,8714871,81,9812659,101,0,18658478,19049234,19117711,19158586,53,18528450
beta,gemma3,1,bf16,1:24:8,4096,21,0.702155,53,833,19065293,81,10504357,107,0,29955597,32785985,33253920,34478680,53,29570664
beta,gemma3,8,bf16,1:24:8,4096,1,4.49378,51,812,285,17,1774582,38,0,1764935,1773617,1774348,1776334,51,1775727
beta,gemma3,8,bf16,1:24:8,4096,9,4.49378,52,741,14067495,15,1778192,36,0,15924754,15952716,17002053,17028749,52,15846471
beta,gemma3,8,bf16,1:24:8,4096,13,4.50613,54,775,21104581,15,1774742,36,0,22995126,23032610,24075307,24088521,54,22880139
beta,gemma3,8,bf16,1:24:8,4096,17,4.50613,52,734,28156188,15,1778428,36,0,30093336,31138725,31154813,31179489,52,29935395
beta,gemma3,8,bf16,1:24:8,4096,5,4.50613,52,771,7046134,15,1778497,36,0,8848509,8862772,8870698,10037434,52,8825443
beta,gemma3,8,bf16,1:24:8,4096,21,4.50613,54,782,35082895,15,1771992,36,0,37033644,38069372,38080168,38104972,54,36855712
beta,mistral,1,bf16,1:24:8,4096,1,0.385799,50,762,281,19,2589985,39,0,2573038,2694056,2706639,2734755,50,2591082
beta,mistral,1,bf16,1:24:8,4096,5,1.81325,50,727,269,17,2759333,36,0,2753201,2823691,2866328,2940306,50,2760377
beta,mistral,1,bf16,1:24:8,4096,13,2.02467,50,822,537949,17,5874448,44,0,4380492,19612875,20399077,21028885,50,6413276
beta,mistral,1,bf16,1:24:8,4096,9,2.03084,50,770,492080,13,3939754,38,0,4116008,5286994,5381582,5563418,50,4432650
beta,mistral,1,bf16,1:24:8,4096,17,2.03239,50,783,571280,21,7747812,50,0,4639157,31442877,31967985,32628815,50,8319941
beta,mistral,1,bf16,1:24:8,4096,21,2.04627,51,703,711346,23,9633416,55,0,5921756,27310514,27883895,29109209,51,10345537
beta,mistral,8,bf16,1:24:8,4096,1,3.0617,52,828,291,21,2605507,42,0,2589265,2701591,2743106,2803012,52,2606681
beta,mistral,8,bf16,1:24:8,4096,5,13.6418,50,802,274,18,2925219,38,0,2917180,3044655,3081821,3164882,50,2926345
beta,mistral,8,bf16,1:24:8,4096,13,14.1727,52,808,2798398,14,4510093,40,0,7054937,8344252,8517723,8761466,52,7309339
beta,mistral,8,bf16,1:24:8,4096,21,14.2097,55,815,7283408,14,4507770,40,0,11831181,12458178,12645560,12886976,55,11792039
beta,mistral,8,bf16,1:24:8,4096,17,14.2221,54,826,5030654,14,4498330,40,0,9455409,10285093,10479674,10741945,54,9529856
beta,mistral,8,bf16,1:24:8,4096,9,14.2344,53,833,557106,14,4491709,39,0,4723330,6395613,6609313,6809049,53,5049691
beta,meta-llama,1,bf16,1:24:8,4096,1,0.371909,50,766,271,18,2691346,40,0,2722669,2764501,2780862,2815467,50,2692435
beta,meta-llama,1,bf16,1:24:8,4096,5,1.31017,52,707,260,17,3819417,36,0,3814646,4135855,4229990,4391432,52,3820431
beta,meta-llama,1,bf16,1:24:8,4096,17,1.59721,52,807,858299,20,9726189,49,0,5900374,26272858,26981742,27397969,52,10585359
beta,meta-llama,1,bf16,1:24:8,4096,21,1.60184,52,814,843456,23,12144965,54,0,6418071,25957171,26483683,26967071,52,12989306
beta,meta-llama,1,bf16,1:24:8,4096,9,1.60338,51,800,621386,14,5000512,37,0,5210561,7917511,8193191,8495939,51,5622743
beta,meta-llama,1,bf16,1:24:8,4096,13,1.60338,53,780,677665,18,7394434,43,0,5502047,25002016,25448520,26876530,53,8072934
beta,meta-llama,8,bf16,1:24:8,4096,1,2.86418,52,790,284,22,2781010,42,0,2796165,2892277,2898140,3040682,52,2782140
beta,meta-llama,8,bf16,1:24:8,4096,5,9.02461,51,776,265,17,4423326,39,0,4403482,4838542,4928625,5139232,51,4424416
beta,meta-llama,8,bf16,1:24:8,4096,13,11.1974,51,815,3533123,14,5707631,39,0,9295557,9864116,10031796,10450724,51,9241617
beta,meta-llama,8,bf16,1:24:8,4096,21,11.2345,53,814,9183189,15,5689091,39,0,15267852,16278095,16470415,16796232,53,14873141
beta,meta-llama,8,bf16,1:24:8,4096,9,11.2715,50,828,702235,14,5665119,39,0,6347029,7085679,7220209,7532230,50,6368229
beta,meta-llama,8,bf16,1:24:8,4096,17,11.2962,53,818,6330172,15,5671328,39,0,11905876,13018412,13232297,13564836,53,12002365
gama,gemma3,1,bf16,1:64:8,128,1,0.651227,49,773,273,16,1534829,35,0,1532803,1549659,1552403,1557941,49,1535922
gama,gemma3,1,bf16,1:64:8,128,41,0.654315,61,969,49156709,79,12149921,101,0,61126042,71025765,73350179,74220282,61,61307771
gama,gemma3,1,bf16,1:64:8,128,49,0.654315,79,944,61425043,84,12229335,99,0,73362064,84249142,85587959,86419481,79,73655496
gama,gemma3,1,bf16,1:64:8,128,9,0.654315,55,902,2723949,46,10990644,100,0,13744706,13765722,14659608,14669929,55,13715634
gama,gemma3,1,bf16,1:64:8,128,57,0.654315,66,910,73471945,103,12248401,99,0,85557624,97201800,98029569,98637582,66,85721452
gama,gemma3,1,bf16,1:64:8,128,25,0.655858,59,939,25692172,63,11722448,112,0,38193720,39057601,39073816,39151350,59,37415724
gama,gemma3,1,bf16,1:64:8,128,17,0.658938,53,910,15106535,59,10619006,104,0,25963199,29446096,32390203,35083636,53,25726606
gama,gemma3,1,bf16,1:64:8,128,33,0.668202,60,948,37088475,96,12156575,115,0,48907705,59671713,61136239,62000196,60,49246200
gama,gemma3,8,bf16,1:64:8,128,9,4.55551,53,756,13842861,21,1753099,42,0,15698674,15721553,16801482,16837356,53,15596771
gama,gemma3,8,bf16,1:64:8,128,1,4.55551,47,743,276,19,1755017,42,0,1747221,1750473,1751232,1753081,47,1756092
gama,gemma3,8,bf16,1:64:8,128,49,4.55552,58,776,82493900,21,1753725,41,0,85553208,86565965,86600873,86655461,58,84248455
gama,gemma3,8,bf16,1:64:8,128,33,4.55552,57,783,55046534,19,1753876,44,0,57607225,58695599,58714960,58757937,57,56801247
gama,gemma3,8,bf16,1:64:8,128,57,4.5678,106,800,96197357,20,1753338,41,0,99496139,100565992,100582506,100624661,106,97951549
gama,gemma3,8,bf16,1:64:8,128,17,4.56785,59,811,27543454,22,1753091,43,0,29655425,30726567,30766389,30794576,59,29297412
gama,gemma3,8,bf16,1:64:8,128,25,4.56786,53,785,41296327,20,1753803,43,0,43630889,44731800,44751572,44785706,53,43050972
gama,gemma3,8,bf16,1:64:8,128,41,4.56787,57,782,68752098,21,1753469,43,0,71547369,72667927,72693540,72715700,57,70506405
gama,mistral,1,bf16,1:64:8,128,1,0.385798,50,778,275,17,2594549,36,0,2558107,2738186,2748564,2760549,50,2595651
gama,mistral,1,bf16,1:64:8,128,25,2.00153,52,686,783191,25,11470763,62,0,8167868,31543368,32088204,34677063,52,12254720
gama,mistral,1,bf16,1:64:8,128,33,2.00924,53,862,942734,30,15386755,68,0,10892132,32070939,32710040,34501791,53,16330441
gama,mistral,1,bf16,1:64:8,128,57,2.01078,59,890,2958587,46,25142123,101,0,28368524,36790390,38894229,42142680,59,28101740
gama,mistral,1,bf16,1:64:8,128,17,2.0154,50,820,640204,19,7874524,47,0,5122158,23907103,24230325,26411180,50,8515609
gama,mistral,1,bf16,1:64:8,128,49,2.01541,64,864,1860509,39,22418045,89,0,23947198,32946681,34609291,35630421,64,24279539
gama,mistral,1,bf16,1:64:8,128,41,2.01695,54,879,1476737,34,18881740,77,0,20092220,32747808,34294883,35250966,54,20359461
gama,mistral,1,bf16,1:64:8,128,9,2.02466,48,790,493129,14,3951987,36,0,4069860,5826383,5982697,6156101,48,4445952
gama,mistral,8,bf16,1:64:8,128,1,3.01232,52,824,286,21,2650787,42,0,2638486,2823006,2867296,2938757,52,2651951
gama,mistral,8,bf16,1:64:8,128,49,14.2962,56,864,22790716,14,4483794,38,0,27257710,28431428,28679596,29140078,56,27275418
gama,mistral,8,bf16,1:64:8,128,57,14.333,62,826,27141456,14,4463247,39,0,31599083,32704456,32911042,33232301,62,31605573
gama,mistral,8,bf16,1:64:8,128,41,14.3579,55,809,18223661,15,4449418,38,0,22575394,23835225,24001342,24272258,55,22673932
gama,mistral,8,bf16,1:64:8,128,9,14.3949,51,818,551297,15,4437743,38,0,4550936,6608578,6913096,7214932,51,4989904
gama,mistral,8,bf16,1:64:8,128,17,14.4566,51,851,4929203,15,4419847,38,0,9011105,10795538,10947681,11140713,51,9349946
gama,mistral,8,bf16,1:64:8,128,33,14.4813,55,811,13710608,14,4422352,38,0,18011289,19317121,19514649,19729854,55,18133816
gama,mistral,8,bf16,1:64:8,128,25,14.5184,52,831,9286331,15,4409798,38,0,13510790,15049080,15233236,15437725,52,13697006
gama,meta-llama,1,bf16,1:64:8,128,1,0.374996,52,808,281,18,2665655,39,0,2672891,2710819,2715301,2754486,52,2666796
gama,meta-llama,1,bf16,1:64:8,128,9,1.33177,52,844,276,21,6721944,44,0,3980717,14928147,15308027,15626298,52,6723124
gama,meta-llama,1,bf16,1:64:8,128,49,1.61109,69,868,2459466,50,27200169,97,0,29627338,40944419,42932547,43669896,69,29660644
gama,meta-llama,1,bf16,1:64:8,128,33,1.62035,56,844,1636734,32,18410186,70,0,14065178,39510276,40834913,42175259,56,20047859
gama,meta-llama,1,bf16,1:64:8,128,17,1.62653,55,820,644283,21,9757824,49,0,6932021,24400990,25327697,31619620,55,10402992
gama,meta-llama,1,bf16,1:64:8,128,25,1.63115,53,809,1188063,25,14145557,59,0,11534960,34360378,35627018,37113606,53,15334506
gama,meta-llama,1,bf16,1:64:8,128,41,1.65277,58,865,1896632,37,23138695,85,0,25900625,40129989,41260931,44102555,58,25036308
gama,meta-llama,1,bf16,1:64:8,128,57,1.65585,64,837,3524481,52,31040361,107,0,34813978,42857092,44522887,48742211,64,34565830
gama,meta-llama,8,bf16,1:64:8,128,1,2.93825,54,833,259,21,2717429,42,0,2690606,2818971,2872911,2914693,54,2718577
gama,meta-llama,8,bf16,1:64:8,128,41,11.432,56,772,22871910,15,5598903,41,0,28670011,29398433,29630518,29907964,56,28471634
gama,meta-llama,8,bf16,1:64:8,128,49,11.4567,68,827,28352429,15,5584297,40,0,34152128,35022194,35232573,35628306,68,33937599
gama,meta-llama,8,bf16,1:64:8,128,17,11.4567,54,841,6199442,15,5586740,40,0,11729491,12784718,13264040,13645432,54,11787070
gama,meta-llama,8,bf16,1:64:8,128,9,11.469,53,831,690455,15,5552019,39,0,5830869,8413786,8867678,9171976,53,6243350
gama,meta-llama,8,bf16,1:64:8,128,33,11.4814,55,831,17244088,14,5575190,40,0,22901254,23749633,24107979,24497984,55,22820156
gama,meta-llama,8,bf16,1:64:8,128,25,11.4814,53,824,11724900,14,5576566,40,0,17370670,18213045,18394864,18755725,53,17302339
gama,meta-llama,8,bf16,1:64:8,128,57,11.506,59,869,33729227,14,5561148,39,0,39487675,40475159,40686353,41125181,59,39291288
delta,gemma3,8,bf16,1:128:16,256,49,4.72835,97,815,78175657,15,1689550,40,0,82865234,82926129,82945640,83005564,97,79866067
delta,gemma3,8,bf16,1:128:16,256,113,4.74062,322,815,181336812,24,1684445,42,0,190207901,190610104,190633133,190660489,322,183022130
delta,gemma3,8,bf16,1:128:16,256,97,4.74064,72,1158,155764187,20,1686358,41,0,163534784,163971635,163980502,164012220,72,157451755
delta,gemma3,8,bf16,1:128:16,256,65,4.74069,79,831,103994410,14,1687099,39,0,109696595,109814844,109820474,109842098,79,105682382
delta,gemma3,8,bf16,1:128:16,256,81,4.7407,82,813,129976665,20,1689798,42,0,136745431,137246348,137260362,137280812,82,131667330
delta,gemma3,8,bf16,1:128:16,256,1,4.77773,50,812,261,17,1675297,37,0,1671140,1674459,1675107,2196721,50,1676417
delta,gemma3,8,bf16,1:128:16,256,17,4.79009,61,780,26091103,22,1668568,39,0,28268541,28731452,28760003,28785845,61,27760503
delta,gemma3,8,bf16,1:128:16,256,33,4.80242,60,828,51664077,21,1668251,41,0,54897523,55351201,55373734,55411670,60,53333209
delta,meta-llama,8,bf16,1:128:16,256,1,2.98762,55,781,271,17,2677989,38,0,2672477,2730204,2750173,2788250,55,2679090
delta,meta-llama,8,bf16,1:128:16,256,17,11.1727,58,823,6364488,15,5714546,38,0,11683506,15054739,15387345,16071811,58,12079902
delta,meta-llama,8,bf16,1:128:16,256,33,11.1851,58,821,17536644,14,5702004,37,0,23158318,25960552,26564058,27187060,58,23239513
delta,meta-llama,8,bf16,1:128:16,256,81,11.2468,63,847,51026702,15,5696516,39,0,57462469,58690198,59286238,60285989,63,56724109
delta,meta-llama,8,bf16,1:128:16,256,49,11.2591,61,788,28581648,15,5685825,37,0,34616907,36291460,36763266,37477678,61,34268305
delta,meta-llama,8,bf16,1:128:16,256,65,11.2713,86,816,39763360,15,5679235,37,0,45974066,47142199,47410237,48065492,86,45443455
delta,meta-llama,8,bf16,1:128:16,256,113,11.2837,125,804,73271466,15,5677573,41,0,79632898,81702821,82429884,84077328,125,78949891
delta,meta-llama,8,bf16,1:128:16,256,97,11.3209,64,770,61863913,15,5658812,39,0,68295410,69830019,70289277,71007263,64,67523541
delta,mistral,8,bf16,1:128:16,256,1,3.11108,52,746,274,19,2571316,41,0,2558074,2660325,2666739,2684082,52,2572388
delta,mistral,8,bf16,1:128:16,256,113,14.5181,111,841,57058959,15,4408646,42,0,62116030,63427067,63683800,64003176,111,61468494
delta,mistral,8,bf16,1:128:16,256,65,14.6044,75,859,30856633,14,4392250,39,0,35407510,37151705,37556843,37980404,75,35249786
delta,mistral,8,bf16,1:128:16,256,81,14.6048,61,821,39492159,15,4386146,41,0,44186182,45649175,46001285,46641654,61,43879175
delta,mistral,8,bf16,1:128:16,256,49,14.6295,68,877,22082347,14,4368553,39,0,26421330,28441369,28806203,29308274,68,26451817
delta,mistral,8,bf16,1:128:16,256,97,14.6295,61,829,47914727,15,4368682,41,0,52779482,54068566,54416799,55036757,61,52284285
delta,mistral,8,bf16,1:128:16,256,33,14.8146,57,798,13305812,14,4313293,41,0,17435797,19462562,19918271,20350263,57,17619949
delta,mistral,8,bf16,1:128:16,256,17,14.8147,56,789,4813980,14,4311068,40,0,8725484,11128219,11456555,11879197,56,9125883
epsilon,gemma3,8,bf16,1:512:64,4096,129,4.70356,1223,950,189766626,23,1697248,38,0,219079203,219172847,219184790,219209476,1223,191464849
epsilon,gemma3,8,bf16,1:512:64,4096,65,4.71591,1765,909,99291611,26,1697976,39,0,110356769,110412351,110420770,110438153,1765,100990550
epsilon,gemma3,8,bf16,1:512:64,4096,321,4.71598,406,881,533613183,21,1694717,40,0,544690010,546194877,546347579,546522848,406,535308832
epsilon,gemma3,8,bf16,1:512:64,4096,1,4.716,51,801,280,17,1694465,38,0,1690834,1696143,1697095,2230138,51,1695595
epsilon,gemma3,8,bf16,1:512:64,4096,385,4.72833,474,2338,621260201,24,1687860,41,0,649858723,650468701,650593628,650711099,474,622950454
epsilon,gemma3,8,bf16,1:512:64,4096,449,4.74061,81,885,648181798,15,1688313,42,0,649890857,650211613,650341158,650369322,81,649871043
epsilon,gemma3,8,bf16,1:512:64,4096,193,4.74068,259,882,314495999,22,1685088,39,0,325359166,325498684,325517981,325549682,259,316182021
epsilon,gemma3,8,bf16,1:512:64,4096,257,4.75303,869,858,404271742,24,1685962,38,0,432821411,433289681,433305656,433365406,869,405958614
epsilon,mistral,8,bf16,1:512:64,4096,1,3.13577,53,802,282,20,2547924,40,0,2550675,2629542,2646352,2693479,53,2549062
epsilon,mistral,8,bf16,1:512:64,4096,449,14.2343,729,909,246489628,15,4492268,40,0,251951313,253134963,253464952,253939155,729,250982852
epsilon,mistral,8,bf16,1:512:64,4096,257,14.3205,369,884,132418424,15,4474195,38,0,143237774,144603790,145179525,145938504,369,136893547
epsilon,mistral,8,bf16,1:512:64,4096,385,14.3207,202,880,199693980,15,4469433,39,0,214606173,216447891,216887938,217665198,202,204164338
epsilon,mistral,8,bf16,1:512:64,4096,321,14.3578,177,884,165282134,15,4452106,39,0,177696526,180186849,180680038,181934780,177,169735170
epsilon,mistral,8,bf16,1:512:64,4096,129,14.4316,657,847,64006883,15,4427042,40,0,70917454,72680310,73308354,74024763,657,68434817
epsilon,mistral,8,bf16,1:512:64,4096,193,14.5183,128,873,97122783,15,4415430,38,0,106294005,107941322,108435044,109413525,128,101539130
epsilon,mistral,8,bf16,1:512:64,4096,65,14.6167,824,843,30205212,15,4364463,39,0,35069100,37043876,37466714,38031116,824,34570561
epsilon,meta-llama,8,bf16,1:512:64,4096,1,2.98762,50,815,295,19,2677355,40,0,2688183,2740089,2746108,2756175,50,2678517
epsilon,meta-llama,8,bf16,1:512:64,4096,257,6.98757,727,911,279479833,15,9134232,41,0,292903540,294571944,295011792,295449861,727,288615022
epsilon,meta-llama,8,bf16,1:512:64,4096,193,7.02455,67,906,209569836,15,9123907,42,0,219583122,221325784,221550327,222110922,67,218694698
epsilon,meta-llama,8,bf16,1:512:64,4096,321,7.02459,276,951,343625641,15,9116628,42,0,364780826,366544083,366962506,367237500,276,352743268
epsilon,meta-llama,8,bf16,1:512:64,4096,65,11.2962,666,886,38694239,15,5631083,41,0,45233468,49108942,49513694,50179083,666,44326254
epsilon,meta-llama,8,bf16,1:512:64,4096,385,11.3578,80,858,265692530,15,5644849,40,0,271294119,272747117,273173949,273638503,80,271338283
epsilon,meta-llama,8,bf16,1:512:64,4096,129,11.3701,323,901,80490343,15,5641093,41,0,90518644,93260920,94088062,94916718,323,86132382
epsilon,meta-llama,8,bf16,1:512:64,4096,449,11.3949,807,884,304403509,15,5613831,40,0,315095170,316315437,316666940,317260354,807,310018270
zeta,gemma3,8,fp16,512:1024:64,8192,512,5.90113,7820,9310,692389668,18,2709978,43,0,693918210,695533683,724755898,749308680,7820,695109007
zeta,gemma3,8,fp16,512:1024:64,8192,640,5.91346,520,909,763988728,15,2703027,39,0,778168240,778888532,778989656,779072830,520,766692710
zeta,gemma3,8,fp16,512:1024:64,8192,576,5.92581,89,922,690688203,16,2703049,41,0,693629219,694648913,694810357,695010563,89,693392222
zeta,gemma3,8,fp16,512:1024:64,8192,704,5.938,557,914,838214171,15,2693092,41,0,863168355,864744507,865191103,865533998,557,840908226
zeta,gemma3,8,fp16,512:1024:64,8192,768,5.96282,622,2838,910615915,18,2686551,42,0,945791754,947599998,947751185,947899330,622,913305355
zeta,gemma3,8,fp16,512:1024:64,8192,832,6.01209,739,981,981892717,18,2662639,42,0,973346502,1027921252,1028572537,1029251337,739,984556388
zeta,gemma3,8,fp16,512:1024:64,8192,896,6.0122,2092,1008,1050818572,17,2658928,41,0,1025137968,1106206347,1106960750,1107579986,2092,1053478557
zeta,gemma3,8,fp16,512:1024:64,8192,1024,6.03686,842,998,1192436215,18,2648398,42,0,1186680055,1230792235,1262873985,1269530590,842,1195085662
zeta,gemma3,8,fp16,512:1024:64,8192,960,6.06156,777,959,1121108534,18,2640448,42,0,1105226713,1186877776,1187672990,1187884430,777,1123749991
zeta,mistral,8,fp16,512:1024:64,8192,512,14.4195,5539,908,270130376,16,8804009,41,0,281592569,282628556,283715226,286357157,5539,278935343
zeta,mistral,8,fp16,512:1024:64,8192,640,14.4195,301,979,338222209,16,8842599,40,0,352968182,354846876,355057420,355553577,301,347065836
zeta,mistral,8,fp16,512:1024:64,8192,576,14.4195,264,903,304627561,16,8805305,40,0,317940573,318492569,318676704,318876401,264,313433816
zeta,mistral,8,fp16,512:1024:64,8192,896,14.4564,390,1009,459559423,16,8837880,41,0,459245999,494992245,495239566,495569030,390,468398360
zeta,mistral,8,fp16,512:1024:64,8192,768,14.4811,348,1004,391434372,17,8796392,41,0,387807724,422097160,422251567,422454832,348,400231818
zeta,mistral,8,fp16,512:1024:64,8192,960,14.5181,420,1046,492980260,16,8814338,40,0,494863582,529107147,529417711,529831489,420,501795692
zeta,mistral,8,fp16,512:1024:64,8192,1024,14.5428,452,1078,525295827,15,8795989,40,0,529027710,562415596,562834907,563356981,452,534092942
zeta,mistral,8,fp16,512:1024:64,8192,832,14.5549,1100,1024,426306338,15,8830038,40,0,424649146,458738624,459388861,459841990,1100,435137448
zeta,mistral,8,fp16,512:1024:64,8192,704,14.5799,298,979,358948815,16,8802954,40,0,353670846,388398334,388592240,388949529,298,367752796
zeta,meta-llama,8,fp16,512:1024:64,8192,704,13.9256,338,964,372274650,16,9175521,42,0,367329170,403463352,403717351,404007026,338,381451185
zeta,meta-llama,8,fp16,512:1024:64,8192,832,13.9501,812,1029,441257462,15,9161642,41,0,440099791,476988367,477515146,477875304,812,450420181
zeta,meta-llama,8,fp16,512:1024:64,8192,1024,13.9502,460,1044,544014940,15,9156195,42,0,548836352,582641215,586475099,587182090,460,553172226
zeta,meta-llama,8,fp16,512:1024:64,8192,640,13.9627,311,972,349620092,15,9161659,41,0,366460022,367387947,367604796,367893213,311,358782770
zeta,meta-llama,8,fp16,512:1024:64,8192,576,13.9874,281,922,314656002,16,9159447,42,0,329143845,330833337,331261255,331560238,281,323816420
zeta,meta-llama,8,fp16,512:1024:64,8192,960,13.9996,453,999,509857869,15,9155575,41,0,512343435,549324483,549671726,550244192,453,519014491
zeta,meta-llama,8,fp16,512:1024:64,8192,896,13.9996,430,1008,475851179,15,9161537,42,0,476798372,512807724,513208252,513609853,430,485013772
zeta,meta-llama,8,fp16,512:1024:64,8192,768,14.012,374,942,406538829,16,9141594,41,0,404209525,438245955,438513709,439443760,374,415681413
zeta,meta-llama,8,fp16,512:1024:64,8192,512,14.0244,4886,925,278976643,15,9145935,41,0,292471068,293208765,293406337,294835316,4886,288123550
eta,gemma3,8,f16,1:24:8,0,9,4.72835,57,881,13351836,18,1691425,39,0,15156792,15654014,15674120,15691061,57,15044191
eta,gemma3,8,f16,1:24:8,0,1,4.74069,51,816,281,17,1686537,38,0,1680010,1685752,1687125,2215195,51,1687682
eta,gemma3,8,f16,1:24:8,0,17,4.7407,57,837,26575458,17,1689954,39,0,28629463,29115898,29130164,29154250,57,28266297
eta,gemma3,8,f16,1:128:16,0,113,4.5678,258,881,187990905,16,1748942,38,0,197465774,198144717,198274999,198303056,258,189740775
eta,gemma3,8,f16,1:128:16,0,81,4.56786,82,841,134398657,18,1748751,39,0,141671922,141824120,141839690,141860747,82,136148298
eta,gemma3,8,f16,1:128:16,0,49,4.56786,92,1218,80855262,17,1748789,39,0,85382666,86118096,86142570,86166085,92,82605316
eta,gemma3,8,f16,1:128:16,0,17,4.56786,68,914,27317939,18,1749820,39,0,29588573,30290176,30296997,30316296,68,29068722
eta,gemma3,8,f16,1:128:16,0,97,4.58011,69,1414,161212042,18,1749430,38,0,169611969,169799389,170334562,170458348,69,162962934
eta,gemma3,8,f16,1:128:16,0,33,4.58016,61,1124,54037774,18,1747430,40,0,57452971,58130459,58154978,58203359,61,55786378
eta,gemma3,8,f16,1:128:16,0,1,4.5802,51,502,282,17,1749053,37,0,1741494,1745711,1746731,1749133,51,1749885
eta,gemma3,8,f16,1:128:16,0,65,4.58021,62,847,107581000,17,1748315,37,0,113741861,113887303,113915053,113941987,62,109330207
eta,gemma3,8,bf16,1:24:8,0,1,4.77773,50,770,277,17,1672371,38,0,1666782,1670015,1671255,2165273,50,1673469
eta,gemma3,8,bf16,1:24:8,0,17,4.77774,56,826,26324123,25,1672315,40,0,28336831,28804604,28820179,28843197,56,27997322
eta,gemma3,8,bf16,1:24:8,0,9,4.79009,55,789,13201821,22,1671650,40,0,14990856,15467036,15485677,15507056,55,14874314
eta,gemma3,8,bf16,1:128:16,0,1,4.50612,51,727,277,17,1773781,38,0,1768346,1771429,1772631,1775623,51,1774836
eta,gemma3,8,bf16,1:128:16,0,97,4.51848,95,797,162719646,16,1767107,42,0,171318259,171557283,171571704,171585156,95,164487600
eta,gemma3,8,bf16,1:128:16,0,113,4.53078,228,767,189719656,16,1766424,42,0,199459573,200085400,200095450,200126886,228,191486897
eta,gemma3,8,bf16,1:128:16,0,49,4.53082,92,828,81587769,15,1765989,41,0,86222276,86958312,86999723,87012902,92,83354634
eta,gemma3,8,bf16,1:128:16,0,65,4.53082,66,833,108725596,15,1765858,42,0,114964846,115251228,115279396,115291664,66,110492334
eta,gemma3,8,bf16,1:128:16,0,81,4.53082,79,796,135644001,16,1764847,42,0,142942938,143049232,143077962,143138996,79,137409692
eta,gemma3,8,bf16,1:128:16,0,17,4.53083,61,843,27572116,18,1766600,41,0,29900089,30653276,30666696,30686122,61,29339611
eta,gemma3,8,bf16,1:128:16,0,33,4.53083,60,761,54601528,15,1765999,43,0,58035219,58774892,58795633,58825731,60,56368338
eta,gemma3,8,f32,1:24:8,0,1,3.61724,51,828,300,17,2209505,37,0,2204037,2207085,2208077,2691852,51,2210681
eta,gemma3,8,f32,1:24:8,0,17,3.61725,58,848,34583506,14,2210578,39,0,37483669,37923260,37953259,37968757,58,36794978
eta,gemma3,8,f32,1:24:8,0,9,3.61726,58,821,17388182,14,2210625,38,0,19839757,20306295,20332826,20359826,58,19599673
eta,gemma3,8,f32,1:128:16,0,1,3.50614,52,860,276,16,2277289,37,0,2271472,2273225,2273912,2275673,52,2278472
eta,gemma3,8,f32,1:128:16,0,17,3.50614,62,854,35277787,15,2279124,40,0,38597756,39221680,39230795,39263232,62,37557812
eta,gemma3,8,f32,1:128:16,0,65,3.50614,69,831,138456139,15,2276188,40,0,148081051,148239230,148247546,148280115,69,140733204
eta,gemma3,8,f32,1:128:16,0,113,3.51848,237,807,253619780,14,2275439,39,0,257060723,257693756,257709957,257783174,237,255896072
eta,gemma3,8,f32,1:128:16,0,97,3.51849,73,795,207038481,15,2274790,39,0,220553410,220733200,221137494,221220805,73,209314112
eta,gemma3,8,f32,1:128:16,0,81,3.51849,68,842,172752118,14,2276021,38,0,184401435,184545351,184555053,184562822,68,175029023
eta,gemma3,8,f32,1:128:16,0,49,3.51849,86,833,104074954,15,2276977,39,0,111279675,111926475,111935861,111954562,86,106352809
eta,gemma3,8,f32,1:128:16,0,33,3.51849,61,832,69628186,14,2276735,39,0,74930846,75562636,75575319,75604384,61,71905798
eta,mistral,8,f16,1:24:8,0,1,3.12342,53,833,302,21,2553760,41,0,2535401,2672250,2686321,2698292,53,2554950
eta,mistral,8,f16,1:24:8,0,9,14.6171,54,785,542590,15,4375107,38,0,4438659,7347856,7551623,7767763,54,4918528
eta,mistral,8,f16,1:24:8,0,17,14.6295,55,790,4860535,15,4354425,38,0,8836652,11439959,11691812,12082269,55,9215796
eta,mistral,8,f16,1:128:16,0,1,3.0617,52,842,302,21,2607804,41,0,2639111,2682767,2694582,2721312,52,2609003
eta,mistral,8,f16,1:128:16,0,81,14.4566,60,829,39867574,15,4427192,39,0,44678815,45866000,46111478,46449184,60,44295640
eta,mistral,8,f16,1:128:16,0,113,14.5306,117,843,56925086,15,4394433,39,0,61960820,62793533,62949541,63274429,117,61320408
eta,mistral,8,f16,1:128:16,0,97,14.5677,62,837,48292803,14,4401009,39,0,53195538,54239712,54520700,55032067,62,52694694
eta,mistral,8,f16,1:128:16,0,49,14.6048,72,861,22176686,14,4390447,39,0,26580378,28206958,28515969,29145598,72,26568039
eta,mistral,8,f16,1:128:16,0,65,14.6295,59,826,30711276,14,4370570,39,0,35263711,36736833,36997934,37292598,59,35082718
eta,mistral,8,f16,1:128:16,0,33,14.6295,57,774,13456870,14,4362089,39,0,17608596,19536420,19772354,20019500,57,17819778
eta,mistral,8,f16,1:128:16,0,17,14.7159,54,829,4846722,14,4341551,39,0,8789483,10991810,11250994,11449761,54,9189147
eta,mistral,8,f32,1:24:8,0,1,3.14812,49,855,285,20,2536574,40,0,2529497,2615649,2622561,2629121,49,2537768
eta,mistral,8,f32,1:24:8,0,17,14.6171,53,827,4869750,14,4373842,39,0,8815648,12600458,12848362,13186260,53,9244466
eta,mistral,8,f32,1:24:8,0,9,14.7282,54,800,537042,14,4332627,39,0,4384909,8287417,8542369,8758228,54,4870515
eta,mistral,8,f32,1:128:16,0,1,3.08639,52,802,282,20,2588800,41,0,2578703,2710367,2715096,2728177,52,2589937
eta,mistral,8,f32,1:128:16,0,113,14.3206,137,760,57745914,14,4464884,39,0,62838608,64152294,64594202,65667273,137,62211603
eta,mistral,8,f32,1:128:16,0,81,14.4196,58,835,39945823,15,4439107,39,0,44684689,46497142,47159506,47652378,58,44385811
eta,mistral,8,f32,1:128:16,0,97,14.4196,66,861,48751218,14,4441463,39,0,53635480,55190777,55793652,56647339,66,53193586
eta,mistral,8,f32,1:128:16,0,49,14.506,72,853,22327788,14,4418733,39,0,26748015,28758179,29231638,29616394,72,26747419
eta,mistral,8,f32,1:128:16,0,65,14.5184,59,786,30975031,14,4407593,39,0,35536641,37536574,37925264,38373911,59,35383455
eta,mistral,8,f32,1:128:16,0,33,14.5307,57,799,13562618,14,4401056,39,0,17801716,20179081,20565668,21029879,57,17964517
eta,mistral,8,f32,1:128:16,0,17,14.6171,53,732,4869319,14,4361386,38,0,8805151,11764298,12047929,12357938,53,9231481
eta,meta-llama,8,f16,1:24:8,0,1,2.93824,52,831,268,22,2723448,42,0,2721886,2785112,2790892,2799852,52,2724606
eta,meta-llama,8,f16,1:24:8,0,17,11.5554,55,846,6157644,15,5538451,39,0,11677583,12605622,12768200,12982443,55,11696987
eta,meta-llama,8,f16,1:24:8,0,9,11.6294,51,800,687197,14,5511908,38,0,6203613,6671900,6881603,7170982,51,6199950
eta,meta-llama,8,f16,1:128:16,0,1,2.9259,55,815,268,21,2726811,41,0,2732063,2790861,2799348,2819064,55,2727949
eta,meta-llama,8,f16,1:128:16,0,65,11.5554,59,865,38680503,15,5526779,40,0,44617970,45817191,47283286,48413594,59,44208194
eta,meta-llama,8,f16,1:128:16,0,33,11.5676,57,978,16979190,15,5531213,39,0,22663149,23681522,23898678,24330738,57,22511427
eta,meta-llama,8,f16,1:128:16,0,17,11.5677,56,835,6137581,14,5507000,39,0,11334856,13442378,13754961,14169690,56,11645462
eta,meta-llama,8,f16,1:128:16,0,49,11.6295,86,891,27748320,15,5508881,40,0,33652584,34579710,34870462,35251540,86,33258138
eta,meta-llama,8,f16,1:128:16,0,97,11.6415,63,1157,60031831,15,5485749,40,0,66350589,67375790,67701335,68139917,63,65518785
eta,meta-llama,8,f16,1:128:16,0,113,11.6417,118,866,70880758,14,5498225,39,0,77390647,78631028,79023790,79763654,118,76379894
eta,meta-llama,8,f16,1:128:16,0,81,11.6419,62,883,49474565,15,5516440,40,0,55584996,56727112,57730198,58928832,62,54991934
eta,meta-llama,8,bf16,1:24:8,0,1,2.96293,50,857,268,20,2699777,40,0,2686737,2777053,2784489,2794122,50,2700955
eta,meta-llama,8,bf16,1:24:8,0,9,11.148,53,850,714512,16,5746365,40,0,6163577,8678721,9010098,9387915,53,6461775
eta,meta-llama,8,bf16,1:24:8,0,17,11.148,54,860,6376482,15,5749663,38,0,12038878,13164758,14021986,14632098,54,12127052
eta,meta-llama,8,bf16,1:128:16,0,1,2.93825,52,853,282,21,2718614,40,0,2724221,2801388,2807966,2833359,52,2719804
eta,meta-llama,8,bf16,1:128:16,0,49,11.074,82,849,29006861,15,5763598,39,0,35105436,36593205,36960235,37603610,82,34771353
eta,meta-llama,8,bf16,1:128:16,0,17,11.0863,57,817,6397049,14,5738985,39,0,11770287,14964239,15376687,15749333,57,12136895
eta,meta-llama,8,bf16,1:128:16,0,97,11.1233,62,810,62984310,15,5764650,40,0,69697771,71657702,72204723,72751991,62,68749816
eta,meta-llama,8,bf16,1:128:16,0,33,11.1357,59,818,17657201,14,5756930,39,0,23469252,25557831,26152217,26976123,59,23414993
eta,meta-llama,8,bf16,1:128:16,0,81,11.148,61,835,51420646,15,5739463,41,0,57926914,59151643,59650748,60232443,61,57160991
eta,meta-llama,8,bf16,1:128:16,0,113,11.1603,70,827,73800618,15,5728191,40,0,80552982,81865826,82209524,82982632,70,79529683
eta,meta-llama,8,bf16,1:128:16,0,65,11.1851,59,812,40097484,14,5733097,40,0,46316885,47785988,48174206,48713113,59,45831439
eta,meta-llama,8,f32,1:24:8,0,1,3.04935,53,826,276,21,2618402,41,0,2623665,2661056,2663168,2670830,53,2619559
eta,meta-llama,8,f32,1:24:8,0,17,9.97521,54,850,7117536,15,6401622,40,0,13280085,15483442,16106234,16722393,54,13520055
eta,meta-llama,8,f32,1:24:8,0,9,10.0616,53,834,797141,15,6386906,39,0,6822606,8888139,9381139,10059134,53,7184927
eta,meta-llama,8,f32,1:128:16,0,1,2.99998,52,810,278,22,2665013,41,0,2654429,2750871,2761267,2783409,52,2666158
eta,meta-llama,8,f32,1:128:16,0,113,9.95031,143,847,82626544,14,6429203,39,0,90480683,92370031,92832779,93651582,143,89056638
eta,meta-llama,8,f32,1:128:16,0,33,9.96286,57,844,19648505,15,6427757,40,0,26271683,27845280,28474399,29762606,57,26077153
eta,meta-llama,8,f32,1:128:16,0,97,9.9752,63,819,69985249,15,6415189,41,0,77767894,78726780,78977638,79291565,63,76401304
eta,meta-llama,8,f32,1:128:16,0,17,9.97521,57,852,7078662,15,6361591,40,0,12934665,17306819,17947289,18699054,57,13441151
eta,meta-llama,8,f32,1:128:16,0,49,10.0493,68,825,32053540,15,6384674,40,0,38963063,40112804,40538449,41501947,68,38439086
eta,meta-llama,8,f32,1:128:16,0,65,10.0616,60,838,44434723,15,6359496,41,0,51581422,52862652,53235062,53730334,60,50795105
eta,meta-llama,8,f32,1:128:16,0,81,10.074,61,864,56852468,15,6356564,40,0,64110218,65430629,65806736,66626890,61,63209943
theta,rt-gemma3,8,f32,1:128:16,0,1,18.6639,45,3124,298,33,416627,1042,3871,423912,426900,427100,430877,3916,418916
theta,rt-gemma3,8,f32,1:128:16,4096,97,19.098,63,2692,33454201,23,416153,1146,3575,33806129,33807373,34211027,35464643,3638,33873436
theta,rt-gemma3,8,f32,1:128:16,4096,113,19.1027,81,4669,39788834,22,416145,1114,3685,40482525,40483295,40483371,40483559,3766,40209756
theta,rt-gemma3,8,f32,1:128:16,4096,49,19.1092,519,4169,19090374,22,416148,759,4918,20431088,20431780,20431879,20432127,5437,19510267
theta,rt-gemma3,8,f32,1:128:16,4096,17,19.3196,70,4286,5956774,23,416154,780,4445,7087999,7091248,7092522,7093521,4515,6374642
theta,rt-gemma3,8,f32,1:128:16,4096,81,19.3311,81,2197,32174287,23,416159,1158,3663,33805964,33806782,33807211,33807526,3744,32592613
theta,rt-gemma3,8,f32,1:128:16,4096,65,19.3312,63,1920,26551185,22,416149,1158,3631,27126701,27127573,27127732,27127790,3694,26969528
theta,rt-gemma3,8,f32,1:128:16,4096,33,19.3313,55,2273,13283983,22,416156,758,4953,13759936,13760400,13761876,13762125,5008,13702436
theta,rt-mistral,8,f32,1:128:16,4096,1,552.58,45,2479,274,27,9883,534,1224,13957,16657,16816,18404,1269,11586
theta,rt-mistral,8,f32,1:128:16,4096,17,5347.06,48,1816,3824,15,9815,531,9368,26078,32227,33164,34889,9416,14652
theta,rt-mistral,8,f32,1:128:16,4096,97,5393.23,59,982,125960,15,9806,533,6434,143616,150599,154808,162194,6493,136827
theta,rt-mistral,8,f32,1:128:16,4096,113,5393.31,62,1097,152728,15,9808,530,3262,167565,170669,171760,174479,3324,163570
theta,rt-mistral,8,f32,1:128:16,4096,33,5397.08,49,1429,24710,15,9803,527,12344,50359,59800,61217,63775,12393,35594
theta,rt-mistral,8,f32,1:128:16,4096,81,5399.26,54,1062,105593,15,9804,523,2883,119931,123307,124371,126827,2937,116404
theta,rt-mistral,8,f32,1:128:16,4096,65,5406.78,53,1104,82319,15,9801,512,2303,96000,98873,99897,102011,2356,93123
theta,rt-mistral,8,f32,1:128:16,4096,49,5413.08,50,1219,57809,15,9794,511,2970,72307,74968,75916,77681,3020,68590
iota,rt-gemma3,1,f32,1:128:16,8192,1,13.4986,43,1223,284,41,71957,131,263,73855,74427,74533,77026,306,73426
iota,rt-gemma3,1,f32,1:128:16,8192,17,18.7751,48,1195,527599,36,362912,1084,1234,909491,1105216,1105972,1205499,1282,892691
iota,rt-gemma3,1,f32,1:128:16,8192,33,19.0253,53,1336,1275857,36,415175,1185,949,1670238,2086671,2087584,2088490,1002,1693405
iota,rt-gemma3,1,f32,1:128:16,8192,97,19.1083,56,1364,4532815,36,416232,1197,1164,5010566,5426586,5427866,5428817,1220,4951411
iota,rt-gemma3,1,f32,1:128:16,8192,65,19.1084,51,1450,2906122,36,416227,1188,975,3340351,3756761,3757687,3758433,1026,3324765
iota,rt-gemma3,1,f32,1:128:16,8192,81,19.1085,57,1399,3719435,36,416232,1195,1135,4175530,4591632,4592819,4593769,1192,4138052
iota,rt-gemma3,1,f32,1:128:16,8192,113,19.3255,179,1306,5347647,36,416235,1196,1115,5845647,6262069,6262918,6263692,1294,5766206
iota,rt-gemma3,1,f32,1:128:16,8192,49,19.3308,50,1424,2083842,36,416247,1163,851,2505218,2921727,2922471,2923322,901,2502486
iota,rt-gemma3,4,f32,1:128:16,8192,1,17.5532,47,2111,269,32,221196,624,2348,227098,227670,227800,227916,2395,223045
iota,rt-gemma3,4,f32,1:128:16,8192,17,19.0983,55,2763,2956493,28,413940,1217,3635,3343687,3760167,3760732,3761326,3690,3372600
iota,rt-gemma3,4,f32,1:128:16,8192,49,19.104,110,2060,9026313,29,416191,1214,3012,10020450,10437716,10438408,10440908,3122,9444713
iota,rt-gemma3,4,f32,1:128:16,8192,113,19.1086,282,1424,22244136,29,416196,1208,2871,23379195,23796769,23798122,23800307,3153,22662523
iota,rt-gemma3,4,f32,1:128:16,8192,97,19.1089,79,1490,19217029,30,416198,1247,2803,20043162,20460416,20461128,20464254,2882,19635456
iota,rt-gemma3,4,f32,1:128:16,8192,65,19.1089,57,1283,13118202,29,416196,1208,2904,13363568,13777346,13779680,13780687,2961,13536541
iota,rt-gemma3,4,f32,1:128:16,8192,81,19.1089,69,1400,16200977,29,416186,1206,3033,16701611,17117890,17119072,17121227,3102,16619337
iota,rt-gemma3,4,f32,1:128:16,8192,33,19.3163,59,2763,5976941,29,416201,1228,3179,6681582,7098145,7099661,7100669,3238,6395344
iota,rt-gemma3,8,f32,1:128:16,8192,1,18.6628,44,3083,270,32,416257,1240,4676,424921,428719,428776,428892,4720,418648
iota,rt-gemma3,8,f32,1:128:16,8192,17,19.0987,87,4181,5963555,21,416223,1215,5329,7096792,7099277,7100264,7100966,5416,6381931
iota,rt-gemma3,8,f32,1:128:16,8192,113,19.1007,76,1837,39903660,21,416211,1211,4610,40493297,40496078,40496282,40496491,4686,40322019
iota,rt-gemma3,8,f32,1:128:16,8192,49,19.1088,74,2099,19067179,21,416220,1199,5634,20456221,20458363,20458780,20459050,5708,19485546
iota,rt-gemma3,8,f32,1:128:16,8192,33,19.1091,55,1611,13303737,21,416206,1193,5456,13775846,13776415,13776875,13777142,5511,13722061
iota,rt-gemma3,8,f32,1:128:16,8192,81,19.1091,123,2050,32184008,21,416214,1196,5540,33815472,33816255,33816329,33816447,5663,32602300
iota,rt-gemma3,8,f32,1:128:16,8192,65,19.3313,61,1911,26567920,21,416226,1200,5502,27138980,27141658,27141845,27142109,5563,26986405
iota,rt-gemma3,8,f32,1:128:16,8192,97,19.3314,64,1711,33468250,21,416208,1201,4693,33815031,33815511,34325562,35577469,4757,33886524
iota,rt-mistral,1,f32,1:128:16,8192,1,90.3954,37,968,284,27,9515,75,149,11008,11315,11395,11554,186,10849
iota,rt-mistral,1,f32,1:128:16,8192,17,1494.33,40,615,612,25,9543,179,352,11204,12283,12725,13797,392,10939
iota,rt-mistral,1,f32,1:128:16,8192,33,2654.64,42,617,1019,29,9730,349,635,12141,14430,15225,16739,677,11698
iota,rt-mistral,1,f32,1:128:16,8192,49,3493.31,46,620,1794,29,9814,417,1297,13643,17235,18442,20795,1343,12620
iota,rt-mistral,1,f32,1:128:16,8192,65,4127.38,53,806,2301,29,9873,460,2218,15372,20445,21203,22367,2271,13408
iota,rt-mistral,1,f32,1:128:16,8192,81,4643.16,74,998,2951,28,9908,488,2990,17680,21359,21936,23151,3064,14312
iota,rt-mistral,1,f32,1:128:16,8192,97,5350.26,109,1104,3204,28,9941,516,3219,18229,21731,22417,23897,3328,14731
iota,rt-mistral,1,f32,1:128:16,8192,113,5969.22,145,931,4801,27,9962,502,2554,19111,21608,22163,23305,2699,16162
iota,rt-mistral,4,f32,1:128:16,8192,1,324.608,40,1040,265,27,9737,234,969,12310,12621,12722,13032,1009,11108
iota,rt-mistral,4,f32,1:128:16,8192,17,4654.99,44,728,1114,24,9896,462,2329,14385,16862,17695,19766,2373,11997
iota,rt-mistral,4,f32,1:128:16,8192,97,6070.08,53,713,50365,21,9932,548,2259,63762,65762,66506,68087,2312,61332
iota,rt-mistral,4,f32,1:128:16,8192,65,6075.17,46,644,29050,21,9937,535,2544,42599,44717,45412,46839,2590,39963
iota,rt-mistral,4,f32,1:128:16,8192,81,6078.6,49,642,39671,21,9941,526,2430,53124,55167,55893,57430,2479,50596
iota,rt-mistral,4,f32,1:128:16,8192,113,6085.18,58,695,60687,21,9923,531,2333,74155,76079,76773,78283,2391,71619
iota,rt-mistral,4,f32,1:128:16,8192,33,6089.14,46,700,7156,21,9922,523,3297,21396,24214,25046,26629,3343,18097
iota,rt-mistral,4,f32,1:128:16,8192,49,6101.19,47,679,18213,21,9918,511,2720,31891,34163,34943,36465,2767,29110
iota,rt-mistral,8,f32,1:128:16,8192,1,582.302,45,1585,287,27,9975,516,1296,13376,14926,15150,17199,1341,11647
iota,rt-mistral,8,f32,1:128:16,8192,97,6097.49,55,923,111702,16,9937,513,4038,127072,130220,131357,133446,4093,122617
iota,rt-mistral,8,f32,1:128:16,8192,65,6110.29,50,891,70084,15,9923,507,3581,84918,87512,88469,90356,3631,80967
iota,rt-mistral,8,f32,1:128:16,8192,81,6112.33,52,941,90235,15,9926,499,4285,105836,108826,109908,112227,4337,101107
iota,rt-mistral,8,f32,1:128:16,8192,49,6112.75,46,929,48745,15,9924,501,3929,63922,66689,67595,69586,3975,59610
iota,rt-mistral,8,f32,1:128:16,8192,113,6114.24,61,880,132855,15,9920,503,3534,147726,150436,151406,153473,3595,143765
iota,rt-mistral,8,f32,1:128:16,8192,17,6115.99,44,1371,6822,15,9922,496,3552,22008,24713,25696,27507,3596,17683
iota,rt-mistral,8,f32,1:128:16,8192,33,6117.22,45,1419,27322,15,9919,497,3908,42939,46150,47276,49578,3953,38179
iota,rt-meta-llama,1,f32,1:128:16,8192,1,81.0285,40,1165,261,27,9738,294,806,12377,12728,12801,13104,846,11266
iota,rt-meta-llama,1,f32,1:128:16,8192,17,1155.96,46,899,656,29,9953,720,2392,14034,18163,19577,22914,2438,11912
iota,rt-meta-llama,1,f32,1:128:16,8192,33,1821.32,49,814,1252,30,10310,1265,4384,17356,24195,25797,28945,4433,13390
iota,rt-meta-llama,1,f32,1:128:16,8192,49,2232.91,56,919,1662,31,10480,1559,7227,21135,31170,35121,39667,7283,14344
iota,rt-meta-llama,1,f32,1:128:16,8192,65,2654.52,77,1035,2125,33,10671,1898,8635,24076,33413,36595,41103,8712,15414
iota,rt-meta-llama,1,f32,1:128:16,8192,81,2894.35,142,1219,2375,35,10950,2127,11123,26554,39227,41628,46840,11265,16364
iota,rt-meta-llama,1,f32,1:128:16,8192,97,3096.53,276,1474,2793,37,11570,2367,12787,29209,44443,48060,53621,13063,17875
iota,rt-meta-llama,1,f32,1:128:16,8192,113,3166.25,449,1819,3113,40,11961,2626,15668,33884,51170,54657,60410,16117,19194
iota,rt-meta-llama,4,f32,1:128:16,8192,1,246.261,52,2075,291,26,10195,1070,2529,16088,18146,18380,21359,2581,12458
iota,rt-meta-llama,4,f32,1:128:16,8192,17,2906.76,45,1374,721,27,10652,1963,8603,22494,30274,32508,41413,8648,13833
iota,rt-meta-llama,4,f32,1:128:16,8192,33,3542.94,57,2314,1736,24,10813,2605,19685,31533,67299,73002,78822,19742,15711
iota,rt-meta-llama,4,f32,1:128:16,8192,49,4031.24,74,2295,3840,24,11006,3482,27867,43374,84005,88681,95994,27941,18988
iota,rt-meta-llama,4,f32,1:128:16,8192,113,4089.97,435,2630,44167,30,11965,3591,47651,110589,148803,159742,173015,48086,61092
iota,rt-meta-llama,4,f32,1:128:16,8192,97,4115.94,268,2015,31866,29,11809,3667,44626,85929,143304,152959,163953,44894,48464
iota,rt-meta-llama,4,f32,1:128:16,8192,65,4146.94,112,2601,7575,26,11370,3689,37293,57764,101841,106686,114202,37405,23507
iota,rt-meta-llama,4,f32,1:128:16,8192,81,4208.15,169,1904,19762,26,11487,3636,39992,70675,124761,140009,150682,40161,35858
iota,rt-meta-llama,8,f32,1:128:16,8192,1,346.132,44,4693,280,27,11027,1897,5136,20636,33095,33615,34870,5180,14150
kappa,rt-gemma3,8,f32,1:128:16,0,1,18.7015,45,3051,279,37,417703,1240,2875,423489,427323,427395,429615,2920,420231
kappa,rt-gemma3,8,f32,1:128:16,0,17,19.0568,59,4838,6097799,24,417348,1224,3979,7116070,7117953,7118193,7118952,4038,6517390
kappa,rt-gemma3,8,f32,1:128:16,0,113,19.0697,274,2117,40287296,28,417237,1689,4630,40637473,40649906,40863165,42532065,4904,40707249
kappa,rt-gemma3,8,f32,1:128:16,0,49,19.0723,365,2225,19671469,28,417234,1697,5361,20527898,20534425,20535209,20537957,5726,20091410
kappa,rt-gemma3,8,f32,1:128:16,0,81,19.0723,79,2320,33202657,28,417255,1735,4373,33947355,33952227,33952790,33954587,4452,33622722
kappa,rt-gemma3,8,f32,1:128:16,0,33,19.256,81,3217,11760007,30,417288,1662,5479,13822718,13836572,13836880,13838953,5560,12179983
kappa,rt-gemma3,8,f32,1:128:16,0,65,19.2573,78,2430,25325058,29,417274,1710,5456,27233024,27241659,27243187,27245653,5534,25745137
kappa,rt-gemma3,8,f32,1:128:16,0,97,19.2576,87,2378,38883362,27,417210,1679,4542,40638154,40653551,40656417,40656625,4629,39303266
kappa,rt-mistral,8,f32,1:128:16,0,1,572.961,47,1614,266,27,9966,495,1535,13910,14798,15021,16548,1582,11607
kappa,rt-mistral,8,f32,1:128:16,0,65,6104.6,50,952,69663,15,9916,523,4009,84954,87985,89082,91167,4059,80545
kappa,rt-mistral,8,f32,1:128:16,0,49,6105.99,47,939,49112,15,9912,526,3616,64001,66839,67796,69659,3663,60002
kappa,rt-mistral,8,f32,1:128:16,0,113,6107.34,66,962,132645,15,9919,515,3814,147772,151100,152323,155145,3880,143557
kappa,rt-mistral,8,f32,1:128:16,0,81,6107.81,55,903,89952,15,9906,527,4678,105887,109315,110541,113760,4733,100843
kappa,rt-mistral,8,f32,1:128:16,0,17,6109.42,45,1519,7990,15,9915,514,2248,22019,24251,25148,26926,2293,18963
kappa,rt-mistral,8,f32,1:128:16,0,97,6113.51,57,880,110353,15,9910,514,5142,126632,130576,131940,134936,5199,121243
kappa,rt-mistral,8,f32,1:128:16,0,33,6122.99,46,1456,28374,15,9906,502,2790,42808,45760,46782,49071,2836,39259
kappa,rt-meta-llama,8,f32,1:128:16,0,1,294.872,48,3606,264,27,10703,2221,10262,26788,29934,30141,33689,10310,14130
kappa,rt-meta-llama,8,f32,1:128:16,0,17,2976.13,54,4345,413,26,10897,3078,26878,32820,80081,84102,91292,26932,14962
kappa,rt-meta-llama,8,f32,1:128:16,0,33,3285.12,63,3598,853,26,10884,3737,61143,52158,191689,198245,207252,61206,16182
kappa,rt-meta-llama,8,f32,1:128:16,0,49,3754.66,86,4705,2045,25,11155,3780,82483,81683,228828,234515,244643,82569,17868
kappa,rt-meta-llama,8,f32,1:128:16,0,65,3838.24,139,3336,4048,25,11742,3709,112443,110915,271311,295479,307773,112582,20705
kappa,rt-meta-llama,8,f32,1:128:16,0,97,3867.42,244,5185,11710,26,12111,3734,167486,198150,348528,357235,383731,167730,29346
kappa,rt-meta-llama,8,f32,1:128:16,0,81,3922.71,216,4862,14775,24,12203,3737,129274,144325,313809,328600,340716,129490,32031
kappa,rt-meta-llama,8,f32,1:128:16,0,113,4065.25,441,4203,81384,24,11820,3857,120454,201725,354931,380677,398134,120895,98359
