column 22,model,batch_size,column 24,column 25,column 23,Concurrency,Inferences/Second,Client Send,Network+Server Send/Recv,Server Queue,Server Compute Input,Server Compute Infer,Server Compute Output,Client Recv,p50 latency,p90 latency,p95 latency,p99 latency,request/response,response wait,Avg GPU Utilization,Avg GPU Power Usage,Max GPU Memory Usage,Total GPU Memory
,gemma3,1,,,,1,0.651227,49,773,273,16,1534829,35,0,1532803,1549659,1552403,1557941,49,1535922,GPU-1c734bb9-241d-d316-e881-5d070a9a1425:0;GPU-2deeb77e-df41-879f-7601-d6296d16a8ff:0.600478;GPU-3a4be627-e52a-042d-9cd5-5c1377c672da:0;GPU-5118acb4-22bd-f74f-ea1f-2c8cfe790a1d:0;GPU-a27c88e4-e53e-7d6a-3abd-07b141b57ce6:0;GPU-a2848da1-0f8a-a8cf-c763-0ef502d06fec:0;GPU-da4fcc29-b899-580b-92b6-f0cb14f70f21:0;GPU-e7cda51a-7d52-6ed3-329d-5434ddea4232:0;,GPU-1c734bb9-241d-d316-e881-5d070a9a1425:192.003;GPU-2deeb77e-df41-879f-7601-d6296d16a8ff:304.721;GPU-3a4be627-e52a-042d-9cd5-5c1377c672da:192.449;GPU-5118acb4-22bd-f74f-ea1f-2c8cfe790a1d:187.28;GPU-a27c88e4-e53e-7d6a-3abd-07b141b57ce6:192.501;GPU-a2848da1-0f8a-a8cf-c763-0ef502d06fec:188.815;GPU-da4fcc29-b899-580b-92b6-f0cb14f70f21:191.176;GPU-e7cda51a-7d52-6ed3-329d-5434ddea4232:191.689;,GPU-1c734bb9-241d-d316-e881-5d070a9a1425:46149926912;GPU-2deeb77e-df41-879f-7601-d6296d16a8ff:52935262208;GPU-3a4be627-e52a-042d-9cd5-5c1377c672da:46149926912;GPU-5118acb4-22bd-f74f-ea1f-2c8cfe790a1d:46149926912;GPU-a27c88e4-e53e-7d6a-3abd-07b141b57ce6:46149926912;GPU-a2848da1-0f8a-a8cf-c763-0ef502d06fec:46149926912;GPU-da4fcc29-b899-580b-92b6-f0cb14f70f21:44807749632;GPU-e7cda51a-7d52-6ed3-329d-5434ddea4232:23129489408;,GPU-1c734bb9-241d-d316-e881-5d070a9a1425:192265846784;GPU-2deeb77e-df41-879f-7601-d6296d16a8ff:192265846784;GPU-3a4be627-e52a-042d-9cd5-5c1377c672da:192265846784;GPU-5118acb4-22bd-f74f-ea1f-2c8cfe790a1d:192265846784;GPU-a27c88e4-e53e-7d6a-3abd-07b141b57ce6:192265846784;GPU-a2848da1-0f8a-a8cf-c763-0ef502d06fec:192265846784;GPU-da4fcc29-b899-580b-92b6-f0cb14f70f21:192265846784;GPU-e7cda51a-7d52-6ed3-329d-5434ddea4232:192265846784;
,gemma3,1,,,,41,0.654315,61,969,49156709,79,12149921,101,0,61126042,71025765,73350179,74220282,61,61307771,GPU-1c734bb9-241d-d316-e881-5d070a9a1425:0;GPU-2deeb77e-df41-879f-7601-d6296d16a8ff:0.604861;GPU-3a4be627-e52a-042d-9cd5-5c1377c672da:0;GPU-5118acb4-22bd-f74f-ea1f-2c8cfe790a1d:0;GPU-a27c88e4-e53e-7d6a-3abd-07b141b57ce6:0;GPU-a2848da1-0f8a-a8cf-c763-0ef502d06fec:0;GPU-da4fcc29-b899-580b-92b6-f0cb14f70f21:0;GPU-e7cda51a-7d52-6ed3-329d-5434ddea4232:0;,GPU-1c734bb9-241d-d316-e881-5d070a9a1425:192.776;GPU-2deeb77e-df41-879f-7601-d6296d16a8ff:306.767;GPU-3a4be627-e52a-042d-9cd5-5c1377c672da:193.4;GPU-5118acb4-22bd-f74f-ea1f-2c8cfe790a1d:188.592;GPU-a27c88e4-e53e-7d6a-3abd-07b141b57ce6:194.162;GPU-a2848da1-0f8a-a8cf-c763-0ef502d06fec:190.57;GPU-da4fcc29-b899-580b-92b6-f0cb14f70f21:192.086;GPU-e7cda51a-7d52-6ed3-329d-5434ddea4232:193.004;,GPU-1c734bb9-241d-d316-e881-5d070a9a1425:46149926912;GPU-2deeb77e-df41-879f-7601-d6296d16a8ff:52935262208;GPU-3a4be627-e52a-042d-9cd5-5c1377c672da:46149926912;GPU-5118acb4-22bd-f74f-ea1f-2c8cfe790a1d:46149926912;GPU-a27c88e4-e53e-7d6a-3abd-07b141b57ce6:46149926912;GPU-a2848da1-0f8a-a8cf-c763-0ef502d06fec:46149926912;GPU-da4fcc29-b899-580b-92b6-f0cb14f70f21:44807749632;GPU-e7cda51a-7d52-6ed3-329d-5434ddea4232:23129489408;,GPU-1c734bb9-241d-d316-e881-5d070a9a1425:192265846784;GPU-2deeb77e-df41-879f-7601-d6296d16a8ff:192265846784;GPU-3a4be627-e52a-042d-9cd5-5c1377c672da:192265846784;GPU-5118acb4-22bd-f74f-ea1f-2c8cfe790a1d:192265846784;GPU-a27c88e4-e53e-7d6a-3abd-07b141b57ce6:192265846784;GPU-a2848da1-0f8a-a8cf-c763-0ef502d06fec:192265846784;GPU-da4fcc29-b899-580b-92b6-f0cb14f70f21:192265846784;GPU-e7cda51a-7d52-6ed3-329d-5434ddea4232:192265846784;
,gemma3,1,,,,49,0.654315,79,944,61425043,84,12229335,99,0,73362064,84249142,85587959,86419481,79,73655496,GPU-1c734bb9-241d-d316-e881-5d070a9a1425:0;GPU-2deeb77e-df41-879f-7601-d6296d16a8ff:0.605602;GPU-3a4be627-e52a-042d-9cd5-5c1377c672da:0;GPU-5118acb4-22bd-f74f-ea1f-2c8cfe790a1d:0;GPU-a27c88e4-e53e-7d6a-3abd-07b141b57ce6:0;GPU-a2848da1-0f8a-a8cf-c763-0ef502d06fec:0;GPU-da4fcc29-b899-580b-92b6-f0cb14f70f21:0;GPU-e7cda51a-7d52-6ed3-329d-5434ddea4232:0;,GPU-1c734bb9-241d-d316-e881-5d070a9a1425:192.868;GPU-2deeb77e-df41-879f-7601-d6296d16a8ff:307.101;GPU-3a4be627-e52a-042d-9cd5-5c1377c672da:193.461;GPU-5118acb4-22bd-f74f-ea1f-2c8cfe790a1d:188.683;GPU-a27c88e4-e53e-7d6a-3abd-07b141b57ce6:194.17;GPU-a2848da1-0f8a-a8cf-c763-0ef502d06fec:190.591;GPU-da4fcc29-b899-580b-92b6-f0cb14f70f21:192.125;GPU-e7cda51a-7d52-6ed3-329d-5434ddea4232:193.03;,GPU-1c734bb9-241d-d316-e881-5d070a9a1425:46149926912;GPU-2deeb77e-df41-879f-7601-d6296d16a8ff:52935262208;GPU-3a4be627-e52a-042d-9cd5-5c1377c672da:46149926912;GPU-5118acb4-22bd-f74f-ea1f-2c8cfe790a1d:46149926912;GPU-a27c88e4-e53e-7d6a-3abd-07b141b57ce6:46149926912;GPU-a2848da1-0f8a-a8cf-c763-0ef502d06fec:46149926912;GPU-da4fcc29-b899-580b-92b6-f0cb14f70f21:44807749632;GPU-e7cda51a-7d52-6ed3-329d-5434ddea4232:23129489408;,GPU-1c734bb9-241d-d316-e881-5d070a9a1425:192265846784;GPU-2deeb77e-df41-879f-7601-d6296d16a8ff:192265846784;GPU-3a4be627-e52a-042d-9cd5-5c1377c672da:192265846784;GPU-5118acb4-22bd-f74f-ea1f-2c8cfe790a1d:192265846784;GPU-a27c88e4-e53e-7d6a-3abd-07b141b57ce6:192265846784;GPU-a2848da1-0f8a-a8cf-c763-0ef502d06fec:192265846784;GPU-da4fcc29-b899-580b-92b6-f0cb14f70f21:192265846784;GPU-e7cda51a-7d52-6ed3-329d-5434ddea4232:192265846784;
,gemma3,1,,,,9,0.654315,55,902,2723949,46,10990644,100,0,13744706,13765722,14659608,14669929,55,13715634,GPU-1c734bb9-241d-d316-e881-5d070a9a1425:0;GPU-2deeb77e-df41-879f-7601-d6296d16a8ff:0.605664;GPU-3a4be627-e52a-042d-9cd5-5c1377c672da:0;GPU-5118acb4-22bd-f74f-ea1f-2c8cfe790a1d:0;GPU-a27c88e4-e53e-7d6a-3abd-07b141b57ce6:0;GPU-a2848da1-0f8a-a8cf-c763-0ef502d06fec:0;GPU-da4fcc29-b899-580b-92b6-f0cb14f70f21:0;GPU-e7cda51a-7d52-6ed3-329d-5434ddea4232:0;,GPU-1c734bb9-241d-d316-e881-5d070a9a1425:192.795;GPU-2deeb77e-df41-879f-7601-d6296d16a8ff:306.406;GPU-3a4be627-e52a-042d-9cd5-5c1377c672da:193.438;GPU-5118acb4-22bd-f74f-ea1f-2c8cfe790a1d:187.775;GPU-a27c88e4-e53e-7d6a-3abd-07b141b57ce6:193.082;GPU-a2848da1-0f8a-a8cf-c763-0ef502d06fec:189.304;GPU-da4fcc29-b899-580b-92b6-f0cb14f70f21:192.04;GPU-e7cda51a-7d52-6ed3-329d-5434ddea4232:192.427;,GPU-1c734bb9-241d-d316-e881-5d070a9a1425:46149926912;GPU-2deeb77e-df41-879f-7601-d6296d16a8ff:52935262208;GPU-3a4be627-e52a-042d-9cd5-5c1377c672da:46149926912;GPU-5118acb4-22bd-f74f-ea1f-2c8cfe790a1d:46149926912;GPU-a27c88e4-e53e-7d6a-3abd-07b141b57ce6:46149926912;GPU-a2848da1-0f8a-a8cf-c763-0ef502d06fec:46149926912;GPU-da4fcc29-b899-580b-92b6-f0cb14f70f21:44807749632;GPU-e7cda51a-7d52-6ed3-329d-5434ddea4232:23129489408;,GPU-1c734bb9-241d-d316-e881-5d070a9a1425:192265846784;GPU-2deeb77e-df41-879f-7601-d6296d16a8ff:192265846784;GPU-3a4be627-e52a-042d-9cd5-5c1377c672da:192265846784;GPU-5118acb4-22bd-f74f-ea1f-2c8cfe790a1d:192265846784;GPU-a27c88e4-e53e-7d6a-3abd-07b141b57ce6:192265846784;GPU-a2848da1-0f8a-a8cf-c763-0ef502d06fec:192265846784;GPU-da4fcc29-b899-580b-92b6-f0cb14f70f21:192265846784;GPU-e7cda51a-7d52-6ed3-329d-5434ddea4232:192265846784;
,gemma3,1,,,,57,0.654315,66,910,73471945,103,12248401,99,0,85557624,97201800,98029569,98637582,66,85721452,GPU-1c734bb9-241d-d316-e881-5d070a9a1425:0;GPU-2deeb77e-df41-879f-7601-d6296d16a8ff:0.605201;GPU-3a4be627-e52a-042d-9cd5-5c1377c672da:0;GPU-5118acb4-22bd-f74f-ea1f-2c8cfe790a1d:0;GPU-a27c88e4-e53e-7d6a-3abd-07b141b57ce6:0;GPU-a2848da1-0f8a-a8cf-c763-0ef502d06fec:0;GPU-da4fcc29-b899-580b-92b6-f0cb14f70f21:0;GPU-e7cda51a-7d52-6ed3-329d-5434ddea4232:0;,GPU-1c734bb9-241d-d316-e881-5d070a9a1425:192.768;GPU-2deeb77e-df41-879f-7601-d6296d16a8ff:306.824;GPU-3a4be627-e52a-042d-9cd5-5c1377c672da:193.403;GPU-5118acb4-22bd-f74f-ea1f-2c8cfe790a1d:188.586;GPU-a27c88e4-e53e-7d6a-3abd-07b141b57ce6:194.128;GPU-a2848da1-0f8a-a8cf-c763-0ef502d06fec:190.626;GPU-da4fcc29-b899-580b-92b6-f0cb14f70f21:192.107;GPU-e7cda51a-7d52-6ed3-329d-5434ddea4232:193.04;,GPU-1c734bb9-241d-d316-e881-5d070a9a1425:46149926912;GPU-2deeb77e-df41-879f-7601-d6296d16a8ff:52935262208;GPU-3a4be627-e52a-042d-9cd5-5c1377c672da:46149926912;GPU-5118acb4-22bd-f74f-ea1f-2c8cfe790a1d:46149926912;GPU-a27c88e4-e53e-7d6a-3abd-07b141b57ce6:46149926912;GPU-a2848da1-0f8a-a8cf-c763-0ef502d06fec:46149926912;GPU-da4fcc29-b899-580b-92b6-f0cb14f70f21:44807749632;GPU-e7cda51a-7d52-6ed3-329d-5434ddea4232:23129489408;,GPU-1c734bb9-241d-d316-e881-5d070a9a1425:192265846784;GPU-2deeb77e-df41-879f-7601-d6296d16a8ff:192265846784;GPU-3a4be627-e52a-042d-9cd5-5c1377c672da:192265846784;GPU-5118acb4-22bd-f74f-ea1f-2c8cfe790a1d:192265846784;GPU-a27c88e4-e53e-7d6a-3abd-07b141b57ce6:192265846784;GPU-a2848da1-0f8a-a8cf-c763-0ef502d06fec:192265846784;GPU-da4fcc29-b899-580b-92b6-f0cb14f70f21:192265846784;GPU-e7cda51a-7d52-6ed3-329d-5434ddea4232:192265846784;
,gemma3,1,,,,25,0.655858,59,939,25692172,63,11722448,112,0,38193720,39057601,39073816,39151350,59,37415724,GPU-1c734bb9-241d-d316-e881-5d070a9a1425:0;GPU-2deeb77e-df41-879f-7601-d6296d16a8ff:0.60284;GPU-3a4be627-e52a-042d-9cd5-5c1377c672da:0;GPU-5118acb4-22bd-f74f-ea1f-2c8cfe790a1d:0;GPU-a27c88e4-e53e-7d6a-3abd-07b141b57ce6:0;GPU-a2848da1-0f8a-a8cf-c763-0ef502d06fec:0;GPU-da4fcc29-b899-580b-92b6-f0cb14f70f21:0;GPU-e7cda51a-7d52-6ed3-329d-5434ddea4232:0;,GPU-1c734bb9-241d-d316-e881-5d070a9a1425:192.718;GPU-2deeb77e-df41-879f-7601-d6296d16a8ff:307.187;GPU-3a4be627-e52a-042d-9cd5-5c1377c672da:193.344;GPU-5118acb4-22bd-f74f-ea1f-2c8cfe790a1d:188.484;GPU-a27c88e4-e53e-7d6a-3abd-07b141b57ce6:194.098;GPU-a2848da1-0f8a-a8cf-c763-0ef502d06fec:190.483;GPU-da4fcc29-b899-580b-92b6-f0cb14f70f21:192.03;GPU-e7cda51a-7d52-6ed3-329d-5434ddea4232:192.951;,GPU-1c734bb9-241d-d316-e881-5d070a9a1425:46149926912;GPU-2deeb77e-df41-879f-7601-d6296d16a8ff:52935262208;GPU-3a4be627-e52a-042d-9cd5-5c1377c672da:46149926912;GPU-5118acb4-22bd-f74f-ea1f-2c8cfe790a1d:46149926912;GPU-a27c88e4-e53e-7d6a-3abd-07b141b57ce6:46149926912;GPU-a2848da1-0f8a-a8cf-c763-0ef502d06fec:46149926912;GPU-da4fcc29-b899-580b-92b6-f0cb14f70f21:44807749632;GPU-e7cda51a-7d52-6ed3-329d-5434ddea4232:23129489408;,GPU-1c734bb9-241d-d316-e881-5d070a9a1425:192265846784;GPU-2deeb77e-df41-879f-7601-d6296d16a8ff:192265846784;GPU-3a4be627-e52a-042d-9cd5-5c1377c672da:192265846784;GPU-5118acb4-22bd-f74f-ea1f-2c8cfe790a1d:192265846784;GPU-a27c88e4-e53e-7d6a-3abd-07b141b57ce6:192265846784;GPU-a2848da1-0f8a-a8cf-c763-0ef502d06fec:192265846784;GPU-da4fcc29-b899-580b-92b6-f0cb14f70f21:192265846784;GPU-e7cda51a-7d52-6ed3-329d-5434ddea4232:192265846784;
,gemma3,1,,,,17,0.658938,53,910,15106535,59,10619006,104,0,25963199,29446096,32390203,35083636,53,25726606,GPU-1c734bb9-241d-d316-e881-5d070a9a1425:0;GPU-2deeb77e-df41-879f-7601-d6296d16a8ff:0.601744;GPU-3a4be627-e52a-042d-9cd5-5c1377c672da:0;GPU-5118acb4-22bd-f74f-ea1f-2c8cfe790a1d:0;GPU-a27c88e4-e53e-7d6a-3abd-07b141b57ce6:0;GPU-a2848da1-0f8a-a8cf-c763-0ef502d06fec:0;GPU-da4fcc29-b899-580b-92b6-f0cb14f70f21:0;GPU-e7cda51a-7d52-6ed3-329d-5434ddea4232:0;,GPU-1c734bb9-241d-d316-e881-5d070a9a1425:192.614;GPU-2deeb77e-df41-879f-7601-d6296d16a8ff:306.99;GPU-3a4be627-e52a-042d-9cd5-5c1377c672da:193.155;GPU-5118acb4-22bd-f74f-ea1f-2c8cfe790a1d:188.348;GPU-a27c88e4-e53e-7d6a-3abd-07b141b57ce6:193.986;GPU-a2848da1-0f8a-a8cf-c763-0ef502d06fec:190.375;GPU-da4fcc29-b899-580b-92b6-f0cb14f70f21:191.932;GPU-e7cda51a-7d52-6ed3-329d-5434ddea4232:192.796;,GPU-1c734bb9-241d-d316-e881-5d070a9a1425:46149926912;GPU-2deeb77e-df41-879f-7601-d6296d16a8ff:52935262208;GPU-3a4be627-e52a-042d-9cd5-5c1377c672da:46149926912;GPU-5118acb4-22bd-f74f-ea1f-2c8cfe790a1d:46149926912;GPU-a27c88e4-e53e-7d6a-3abd-07b141b57ce6:46149926912;GPU-a2848da1-0f8a-a8cf-c763-0ef502d06fec:46149926912;GPU-da4fcc29-b899-580b-92b6-f0cb14f70f21:44807749632;GPU-e7cda51a-7d52-6ed3-329d-5434ddea4232:23129489408;,GPU-1c734bb9-241d-d316-e881-5d070a9a1425:192265846784;GPU-2deeb77e-df41-879f-7601-d6296d16a8ff:192265846784;GPU-3a4be627-e52a-042d-9cd5-5c1377c672da:192265846784;GPU-5118acb4-22bd-f74f-ea1f-2c8cfe790a1d:192265846784;GPU-a27c88e4-e53e-7d6a-3abd-07b141b57ce6:192265846784;GPU-a2848da1-0f8a-a8cf-c763-0ef502d06fec:192265846784;GPU-da4fcc29-b899-580b-92b6-f0cb14f70f21:192265846784;GPU-e7cda51a-7d52-6ed3-329d-5434ddea4232:192265846784;
,gemma3,1,,,,33,0.668202,60,948,37088475,96,12156575,115,0,48907705,59671713,61136239,62000196,60,49246200,GPU-1c734bb9-241d-d316-e881-5d070a9a1425:0;GPU-2deeb77e-df41-879f-7601-d6296d16a8ff:0.605926;GPU-3a4be627-e52a-042d-9cd5-5c1377c672da:0;GPU-5118acb4-22bd-f74f-ea1f-2c8cfe790a1d:0;GPU-a27c88e4-e53e-7d6a-3abd-07b141b57ce6:0;GPU-a2848da1-0f8a-a8cf-c763-0ef502d06fec:0;GPU-da4fcc29-b899-580b-92b6-f0cb14f70f21:0;GPU-e7cda51a-7d52-6ed3-329d-5434ddea4232:0;,GPU-1c734bb9-241d-d316-e881-5d070a9a1425:192.611;GPU-2deeb77e-df41-879f-7601-d6296d16a8ff:306.59;GPU-3a4be627-e52a-042d-9cd5-5c1377c672da:193.238;GPU-5118acb4-22bd-f74f-ea1f-2c8cfe790a1d:188.397;GPU-a27c88e4-e53e-7d6a-3abd-07b141b57ce6:194.053;GPU-a2848da1-0f8a-a8cf-c763-0ef502d06fec:190.503;GPU-da4fcc29-b899-580b-92b6-f0cb14f70f21:192.004;GPU-e7cda51a-7d52-6ed3-329d-5434ddea4232:192.918;,GPU-1c734bb9-241d-d316-e881-5d070a9a1425:46149926912;GPU-2deeb77e-df41-879f-7601-d6296d16a8ff:52935262208;GPU-3a4be627-e52a-042d-9cd5-5c1377c672da:46149926912;GPU-5118acb4-22bd-f74f-ea1f-2c8cfe790a1d:46149926912;GPU-a27c88e4-e53e-7d6a-3abd-07b141b57ce6:46149926912;GPU-a2848da1-0f8a-a8cf-c763-0ef502d06fec:46149926912;GPU-da4fcc29-b899-580b-92b6-f0cb14f70f21:44807749632;GPU-e7cda51a-7d52-6ed3-329d-5434ddea4232:23129489408;,GPU-1c734bb9-241d-d316-e881-5d070a9a1425:192265846784;GPU-2deeb77e-df41-879f-7601-d6296d16a8ff:192265846784;GPU-3a4be627-e52a-042d-9cd5-5c1377c672da:192265846784;GPU-5118acb4-22bd-f74f-ea1f-2c8cfe790a1d:192265846784;GPU-a27c88e4-e53e-7d6a-3abd-07b141b57ce6:192265846784;GPU-a2848da1-0f8a-a8cf-c763-0ef502d06fec:192265846784;GPU-da4fcc29-b899-580b-92b6-f0cb14f70f21:192265846784;GPU-e7cda51a-7d52-6ed3-329d-5434ddea4232:192265846784;
,gemma3,8,,,,9,4.55551,53,756,13842861,21,1753099,42,0,15698674,15721553,16801482,16837356,53,15596771,GPU-1c734bb9-241d-d316-e881-5d070a9a1425:0;GPU-2deeb77e-df41-879f-7601-d6296d16a8ff:0.662562;GPU-3a4be627-e52a-042d-9cd5-5c1377c672da:0;GPU-5118acb4-22bd-f74f-ea1f-2c8cfe790a1d:0;GPU-a27c88e4-e53e-7d6a-3abd-07b141b57ce6:0;GPU-a2848da1-0f8a-a8cf-c763-0ef502d06fec:0;GPU-da4fcc29-b899-580b-92b6-f0cb14f70f21:0;GPU-e7cda51a-7d52-6ed3-329d-5434ddea4232:0;,GPU-1c734bb9-241d-d316-e881-5d070a9a1425:192.919;GPU-2deeb77e-df41-879f-7601-d6296d16a8ff:323.802;GPU-3a4be627-e52a-042d-9cd5-5c1377c672da:193.704;GPU-5118acb4-22bd-f74f-ea1f-2c8cfe790a1d:188.677;GPU-a27c88e4-e53e-7d6a-3abd-07b141b57ce6:194.226;GPU-a2848da1-0f8a-a8cf-c763-0ef502d06fec:190.756;GPU-da4fcc29-b899-580b-92b6-f0cb14f70f21:192.226;GPU-e7cda51a-7d52-6ed3-329d-5434ddea4232:193.146;,GPU-1c734bb9-241d-d316-e881-5d070a9a1425:46149926912;GPU-2deeb77e-df41-879f-7601-d6296d16a8ff:53306458112;GPU-3a4be627-e52a-042d-9cd5-5c1377c672da:46149926912;GPU-5118acb4-22bd-f74f-ea1f-2c8cfe790a1d:46149926912;GPU-a27c88e4-e53e-7d6a-3abd-07b141b57ce6:46149926912;GPU-a2848da1-0f8a-a8cf-c763-0ef502d06fec:46149926912;GPU-da4fcc29-b899-580b-92b6-f0cb14f70f21:44807749632;GPU-e7cda51a-7d52-6ed3-329d-5434ddea4232:23129489408;,GPU-1c734bb9-241d-d316-e881-5d070a9a1425:192265846784;GPU-2deeb77e-df41-879f-7601-d6296d16a8ff:192265846784;GPU-3a4be627-e52a-042d-9cd5-5c1377c672da:192265846784;GPU-5118acb4-22bd-f74f-ea1f-2c8cfe790a1d:192265846784;GPU-a27c88e4-e53e-7d6a-3abd-07b141b57ce6:192265846784;GPU-a2848da1-0f8a-a8cf-c763-0ef502d06fec:192265846784;GPU-da4fcc29-b899-580b-92b6-f0cb14f70f21:192265846784;GPU-e7cda51a-7d52-6ed3-329d-5434ddea4232:192265846784;
,gemma3,8,,,,1,4.55551,47,743,276,19,1755017,42,0,1747221,1750473,1751232,1753081,47,1756092,GPU-1c734bb9-241d-d316-e881-5d070a9a1425:0;GPU-2deeb77e-df41-879f-7601-d6296d16a8ff:0.663333;GPU-3a4be627-e52a-042d-9cd5-5c1377c672da:0;GPU-5118acb4-22bd-f74f-ea1f-2c8cfe790a1d:0;GPU-a27c88e4-e53e-7d6a-3abd-07b141b57ce6:0;GPU-a2848da1-0f8a-a8cf-c763-0ef502d06fec:0;GPU-da4fcc29-b899-580b-92b6-f0cb14f70f21:0;GPU-e7cda51a-7d52-6ed3-329d-5434ddea4232:0;,GPU-1c734bb9-241d-d316-e881-5d070a9a1425:192.831;GPU-2deeb77e-df41-879f-7601-d6296d16a8ff:322.946;GPU-3a4be627-e52a-042d-9cd5-5c1377c672da:193.584;GPU-5118acb4-22bd-f74f-ea1f-2c8cfe790a1d:188.65;GPU-a27c88e4-e53e-7d6a-3abd-07b141b57ce6:194.112;GPU-a2848da1-0f8a-a8cf-c763-0ef502d06fec:190.618;GPU-da4fcc29-b899-580b-92b6-f0cb14f70f21:192.113;GPU-e7cda51a-7d52-6ed3-329d-5434ddea4232:193.032;,GPU-1c734bb9-241d-d316-e881-5d070a9a1425:46149926912;GPU-2deeb77e-df41-879f-7601-d6296d16a8ff:53306458112;GPU-3a4be627-e52a-042d-9cd5-5c1377c672da:46149926912;GPU-5118acb4-22bd-f74f-ea1f-2c8cfe790a1d:46149926912;GPU-a27c88e4-e53e-7d6a-3abd-07b141b57ce6:46149926912;GPU-a2848da1-0f8a-a8cf-c763-0ef502d06fec:46149926912;GPU-da4fcc29-b899-580b-92b6-f0cb14f70f21:44807749632;GPU-e7cda51a-7d52-6ed3-329d-5434ddea4232:23129489408;,GPU-1c734bb9-241d-d316-e881-5d070a9a1425:192265846784;GPU-2deeb77e-df41-879f-7601-d6296d16a8ff:192265846784;GPU-3a4be627-e52a-042d-9cd5-5c1377c672da:192265846784;GPU-5118acb4-22bd-f74f-ea1f-2c8cfe790a1d:192265846784;GPU-a27c88e4-e53e-7d6a-3abd-07b141b57ce6:192265846784;GPU-a2848da1-0f8a-a8cf-c763-0ef502d06fec:192265846784;GPU-da4fcc29-b899-580b-92b6-f0cb14f70f21:192265846784;GPU-e7cda51a-7d52-6ed3-329d-5434ddea4232:192265846784;
,gemma3,8,,,,49,4.55552,58,776,82493900,21,1753725,41,0,85553208,86565965,86600873,86655461,58,84248455,GPU-1c734bb9-241d-d316-e881-5d070a9a1425:0;GPU-2deeb77e-df41-879f-7601-d6296d16a8ff:0.660895;GPU-3a4be627-e52a-042d-9cd5-5c1377c672da:0;GPU-5118acb4-22bd-f74f-ea1f-2c8cfe790a1d:0;GPU-a27c88e4-e53e-7d6a-3abd-07b141b57ce6:0;GPU-a2848da1-0f8a-a8cf-c763-0ef502d06fec:0;GPU-da4fcc29-b899-580b-92b6-f0cb14f70f21:0;GPU-e7cda51a-7d52-6ed3-329d-5434ddea4232:0;,GPU-1c734bb9-241d-d316-e881-5d070a9a1425:192.773;GPU-2deeb77e-df41-879f-7601-d6296d16a8ff:322.741;GPU-3a4be627-e52a-042d-9cd5-5c1377c672da:193.254;GPU-5118acb4-22bd-f74f-ea1f-2c8cfe790a1d:188.57;GPU-a27c88e4-e53e-7d6a-3abd-07b141b57ce6:193.44;GPU-a2848da1-0f8a-a8cf-c763-0ef502d06fec:189.838;GPU-da4fcc29-b899-580b-92b6-f0cb14f70f21:191.671;GPU-e7cda51a-7d52-6ed3-329d-5434ddea4232:192.284;,GPU-1c734bb9-241d-d316-e881-5d070a9a1425:46149926912;GPU-2deeb77e-df41-879f-7601-d6296d16a8ff:53306458112;GPU-3a4be627-e52a-042d-9cd5-5c1377c672da:46149926912;GPU-5118acb4-22bd-f74f-ea1f-2c8cfe790a1d:46149926912;GPU-a27c88e4-e53e-7d6a-3abd-07b141b57ce6:46149926912;GPU-a2848da1-0f8a-a8cf-c763-0ef502d06fec:46149926912;GPU-da4fcc29-b899-580b-92b6-f0cb14f70f21:44807749632;GPU-e7cda51a-7d52-6ed3-329d-5434ddea4232:23129489408;,GPU-1c734bb9-241d-d316-e881-5d070a9a1425:192265846784;GPU-2deeb77e-df41-879f-7601-d6296d16a8ff:192265846784;GPU-3a4be627-e52a-042d-9cd5-5c1377c672da:192265846784;GPU-5118acb4-22bd-f74f-ea1f-2c8cfe790a1d:192265846784;GPU-a27c88e4-e53e-7d6a-3abd-07b141b57ce6:192265846784;GPU-a2848da1-0f8a-a8cf-c763-0ef502d06fec:192265846784;GPU-da4fcc29-b899-580b-92b6-f0cb14f70f21:192265846784;GPU-e7cda51a-7d52-6ed3-329d-5434ddea4232:192265846784;
,gemma3,8,,,,33,4.55552,57,783,55046534,19,1753876,44,0,57607225,58695599,58714960,58757937,57,56801247,GPU-1c734bb9-241d-d316-e881-5d070a9a1425:0;GPU-2deeb77e-df41-879f-7601-d6296d16a8ff:0.658441;GPU-3a4be627-e52a-042d-9cd5-5c1377c672da:0;GPU-5118acb4-22bd-f74f-ea1f-2c8cfe790a1d:0;GPU-a27c88e4-e53e-7d6a-3abd-07b141b57ce6:0;GPU-a2848da1-0f8a-a8cf-c763-0ef502d06fec:0;GPU-da4fcc29-b899-580b-92b6-f0cb14f70f21:0;GPU-e7cda51a-7d52-6ed3-329d-5434ddea4232:0;,GPU-1c734bb9-241d-d316-e881-5d070a9a1425:193.842;GPU-2deeb77e-df41-879f-7601-d6296d16a8ff:324.171;GPU-3a4be627-e52a-042d-9cd5-5c1377c672da:194.541;GPU-5118acb4-22bd-f74f-ea1f-2c8cfe790a1d:189.578;GPU-a27c88e4-e53e-7d6a-3abd-07b141b57ce6:194.828;GPU-a2848da1-0f8a-a8cf-c763-0ef502d06fec:191.282;GPU-da4fcc29-b899-580b-92b6-f0cb14f70f21:192.861;GPU-e7cda51a-7d52-6ed3-329d-5434ddea4232:193.74;,GPU-1c734bb9-241d-d316-e881-5d070a9a1425:46149926912;GPU-2deeb77e-df41-879f-7601-d6296d16a8ff:53306458112;GPU-3a4be627-e52a-042d-9cd5-5c1377c672da:46149926912;GPU-5118acb4-22bd-f74f-ea1f-2c8cfe790a1d:46149926912;GPU-a27c88e4-e53e-7d6a-3abd-07b141b57ce6:46149926912;GPU-a2848da1-0f8a-a8cf-c763-0ef502d06fec:46149926912;GPU-da4fcc29-b899-580b-92b6-f0cb14f70f21:44807749632;GPU-e7cda51a-7d52-6ed3-329d-5434ddea4232:23129489408;,GPU-1c734bb9-241d-d316-e881-5d070a9a1425:192265846784;GPU-2deeb77e-df41-879f-7601-d6296d16a8ff:192265846784;GPU-3a4be627-e52a-042d-9cd5-5c1377c672da:192265846784;GPU-5118acb4-22bd-f74f-ea1f-2c8cfe790a1d:192265846784;GPU-a27c88e4-e53e-7d6a-3abd-07b141b57ce6:192265846784;GPU-a2848da1-0f8a-a8cf-c763-0ef502d06fec:192265846784;GPU-da4fcc29-b899-580b-92b6-f0cb14f70f21:192265846784;GPU-e7cda51a-7d52-6ed3-329d-5434ddea4232:192265846784;
,gemma3,8,,,,57,4.5678,106,800,96197357,20,1753338,41,0,99496139,100565992,100582506,100624661,106,97951549,GPU-1c734bb9-241d-d316-e881-5d070a9a1425:0;GPU-2deeb77e-df41-879f-7601-d6296d16a8ff:0.663194;GPU-3a4be627-e52a-042d-9cd5-5c1377c672da:0;GPU-5118acb4-22bd-f74f-ea1f-2c8cfe790a1d:0;GPU-a27c88e4-e53e-7d6a-3abd-07b141b57ce6:0;GPU-a2848da1-0f8a-a8cf-c763-0ef502d06fec:0;GPU-da4fcc29-b899-580b-92b6-f0cb14f70f21:0;GPU-e7cda51a-7d52-6ed3-329d-5434ddea4232:0;,GPU-1c734bb9-241d-d316-e881-5d070a9a1425:192.55;GPU-2deeb77e-df41-879f-7601-d6296d16a8ff:322.964;GPU-3a4be627-e52a-042d-9cd5-5c1377c672da:193.014;GPU-5118acb4-22bd-f74f-ea1f-2c8cfe790a1d:188.363;GPU-a27c88e4-e53e-7d6a-3abd-07b141b57ce6:193.271;GPU-a2848da1-0f8a-a8cf-c763-0ef502d06fec:189.613;GPU-da4fcc29-b899-580b-92b6-f0cb14f70f21:191.503;GPU-e7cda51a-7d52-6ed3-329d-5434ddea4232:191.966;,GPU-1c734bb9-241d-d316-e881-5d070a9a1425:46149926912;GPU-2deeb77e-df41-879f-7601-d6296d16a8ff:53306458112;GPU-3a4be627-e52a-042d-9cd5-5c1377c672da:46149926912;GPU-5118acb4-22bd-f74f-ea1f-2c8cfe790a1d:46149926912;GPU-a27c88e4-e53e-7d6a-3abd-07b141b57ce6:46149926912;GPU-a2848da1-0f8a-a8cf-c763-0ef502d06fec:46149926912;GPU-da4fcc29-b899-580b-92b6-f0cb14f70f21:44807749632;GPU-e7cda51a-7d52-6ed3-329d-5434ddea4232:23129489408;,GPU-1c734bb9-241d-d316-e881-5d070a9a1425:192265846784;GPU-2deeb77e-df41-879f-7601-d6296d16a8ff:192265846784;GPU-3a4be627-e52a-042d-9cd5-5c1377c672da:192265846784;GPU-5118acb4-22bd-f74f-ea1f-2c8cfe790a1d:192265846784;GPU-a27c88e4-e53e-7d6a-3abd-07b141b57ce6:192265846784;GPU-a2848da1-0f8a-a8cf-c763-0ef502d06fec:192265846784;GPU-da4fcc29-b899-580b-92b6-f0cb14f70f21:192265846784;GPU-e7cda51a-7d52-6ed3-329d-5434ddea4232:192265846784;
,gemma3,8,,,,17,4.56785,59,811,27543454,22,1753091,43,0,29655425,30726567,30766389,30794576,59,29297412,GPU-1c734bb9-241d-d316-e881-5d070a9a1425:0;GPU-2deeb77e-df41-879f-7601-d6296d16a8ff:0.66054;GPU-3a4be627-e52a-042d-9cd5-5c1377c672da:0;GPU-5118acb4-22bd-f74f-ea1f-2c8cfe790a1d:0;GPU-a27c88e4-e53e-7d6a-3abd-07b141b57ce6:0;GPU-a2848da1-0f8a-a8cf-c763-0ef502d06fec:0;GPU-da4fcc29-b899-580b-92b6-f0cb14f70f21:0;GPU-e7cda51a-7d52-6ed3-329d-5434ddea4232:0;,GPU-1c734bb9-241d-d316-e881-5d070a9a1425:192.776;GPU-2deeb77e-df41-879f-7601-d6296d16a8ff:323.218;GPU-3a4be627-e52a-042d-9cd5-5c1377c672da:193.562;GPU-5118acb4-22bd-f74f-ea1f-2c8cfe790a1d:188.545;GPU-a27c88e4-e53e-7d6a-3abd-07b141b57ce6:194.113;GPU-a2848da1-0f8a-a8cf-c763-0ef502d06fec:190.633;GPU-da4fcc29-b899-580b-92b6-f0cb14f70f21:192.087;GPU-e7cda51a-7d52-6ed3-329d-5434ddea4232:193.076;,GPU-1c734bb9-241d-d316-e881-5d070a9a1425:46149926912;GPU-2deeb77e-df41-879f-7601-d6296d16a8ff:53306458112;GPU-3a4be627-e52a-042d-9cd5-5c1377c672da:46149926912;GPU-5118acb4-22bd-f74f-ea1f-2c8cfe790a1d:46149926912;GPU-a27c88e4-e53e-7d6a-3abd-07b141b57ce6:46149926912;GPU-a2848da1-0f8a-a8cf-c763-0ef502d06fec:46149926912;GPU-da4fcc29-b899-580b-92b6-f0cb14f70f21:44807749632;GPU-e7cda51a-7d52-6ed3-329d-5434ddea4232:23129489408;,GPU-1c734bb9-241d-d316-e881-5d070a9a1425:192265846784;GPU-2deeb77e-df41-879f-7601-d6296d16a8ff:192265846784;GPU-3a4be627-e52a-042d-9cd5-5c1377c672da:192265846784;GPU-5118acb4-22bd-f74f-ea1f-2c8cfe790a1d:192265846784;GPU-a27c88e4-e53e-7d6a-3abd-07b141b57ce6:192265846784;GPU-a2848da1-0f8a-a8cf-c763-0ef502d06fec:192265846784;GPU-da4fcc29-b899-580b-92b6-f0cb14f70f21:192265846784;GPU-e7cda51a-7d52-6ed3-329d-5434ddea4232:192265846784;
,gemma3,8,,,,25,4.56786,53,785,41296327,20,1753803,43,0,43630889,44731800,44751572,44785706,53,43050972,GPU-1c734bb9-241d-d316-e881-5d070a9a1425:0;GPU-2deeb77e-df41-879f-7601-d6296d16a8ff:0.663781;GPU-3a4be627-e52a-042d-9cd5-5c1377c672da:0;GPU-5118acb4-22bd-f74f-ea1f-2c8cfe790a1d:0;GPU-a27c88e4-e53e-7d6a-3abd-07b141b57ce6:0;GPU-a2848da1-0f8a-a8cf-c763-0ef502d06fec:0;GPU-da4fcc29-b899-580b-92b6-f0cb14f70f21:0;GPU-e7cda51a-7d52-6ed3-329d-5434ddea4232:0;,GPU-1c734bb9-241d-d316-e881-5d070a9a1425:193.34;GPU-2deeb77e-df41-879f-7601-d6296d16a8ff:323.959;GPU-3a4be627-e52a-042d-9cd5-5c1377c672da:194.084;GPU-5118acb4-22bd-f74f-ea1f-2c8cfe790a1d:189.11;GPU-a27c88e4-e53e-7d6a-3abd-07b141b57ce6:194.576;GPU-a2848da1-0f8a-a8cf-c763-0ef502d06fec:191.035;GPU-da4fcc29-b899-580b-92b6-f0cb14f70f21:192.593;GPU-e7cda51a-7d52-6ed3-329d-5434ddea4232:193.43;,GPU-1c734bb9-241d-d316-e881-5d070a9a1425:46149926912;GPU-2deeb77e-df41-879f-7601-d6296d16a8ff:53306458112;GPU-3a4be627-e52a-042d-9cd5-5c1377c672da:46149926912;GPU-5118acb4-22bd-f74f-ea1f-2c8cfe790a1d:46149926912;GPU-a27c88e4-e53e-7d6a-3abd-07b141b57ce6:46149926912;GPU-a2848da1-0f8a-a8cf-c763-0ef502d06fec:46149926912;GPU-da4fcc29-b899-580b-92b6-f0cb14f70f21:44807749632;GPU-e7cda51a-7d52-6ed3-329d-5434ddea4232:23129489408;,GPU-1c734bb9-241d-d316-e881-5d070a9a1425:192265846784;GPU-2deeb77e-df41-879f-7601-d6296d16a8ff:192265846784;GPU-3a4be627-e52a-042d-9cd5-5c1377c672da:192265846784;GPU-5118acb4-22bd-f74f-ea1f-2c8cfe790a1d:192265846784;GPU-a27c88e4-e53e-7d6a-3abd-07b141b57ce6:192265846784;GPU-a2848da1-0f8a-a8cf-c763-0ef502d06fec:192265846784;GPU-da4fcc29-b899-580b-92b6-f0cb14f70f21:192265846784;GPU-e7cda51a-7d52-6ed3-329d-5434ddea4232:192265846784;
,gemma3,8,,,,41,4.56787,57,782,68752098,21,1753469,43,0,71547369,72667927,72693540,72715700,57,70506405,GPU-1c734bb9-241d-d316-e881-5d070a9a1425:0;GPU-2deeb77e-df41-879f-7601-d6296d16a8ff:0.659398;GPU-3a4be627-e52a-042d-9cd5-5c1377c672da:0;GPU-5118acb4-22bd-f74f-ea1f-2c8cfe790a1d:0;GPU-a27c88e4-e53e-7d6a-3abd-07b141b57ce6:0;GPU-a2848da1-0f8a-a8cf-c763-0ef502d06fec:0;GPU-da4fcc29-b899-580b-92b6-f0cb14f70f21:0;GPU-e7cda51a-7d52-6ed3-329d-5434ddea4232:0;,GPU-1c734bb9-241d-d316-e881-5d070a9a1425:193.359;GPU-2deeb77e-df41-879f-7601-d6296d16a8ff:323.52;GPU-3a4be627-e52a-042d-9cd5-5c1377c672da:193.903;GPU-5118acb4-22bd-f74f-ea1f-2c8cfe790a1d:189.052;GPU-a27c88e4-e53e-7d6a-3abd-07b141b57ce6:194.091;GPU-a2848da1-0f8a-a8cf-c763-0ef502d06fec:190.604;GPU-da4fcc29-b899-580b-92b6-f0cb14f70f21:192.207;GPU-e7cda51a-7d52-6ed3-329d-5434ddea4232:193.11;,GPU-1c734bb9-241d-d316-e881-5d070a9a1425:46149926912;GPU-2deeb77e-df41-879f-7601-d6296d16a8ff:53306458112;GPU-3a4be627-e52a-042d-9cd5-5c1377c672da:46149926912;GPU-5118acb4-22bd-f74f-ea1f-2c8cfe790a1d:46149926912;GPU-a27c88e4-e53e-7d6a-3abd-07b141b57ce6:46149926912;GPU-a2848da1-0f8a-a8cf-c763-0ef502d06fec:46149926912;GPU-da4fcc29-b899-580b-92b6-f0cb14f70f21:44807749632;GPU-e7cda51a-7d52-6ed3-329d-5434ddea4232:23129489408;,GPU-1c734bb9-241d-d316-e881-5d070a9a1425:192265846784;GPU-2deeb77e-df41-879f-7601-d6296d16a8ff:192265846784;GPU-3a4be627-e52a-042d-9cd5-5c1377c672da:192265846784;GPU-5118acb4-22bd-f74f-ea1f-2c8cfe790a1d:192265846784;GPU-a27c88e4-e53e-7d6a-3abd-07b141b57ce6:192265846784;GPU-a2848da1-0f8a-a8cf-c763-0ef502d06fec:192265846784;GPU-da4fcc29-b899-580b-92b6-f0cb14f70f21:192265846784;GPU-e7cda51a-7d52-6ed3-329d-5434ddea4232:192265846784;
,mistral,1,,,,1,0.385798,50,778,275,17,2594549,36,0,2558107,2738186,2748564,2760549,50,2595651,GPU-1c734bb9-241d-d316-e881-5d070a9a1425:0.0684722;GPU-2deeb77e-df41-879f-7601-d6296d16a8ff:0.0658642;GPU-3a4be627-e52a-042d-9cd5-5c1377c672da:0.0690586;GPU-5118acb4-22bd-f74f-ea1f-2c8cfe790a1d:0.0686574;GPU-a27c88e4-e53e-7d6a-3abd-07b141b57ce6:0.0696914;GPU-a2848da1-0f8a-a8cf-c763-0ef502d06fec:0.0692593;GPU-da4fcc29-b899-580b-92b6-f0cb14f70f21:0.0755093;GPU-e7cda51a-7d52-6ed3-329d-5434ddea4232:0;,GPU-1c734bb9-241d-d316-e881-5d070a9a1425:258.226;GPU-2deeb77e-df41-879f-7601-d6296d16a8ff:249.922;GPU-3a4be627-e52a-042d-9cd5-5c1377c672da:258.084;GPU-5118acb4-22bd-f74f-ea1f-2c8cfe790a1d:250.551;GPU-a27c88e4-e53e-7d6a-3abd-07b141b57ce6:256.739;GPU-a2848da1-0f8a-a8cf-c763-0ef502d06fec:251.752;GPU-da4fcc29-b899-580b-92b6-f0cb14f70f21:256.2;GPU-e7cda51a-7d52-6ed3-329d-5434ddea4232:194.554;,GPU-1c734bb9-241d-d316-e881-5d070a9a1425:47743762432;GPU-2deeb77e-df41-879f-7601-d6296d16a8ff:54917070848;GPU-3a4be627-e52a-042d-9cd5-5c1377c672da:47743762432;GPU-5118acb4-22bd-f74f-ea1f-2c8cfe790a1d:47743762432;GPU-a27c88e4-e53e-7d6a-3abd-07b141b57ce6:47743762432;GPU-a2848da1-0f8a-a8cf-c763-0ef502d06fec:47743762432;GPU-da4fcc29-b899-580b-92b6-f0cb14f70f21:46401585152;GPU-e7cda51a-7d52-6ed3-329d-5434ddea4232:23129489408;,GPU-1c734bb9-241d-d316-e881-5d070a9a1425:192265846784;GPU-2deeb77e-df41-879f-7601-d6296d16a8ff:192265846784;GPU-3a4be627-e52a-042d-9cd5-5c1377c672da:192265846784;GPU-5118acb4-22bd-f74f-ea1f-2c8cfe790a1d:192265846784;GPU-a27c88e4-e53e-7d6a-3abd-07b141b57ce6:192265846784;GPU-a2848da1-0f8a-a8cf-c763-0ef502d06fec:192265846784;GPU-da4fcc29-b899-580b-92b6-f0cb14f70f21:192265846784;GPU-e7cda51a-7d52-6ed3-329d-5434ddea4232:192265846784;
,mistral,1,,,,25,2.00153,52,686,783191,25,11470763,62,0,8167868,31543368,32088204,34677063,52,12254720,GPU-1c734bb9-241d-d316-e881-5d070a9a1425:0.525772;GPU-2deeb77e-df41-879f-7601-d6296d16a8ff:0.466867;GPU-3a4be627-e52a-042d-9cd5-5c1377c672da:0.533364;GPU-5118acb4-22bd-f74f-ea1f-2c8cfe790a1d:0.580864;GPU-a27c88e4-e53e-7d6a-3abd-07b141b57ce6:0.553256;GPU-a2848da1-0f8a-a8cf-c763-0ef502d06fec:0.548302;GPU-da4fcc29-b899-580b-92b6-f0cb14f70f21:0.490556;GPU-e7cda51a-7d52-6ed3-329d-5434ddea4232:0;,GPU-1c734bb9-241d-d316-e881-5d070a9a1425:326.651;GPU-2deeb77e-df41-879f-7601-d6296d16a8ff:290.247;GPU-3a4be627-e52a-042d-9cd5-5c1377c672da:325.532;GPU-5118acb4-22bd-f74f-ea1f-2c8cfe790a1d:317.304;GPU-a27c88e4-e53e-7d6a-3abd-07b141b57ce6:323.638;GPU-a2848da1-0f8a-a8cf-c763-0ef502d06fec:317.848;GPU-da4fcc29-b899-580b-92b6-f0cb14f70f21:316.942;GPU-e7cda51a-7d52-6ed3-329d-5434ddea4232:194.231;,GPU-1c734bb9-241d-d316-e881-5d070a9a1425:47743762432;GPU-2deeb77e-df41-879f-7601-d6296d16a8ff:54917070848;GPU-3a4be627-e52a-042d-9cd5-5c1377c672da:47743762432;GPU-5118acb4-22bd-f74f-ea1f-2c8cfe790a1d:47743762432;GPU-a27c88e4-e53e-7d6a-3abd-07b141b57ce6:47743762432;GPU-a2848da1-0f8a-a8cf-c763-0ef502d06fec:47743762432;GPU-da4fcc29-b899-580b-92b6-f0cb14f70f21:46401585152;GPU-e7cda51a-7d52-6ed3-329d-5434ddea4232:23129489408;,GPU-1c734bb9-241d-d316-e881-5d070a9a1425:192265846784;GPU-2deeb77e-df41-879f-7601-d6296d16a8ff:192265846784;GPU-3a4be627-e52a-042d-9cd5-5c1377c672da:192265846784;GPU-5118acb4-22bd-f74f-ea1f-2c8cfe790a1d:192265846784;GPU-a27c88e4-e53e-7d6a-3abd-07b141b57ce6:192265846784;GPU-a2848da1-0f8a-a8cf-c763-0ef502d06fec:192265846784;GPU-da4fcc29-b899-580b-92b6-f0cb14f70f21:192265846784;GPU-e7cda51a-7d52-6ed3-329d-5434ddea4232:192265846784;
,mistral,1,,,,33,2.00924,53,862,942734,30,15386755,68,0,10892132,32070939,32710040,34501791,53,16330441,GPU-1c734bb9-241d-d316-e881-5d070a9a1425:0.51787;GPU-2deeb77e-df41-879f-7601-d6296d16a8ff:0.465926;GPU-3a4be627-e52a-042d-9cd5-5c1377c672da:0.52659;GPU-5118acb4-22bd-f74f-ea1f-2c8cfe790a1d:0.589028;GPU-a27c88e4-e53e-7d6a-3abd-07b141b57ce6:0.552392;GPU-a2848da1-0f8a-a8cf-c763-0ef502d06fec:0.539985;GPU-da4fcc29-b899-580b-92b6-f0cb14f70f21:0.493102;GPU-e7cda51a-7d52-6ed3-329d-5434ddea4232:0;,GPU-1c734bb9-241d-d316-e881-5d070a9a1425:325.909;GPU-2deeb77e-df41-879f-7601-d6296d16a8ff:289.711;GPU-3a4be627-e52a-042d-9cd5-5c1377c672da:325.201;GPU-5118acb4-22bd-f74f-ea1f-2c8cfe790a1d:317.047;GPU-a27c88e4-e53e-7d6a-3abd-07b141b57ce6:323.299;GPU-a2848da1-0f8a-a8cf-c763-0ef502d06fec:317.318;GPU-da4fcc29-b899-580b-92b6-f0cb14f70f21:316.657;GPU-e7cda51a-7d52-6ed3-329d-5434ddea4232:194.21;,GPU-1c734bb9-241d-d316-e881-5d070a9a1425:47743762432;GPU-2deeb77e-df41-879f-7601-d6296d16a8ff:54917070848;GPU-3a4be627-e52a-042d-9cd5-5c1377c672da:47743762432;GPU-5118acb4-22bd-f74f-ea1f-2c8cfe790a1d:47743762432;GPU-a27c88e4-e53e-7d6a-3abd-07b141b57ce6:47743762432;GPU-a2848da1-0f8a-a8cf-c763-0ef502d06fec:47743762432;GPU-da4fcc29-b899-580b-92b6-f0cb14f70f21:46401585152;GPU-e7cda51a-7d52-6ed3-329d-5434ddea4232:23129489408;,GPU-1c734bb9-241d-d316-e881-5d070a9a1425:192265846784;GPU-2deeb77e-df41-879f-7601-d6296d16a8ff:192265846784;GPU-3a4be627-e52a-042d-9cd5-5c1377c672da:192265846784;GPU-5118acb4-22bd-f74f-ea1f-2c8cfe790a1d:192265846784;GPU-a27c88e4-e53e-7d6a-3abd-07b141b57ce6:192265846784;GPU-a2848da1-0f8a-a8cf-c763-0ef502d06fec:192265846784;GPU-da4fcc29-b899-580b-92b6-f0cb14f70f21:192265846784;GPU-e7cda51a-7d52-6ed3-329d-5434ddea4232:192265846784;
,mistral,1,,,,57,2.01078,59,890,2958587,46,25142123,101,0,28368524,36790390,38894229,42142680,59,28101740,GPU-1c734bb9-241d-d316-e881-5d070a9a1425:0.53466;GPU-2deeb77e-df41-879f-7601-d6296d16a8ff:0.465231;GPU-3a4be627-e52a-042d-9cd5-5c1377c672da:0.530941;GPU-5118acb4-22bd-f74f-ea1f-2c8cfe790a1d:0.57216;GPU-a27c88e4-e53e-7d6a-3abd-07b141b57ce6:0.567392;GPU-a2848da1-0f8a-a8cf-c763-0ef502d06fec:0.544012;GPU-da4fcc29-b899-580b-92b6-f0cb14f70f21:0.495247;GPU-e7cda51a-7d52-6ed3-329d-5434ddea4232:0;,GPU-1c734bb9-241d-d316-e881-5d070a9a1425:328.536;GPU-2deeb77e-df41-879f-7601-d6296d16a8ff:291.685;GPU-3a4be627-e52a-042d-9cd5-5c1377c672da:328.11;GPU-5118acb4-22bd-f74f-ea1f-2c8cfe790a1d:319.149;GPU-a27c88e4-e53e-7d6a-3abd-07b141b57ce6:325.893;GPU-a2848da1-0f8a-a8cf-c763-0ef502d06fec:320.436;GPU-da4fcc29-b899-580b-92b6-f0cb14f70f21:320.004;GPU-e7cda51a-7d52-6ed3-329d-5434ddea4232:196.455;,GPU-1c734bb9-241d-d316-e881-5d070a9a1425:47743762432;GPU-2deeb77e-df41-879f-7601-d6296d16a8ff:54917070848;GPU-3a4be627-e52a-042d-9cd5-5c1377c672da:47743762432;GPU-5118acb4-22bd-f74f-ea1f-2c8cfe790a1d:47743762432;GPU-a27c88e4-e53e-7d6a-3abd-07b141b57ce6:47743762432;GPU-a2848da1-0f8a-a8cf-c763-0ef502d06fec:47743762432;GPU-da4fcc29-b899-580b-92b6-f0cb14f70f21:46401585152;GPU-e7cda51a-7d52-6ed3-329d-5434ddea4232:23129489408;,GPU-1c734bb9-241d-d316-e881-5d070a9a1425:192265846784;GPU-2deeb77e-df41-879f-7601-d6296d16a8ff:192265846784;GPU-3a4be627-e52a-042d-9cd5-5c1377c672da:192265846784;GPU-5118acb4-22bd-f74f-ea1f-2c8cfe790a1d:192265846784;GPU-a27c88e4-e53e-7d6a-3abd-07b141b57ce6:192265846784;GPU-a2848da1-0f8a-a8cf-c763-0ef502d06fec:192265846784;GPU-da4fcc29-b899-580b-92b6-f0cb14f70f21:192265846784;GPU-e7cda51a-7d52-6ed3-329d-5434ddea4232:192265846784;
,mistral,1,,,,17,2.0154,50,820,640204,19,7874524,47,0,5122158,23907103,24230325,26411180,50,8515609,GPU-1c734bb9-241d-d316-e881-5d070a9a1425:0.513873;GPU-2deeb77e-df41-879f-7601-d6296d16a8ff:0.466944;GPU-3a4be627-e52a-042d-9cd5-5c1377c672da:0.51966;GPU-5118acb4-22bd-f74f-ea1f-2c8cfe790a1d:0.584028;GPU-a27c88e4-e53e-7d6a-3abd-07b141b57ce6:0.570494;GPU-a2848da1-0f8a-a8cf-c763-0ef502d06fec:0.548966;GPU-da4fcc29-b899-580b-92b6-f0cb14f70f21:0.490941;GPU-e7cda51a-7d52-6ed3-329d-5434ddea4232:0;,GPU-1c734bb9-241d-d316-e881-5d070a9a1425:327.083;GPU-2deeb77e-df41-879f-7601-d6296d16a8ff:290.428;GPU-3a4be627-e52a-042d-9cd5-5c1377c672da:326.363;GPU-5118acb4-22bd-f74f-ea1f-2c8cfe790a1d:317.724;GPU-a27c88e4-e53e-7d6a-3abd-07b141b57ce6:323.584;GPU-a2848da1-0f8a-a8cf-c763-0ef502d06fec:318.36;GPU-da4fcc29-b899-580b-92b6-f0cb14f70f21:317.4;GPU-e7cda51a-7d52-6ed3-329d-5434ddea4232:194.986;,GPU-1c734bb9-241d-d316-e881-5d070a9a1425:47743762432;GPU-2deeb77e-df41-879f-7601-d6296d16a8ff:54917070848;GPU-3a4be627-e52a-042d-9cd5-5c1377c672da:47743762432;GPU-5118acb4-22bd-f74f-ea1f-2c8cfe790a1d:47743762432;GPU-a27c88e4-e53e-7d6a-3abd-07b141b57ce6:47743762432;GPU-a2848da1-0f8a-a8cf-c763-0ef502d06fec:47743762432;GPU-da4fcc29-b899-580b-92b6-f0cb14f70f21:46401585152;GPU-e7cda51a-7d52-6ed3-329d-5434ddea4232:23129489408;,GPU-1c734bb9-241d-d316-e881-5d070a9a1425:192265846784;GPU-2deeb77e-df41-879f-7601-d6296d16a8ff:192265846784;GPU-3a4be627-e52a-042d-9cd5-5c1377c672da:192265846784;GPU-5118acb4-22bd-f74f-ea1f-2c8cfe790a1d:192265846784;GPU-a27c88e4-e53e-7d6a-3abd-07b141b57ce6:192265846784;GPU-a2848da1-0f8a-a8cf-c763-0ef502d06fec:192265846784;GPU-da4fcc29-b899-580b-92b6-f0cb14f70f21:192265846784;GPU-e7cda51a-7d52-6ed3-329d-5434ddea4232:192265846784;
,mistral,1,,,,49,2.01541,64,864,1860509,39,22418045,89,0,23947198,32946681,34609291,35630421,64,24279539,GPU-1c734bb9-241d-d316-e881-5d070a9a1425:0.524444;GPU-2deeb77e-df41-879f-7601-d6296d16a8ff:0.464784;GPU-3a4be627-e52a-042d-9cd5-5c1377c672da:0.533534;GPU-5118acb4-22bd-f74f-ea1f-2c8cfe790a1d:0.583395;GPU-a27c88e4-e53e-7d6a-3abd-07b141b57ce6:0.554228;GPU-a2848da1-0f8a-a8cf-c763-0ef502d06fec:0.542701;GPU-da4fcc29-b899-580b-92b6-f0cb14f70f21:0.489043;GPU-e7cda51a-7d52-6ed3-329d-5434ddea4232:0;,GPU-1c734bb9-241d-d316-e881-5d070a9a1425:327.401;GPU-2deeb77e-df41-879f-7601-d6296d16a8ff:291.055;GPU-3a4be627-e52a-042d-9cd5-5c1377c672da:326.881;GPU-5118acb4-22bd-f74f-ea1f-2c8cfe790a1d:318.352;GPU-a27c88e4-e53e-7d6a-3abd-07b141b57ce6:324.823;GPU-a2848da1-0f8a-a8cf-c763-0ef502d06fec:319.191;GPU-da4fcc29-b899-580b-92b6-f0cb14f70f21:318.773;GPU-e7cda51a-7d52-6ed3-329d-5434ddea4232:195.495;,GPU-1c734bb9-241d-d316-e881-5d070a9a1425:47743762432;GPU-2deeb77e-df41-879f-7601-d6296d16a8ff:54917070848;GPU-3a4be627-e52a-042d-9cd5-5c1377c672da:47743762432;GPU-5118acb4-22bd-f74f-ea1f-2c8cfe790a1d:47743762432;GPU-a27c88e4-e53e-7d6a-3abd-07b141b57ce6:47743762432;GPU-a2848da1-0f8a-a8cf-c763-0ef502d06fec:47743762432;GPU-da4fcc29-b899-580b-92b6-f0cb14f70f21:46401585152;GPU-e7cda51a-7d52-6ed3-329d-5434ddea4232:23129489408;,GPU-1c734bb9-241d-d316-e881-5d070a9a1425:192265846784;GPU-2deeb77e-df41-879f-7601-d6296d16a8ff:192265846784;GPU-3a4be627-e52a-042d-9cd5-5c1377c672da:192265846784;GPU-5118acb4-22bd-f74f-ea1f-2c8cfe790a1d:192265846784;GPU-a27c88e4-e53e-7d6a-3abd-07b141b57ce6:192265846784;GPU-a2848da1-0f8a-a8cf-c763-0ef502d06fec:192265846784;GPU-da4fcc29-b899-580b-92b6-f0cb14f70f21:192265846784;GPU-e7cda51a-7d52-6ed3-329d-5434ddea4232:192265846784;
,mistral,1,,,,41,2.01695,54,879,1476737,34,18881740,77,0,20092220,32747808,34294883,35250966,54,20359461,GPU-1c734bb9-241d-d316-e881-5d070a9a1425:0.513503;GPU-2deeb77e-df41-879f-7601-d6296d16a8ff:0.464954;GPU-3a4be627-e52a-042d-9cd5-5c1377c672da:0.525509;GPU-5118acb4-22bd-f74f-ea1f-2c8cfe790a1d:0.592809;GPU-a27c88e4-e53e-7d6a-3abd-07b141b57ce6:0.551065;GPU-a2848da1-0f8a-a8cf-c763-0ef502d06fec:0.537022;GPU-da4fcc29-b899-580b-92b6-f0cb14f70f21:0.490725;GPU-e7cda51a-7d52-6ed3-329d-5434ddea4232:0;,GPU-1c734bb9-241d-d316-e881-5d070a9a1425:326.087;GPU-2deeb77e-df41-879f-7601-d6296d16a8ff:289.848;GPU-3a4be627-e52a-042d-9cd5-5c1377c672da:325.495;GPU-5118acb4-22bd-f74f-ea1f-2c8cfe790a1d:317.09;GPU-a27c88e4-e53e-7d6a-3abd-07b141b57ce6:323.487;GPU-a2848da1-0f8a-a8cf-c763-0ef502d06fec:317.829;GPU-da4fcc29-b899-580b-92b6-f0cb14f70f21:317.109;GPU-e7cda51a-7d52-6ed3-329d-5434ddea4232:194.277;,GPU-1c734bb9-241d-d316-e881-5d070a9a1425:47743762432;GPU-2deeb77e-df41-879f-7601-d6296d16a8ff:54917070848;GPU-3a4be627-e52a-042d-9cd5-5c1377c672da:47743762432;GPU-5118acb4-22bd-f74f-ea1f-2c8cfe790a1d:47743762432;GPU-a27c88e4-e53e-7d6a-3abd-07b141b57ce6:47743762432;GPU-a2848da1-0f8a-a8cf-c763-0ef502d06fec:47743762432;GPU-da4fcc29-b899-580b-92b6-f0cb14f70f21:46401585152;GPU-e7cda51a-7d52-6ed3-329d-5434ddea4232:23129489408;,GPU-1c734bb9-241d-d316-e881-5d070a9a1425:192265846784;GPU-2deeb77e-df41-879f-7601-d6296d16a8ff:192265846784;GPU-3a4be627-e52a-042d-9cd5-5c1377c672da:192265846784;GPU-5118acb4-22bd-f74f-ea1f-2c8cfe790a1d:192265846784;GPU-a27c88e4-e53e-7d6a-3abd-07b141b57ce6:192265846784;GPU-a2848da1-0f8a-a8cf-c763-0ef502d06fec:192265846784;GPU-da4fcc29-b899-580b-92b6-f0cb14f70f21:192265846784;GPU-e7cda51a-7d52-6ed3-329d-5434ddea4232:192265846784;
,mistral,1,,,,9,2.02466,48,790,493129,14,3951987,36,0,4069860,5826383,5982697,6156101,48,4445952,GPU-1c734bb9-241d-d316-e881-5d070a9a1425:0.518194;GPU-2deeb77e-df41-879f-7601-d6296d16a8ff:0.468318;GPU-3a4be627-e52a-042d-9cd5-5c1377c672da:0.520926;GPU-5118acb4-22bd-f74f-ea1f-2c8cfe790a1d:0.584769;GPU-a27c88e4-e53e-7d6a-3abd-07b141b57ce6:0.557315;GPU-a2848da1-0f8a-a8cf-c763-0ef502d06fec:0.543981;GPU-da4fcc29-b899-580b-92b6-f0cb14f70f21:0.493071;GPU-e7cda51a-7d52-6ed3-329d-5434ddea4232:0;,GPU-1c734bb9-241d-d316-e881-5d070a9a1425:329.057;GPU-2deeb77e-df41-879f-7601-d6296d16a8ff:291.76;GPU-3a4be627-e52a-042d-9cd5-5c1377c672da:328.189;GPU-5118acb4-22bd-f74f-ea1f-2c8cfe790a1d:319.815;GPU-a27c88e4-e53e-7d6a-3abd-07b141b57ce6:325.341;GPU-a2848da1-0f8a-a8cf-c763-0ef502d06fec:319.708;GPU-da4fcc29-b899-580b-92b6-f0cb14f70f21:319.476;GPU-e7cda51a-7d52-6ed3-329d-5434ddea4232:196.135;,GPU-1c734bb9-241d-d316-e881-5d070a9a1425:47743762432;GPU-2deeb77e-df41-879f-7601-d6296d16a8ff:54917070848;GPU-3a4be627-e52a-042d-9cd5-5c1377c672da:47743762432;GPU-5118acb4-22bd-f74f-ea1f-2c8cfe790a1d:47743762432;GPU-a27c88e4-e53e-7d6a-3abd-07b141b57ce6:47743762432;GPU-a2848da1-0f8a-a8cf-c763-0ef502d06fec:47743762432;GPU-da4fcc29-b899-580b-92b6-f0cb14f70f21:46401585152;GPU-e7cda51a-7d52-6ed3-329d-5434ddea4232:23129489408;,GPU-1c734bb9-241d-d316-e881-5d070a9a1425:192265846784;GPU-2deeb77e-df41-879f-7601-d6296d16a8ff:192265846784;GPU-3a4be627-e52a-042d-9cd5-5c1377c672da:192265846784;GPU-5118acb4-22bd-f74f-ea1f-2c8cfe790a1d:192265846784;GPU-a27c88e4-e53e-7d6a-3abd-07b141b57ce6:192265846784;GPU-a2848da1-0f8a-a8cf-c763-0ef502d06fec:192265846784;GPU-da4fcc29-b899-580b-92b6-f0cb14f70f21:192265846784;GPU-e7cda51a-7d52-6ed3-329d-5434ddea4232:192265846784;
,mistral,8,,,,1,3.01232,52,824,286,21,2650787,42,0,2638486,2823006,2867296,2938757,52,2651951,GPU-1c734bb9-241d-d316-e881-5d070a9a1425:0.0779475;GPU-2deeb77e-df41-879f-7601-d6296d16a8ff:0.0703549;GPU-3a4be627-e52a-042d-9cd5-5c1377c672da:0.0783951;GPU-5118acb4-22bd-f74f-ea1f-2c8cfe790a1d:0.0791821;GPU-a27c88e4-e53e-7d6a-3abd-07b141b57ce6:0.079429;GPU-a2848da1-0f8a-a8cf-c763-0ef502d06fec:0.0787654;GPU-da4fcc29-b899-580b-92b6-f0cb14f70f21:0.08375;GPU-e7cda51a-7d52-6ed3-329d-5434ddea4232:0;,GPU-1c734bb9-241d-d316-e881-5d070a9a1425:263.292;GPU-2deeb77e-df41-879f-7601-d6296d16a8ff:252.811;GPU-3a4be627-e52a-042d-9cd5-5c1377c672da:263.464;GPU-5118acb4-22bd-f74f-ea1f-2c8cfe790a1d:254.936;GPU-a27c88e4-e53e-7d6a-3abd-07b141b57ce6:262.023;GPU-a2848da1-0f8a-a8cf-c763-0ef502d06fec:257.422;GPU-da4fcc29-b899-580b-92b6-f0cb14f70f21:261.119;GPU-e7cda51a-7d52-6ed3-329d-5434ddea4232:195.776;,GPU-1c734bb9-241d-d316-e881-5d070a9a1425:48918167552;GPU-2deeb77e-df41-879f-7601-d6296d16a8ff:56091475968;GPU-3a4be627-e52a-042d-9cd5-5c1377c672da:48918167552;GPU-5118acb4-22bd-f74f-ea1f-2c8cfe790a1d:48918167552;GPU-a27c88e4-e53e-7d6a-3abd-07b141b57ce6:48918167552;GPU-a2848da1-0f8a-a8cf-c763-0ef502d06fec:48918167552;GPU-da4fcc29-b899-580b-92b6-f0cb14f70f21:47575990272;GPU-e7cda51a-7d52-6ed3-329d-5434ddea4232:23129489408;,GPU-1c734bb9-241d-d316-e881-5d070a9a1425:192265846784;GPU-2deeb77e-df41-879f-7601-d6296d16a8ff:192265846784;GPU-3a4be627-e52a-042d-9cd5-5c1377c672da:192265846784;GPU-5118acb4-22bd-f74f-ea1f-2c8cfe790a1d:192265846784;GPU-a27c88e4-e53e-7d6a-3abd-07b141b57ce6:192265846784;GPU-a2848da1-0f8a-a8cf-c763-0ef502d06fec:192265846784;GPU-da4fcc29-b899-580b-92b6-f0cb14f70f21:192265846784;GPU-e7cda51a-7d52-6ed3-329d-5434ddea4232:192265846784;
,mistral,8,,,,49,14.2962,56,864,22790716,14,4483794,38,0,27257710,28431428,28679596,29140078,56,27275418,GPU-1c734bb9-241d-d316-e881-5d070a9a1425:0.53517;GPU-2deeb77e-df41-879f-7601-d6296d16a8ff:0.450494;GPU-3a4be627-e52a-042d-9cd5-5c1377c672da:0.544352;GPU-5118acb4-22bd-f74f-ea1f-2c8cfe790a1d:0.540262;GPU-a27c88e4-e53e-7d6a-3abd-07b141b57ce6:0.569815;GPU-a2848da1-0f8a-a8cf-c763-0ef502d06fec:0.549506;GPU-da4fcc29-b899-580b-92b6-f0cb14f70f21:0.489414;GPU-e7cda51a-7d52-6ed3-329d-5434ddea4232:0;,GPU-1c734bb9-241d-d316-e881-5d070a9a1425:340.176;GPU-2deeb77e-df41-879f-7601-d6296d16a8ff:298.411;GPU-3a4be627-e52a-042d-9cd5-5c1377c672da:339.167;GPU-5118acb4-22bd-f74f-ea1f-2c8cfe790a1d:329.365;GPU-a27c88e4-e53e-7d6a-3abd-07b141b57ce6:336.753;GPU-a2848da1-0f8a-a8cf-c763-0ef502d06fec:331.129;GPU-da4fcc29-b899-580b-92b6-f0cb14f70f21:328.381;GPU-e7cda51a-7d52-6ed3-329d-5434ddea4232:196.675;,GPU-1c734bb9-241d-d316-e881-5d070a9a1425:48918167552;GPU-2deeb77e-df41-879f-7601-d6296d16a8ff:56091475968;GPU-3a4be627-e52a-042d-9cd5-5c1377c672da:48918167552;GPU-5118acb4-22bd-f74f-ea1f-2c8cfe790a1d:48918167552;GPU-a27c88e4-e53e-7d6a-3abd-07b141b57ce6:48918167552;GPU-a2848da1-0f8a-a8cf-c763-0ef502d06fec:48918167552;GPU-da4fcc29-b899-580b-92b6-f0cb14f70f21:47575990272;GPU-e7cda51a-7d52-6ed3-329d-5434ddea4232:23129489408;,GPU-1c734bb9-241d-d316-e881-5d070a9a1425:192265846784;GPU-2deeb77e-df41-879f-7601-d6296d16a8ff:192265846784;GPU-3a4be627-e52a-042d-9cd5-5c1377c672da:192265846784;GPU-5118acb4-22bd-f74f-ea1f-2c8cfe790a1d:192265846784;GPU-a27c88e4-e53e-7d6a-3abd-07b141b57ce6:192265846784;GPU-a2848da1-0f8a-a8cf-c763-0ef502d06fec:192265846784;GPU-da4fcc29-b899-580b-92b6-f0cb14f70f21:192265846784;GPU-e7cda51a-7d52-6ed3-329d-5434ddea4232:192265846784;
,mistral,8,,,,57,14.333,62,826,27141456,14,4463247,39,0,31599083,32704456,32911042,33232301,62,31605573,GPU-1c734bb9-241d-d316-e881-5d070a9a1425:0.534198;GPU-2deeb77e-df41-879f-7601-d6296d16a8ff:0.453117;GPU-3a4be627-e52a-042d-9cd5-5c1377c672da:0.549522;GPU-5118acb4-22bd-f74f-ea1f-2c8cfe790a1d:0.557809;GPU-a27c88e4-e53e-7d6a-3abd-07b141b57ce6:0.579522;GPU-a2848da1-0f8a-a8cf-c763-0ef502d06fec:0.560802;GPU-da4fcc29-b899-580b-92b6-f0cb14f70f21:0.495617;GPU-e7cda51a-7d52-6ed3-329d-5434ddea4232:0;,GPU-1c734bb9-241d-d316-e881-5d070a9a1425:340.345;GPU-2deeb77e-df41-879f-7601-d6296d16a8ff:298.074;GPU-3a4be627-e52a-042d-9cd5-5c1377c672da:339.244;GPU-5118acb4-22bd-f74f-ea1f-2c8cfe790a1d:328.955;GPU-a27c88e4-e53e-7d6a-3abd-07b141b57ce6:336.544;GPU-a2848da1-0f8a-a8cf-c763-0ef502d06fec:330.968;GPU-da4fcc29-b899-580b-92b6-f0cb14f70f21:327.652;GPU-e7cda51a-7d52-6ed3-329d-5434ddea4232:196.435;,GPU-1c734bb9-241d-d316-e881-5d070a9a1425:48918167552;GPU-2deeb77e-df41-879f-7601-d6296d16a8ff:56091475968;GPU-3a4be627-e52a-042d-9cd5-5c1377c672da:48918167552;GPU-5118acb4-22bd-f74f-ea1f-2c8cfe790a1d:48918167552;GPU-a27c88e4-e53e-7d6a-3abd-07b141b57ce6:48918167552;GPU-a2848da1-0f8a-a8cf-c763-0ef502d06fec:48918167552;GPU-da4fcc29-b899-580b-92b6-f0cb14f70f21:47575990272;GPU-e7cda51a-7d52-6ed3-329d-5434ddea4232:23129489408;,GPU-1c734bb9-241d-d316-e881-5d070a9a1425:192265846784;GPU-2deeb77e-df41-879f-7601-d6296d16a8ff:192265846784;GPU-3a4be627-e52a-042d-9cd5-5c1377c672da:192265846784;GPU-5118acb4-22bd-f74f-ea1f-2c8cfe790a1d:192265846784;GPU-a27c88e4-e53e-7d6a-3abd-07b141b57ce6:192265846784;GPU-a2848da1-0f8a-a8cf-c763-0ef502d06fec:192265846784;GPU-da4fcc29-b899-580b-92b6-f0cb14f70f21:192265846784;GPU-e7cda51a-7d52-6ed3-329d-5434ddea4232:192265846784;
,mistral,8,,,,41,14.3579,55,809,18223661,15,4449418,38,0,22575394,23835225,24001342,24272258,55,22673932,GPU-1c734bb9-241d-d316-e881-5d070a9a1425:0.528302;GPU-2deeb77e-df41-879f-7601-d6296d16a8ff:0.447006;GPU-3a4be627-e52a-042d-9cd5-5c1377c672da:0.546265;GPU-5118acb4-22bd-f74f-ea1f-2c8cfe790a1d:0.540694;GPU-a27c88e4-e53e-7d6a-3abd-07b141b57ce6:0.583611;GPU-a2848da1-0f8a-a8cf-c763-0ef502d06fec:0.565401;GPU-da4fcc29-b899-580b-92b6-f0cb14f70f21:0.488627;GPU-e7cda51a-7d52-6ed3-329d-5434ddea4232:0;,GPU-1c734bb9-241d-d316-e881-5d070a9a1425:338.99;GPU-2deeb77e-df41-879f-7601-d6296d16a8ff:297.382;GPU-3a4be627-e52a-042d-9cd5-5c1377c672da:338.44;GPU-5118acb4-22bd-f74f-ea1f-2c8cfe790a1d:328.535;GPU-a27c88e4-e53e-7d6a-3abd-07b141b57ce6:336.078;GPU-a2848da1-0f8a-a8cf-c763-0ef502d06fec:330.179;GPU-da4fcc29-b899-580b-92b6-f0cb14f70f21:326.689;GPU-e7cda51a-7d52-6ed3-329d-5434ddea4232:195.366;,GPU-1c734bb9-241d-d316-e881-5d070a9a1425:48918167552;GPU-2deeb77e-df41-879f-7601-d6296d16a8ff:56091475968;GPU-3a4be627-e52a-042d-9cd5-5c1377c672da:48918167552;GPU-5118acb4-22bd-f74f-ea1f-2c8cfe790a1d:48918167552;GPU-a27c88e4-e53e-7d6a-3abd-07b141b57ce6:48918167552;GPU-a2848da1-0f8a-a8cf-c763-0ef502d06fec:48918167552;GPU-da4fcc29-b899-580b-92b6-f0cb14f70f21:47575990272;GPU-e7cda51a-7d52-6ed3-329d-5434ddea4232:23129489408;,GPU-1c734bb9-241d-d316-e881-5d070a9a1425:192265846784;GPU-2deeb77e-df41-879f-7601-d6296d16a8ff:192265846784;GPU-3a4be627-e52a-042d-9cd5-5c1377c672da:192265846784;GPU-5118acb4-22bd-f74f-ea1f-2c8cfe790a1d:192265846784;GPU-a27c88e4-e53e-7d6a-3abd-07b141b57ce6:192265846784;GPU-a2848da1-0f8a-a8cf-c763-0ef502d06fec:192265846784;GPU-da4fcc29-b899-580b-92b6-f0cb14f70f21:192265846784;GPU-e7cda51a-7d52-6ed3-329d-5434ddea4232:192265846784;
,mistral,8,,,,9,14.3949,51,818,551297,15,4437743,38,0,4550936,6608578,6913096,7214932,51,4989904,GPU-1c734bb9-241d-d316-e881-5d070a9a1425:0.53537;GPU-2deeb77e-df41-879f-7601-d6296d16a8ff:0.448179;GPU-3a4be627-e52a-042d-9cd5-5c1377c672da:0.548457;GPU-5118acb4-22bd-f74f-ea1f-2c8cfe790a1d:0.548873;GPU-a27c88e4-e53e-7d6a-3abd-07b141b57ce6:0.581574;GPU-a2848da1-0f8a-a8cf-c763-0ef502d06fec:0.557222;GPU-da4fcc29-b899-580b-92b6-f0cb14f70f21:0.491775;GPU-e7cda51a-7d52-6ed3-329d-5434ddea4232:0;,GPU-1c734bb9-241d-d316-e881-5d070a9a1425:340.176;GPU-2deeb77e-df41-879f-7601-d6296d16a8ff:298.638;GPU-3a4be627-e52a-042d-9cd5-5c1377c672da:339.651;GPU-5118acb4-22bd-f74f-ea1f-2c8cfe790a1d:330.076;GPU-a27c88e4-e53e-7d6a-3abd-07b141b57ce6:337.416;GPU-a2848da1-0f8a-a8cf-c763-0ef502d06fec:332.242;GPU-da4fcc29-b899-580b-92b6-f0cb14f70f21:328.853;GPU-e7cda51a-7d52-6ed3-329d-5434ddea4232:196.846;,GPU-1c734bb9-241d-d316-e881-5d070a9a1425:48918167552;GPU-2deeb77e-df41-879f-7601-d6296d16a8ff:56091475968;GPU-3a4be627-e52a-042d-9cd5-5c1377c672da:48918167552;GPU-5118acb4-22bd-f74f-ea1f-2c8cfe790a1d:48918167552;GPU-a27c88e4-e53e-7d6a-3abd-07b141b57ce6:48918167552;GPU-a2848da1-0f8a-a8cf-c763-0ef502d06fec:48918167552;GPU-da4fcc29-b899-580b-92b6-f0cb14f70f21:47575990272;GPU-e7cda51a-7d52-6ed3-329d-5434ddea4232:23129489408;,GPU-1c734bb9-241d-d316-e881-5d070a9a1425:192265846784;GPU-2deeb77e-df41-879f-7601-d6296d16a8ff:192265846784;GPU-3a4be627-e52a-042d-9cd5-5c1377c672da:192265846784;GPU-5118acb4-22bd-f74f-ea1f-2c8cfe790a1d:192265846784;GPU-a27c88e4-e53e-7d6a-3abd-07b141b57ce6:192265846784;GPU-a2848da1-0f8a-a8cf-c763-0ef502d06fec:192265846784;GPU-da4fcc29-b899-580b-92b6-f0cb14f70f21:192265846784;GPU-e7cda51a-7d52-6ed3-329d-5434ddea4232:192265846784;
,mistral,8,,,,17,14.4566,51,851,4929203,15,4419847,38,0,9011105,10795538,10947681,11140713,51,9349946,GPU-1c734bb9-241d-d316-e881-5d070a9a1425:0.5425;GPU-2deeb77e-df41-879f-7601-d6296d16a8ff:0.453827;GPU-3a4be627-e52a-042d-9cd5-5c1377c672da:0.553981;GPU-5118acb4-22bd-f74f-ea1f-2c8cfe790a1d:0.554105;GPU-a27c88e4-e53e-7d6a-3abd-07b141b57ce6:0.58213;GPU-a2848da1-0f8a-a8cf-c763-0ef502d06fec:0.555216;GPU-da4fcc29-b899-580b-92b6-f0cb14f70f21:0.491296;GPU-e7cda51a-7d52-6ed3-329d-5434ddea4232:0;,GPU-1c734bb9-241d-d316-e881-5d070a9a1425:341.76;GPU-2deeb77e-df41-879f-7601-d6296d16a8ff:299.068;GPU-3a4be627-e52a-042d-9cd5-5c1377c672da:340.478;GPU-5118acb4-22bd-f74f-ea1f-2c8cfe790a1d:330.883;GPU-a27c88e4-e53e-7d6a-3abd-07b141b57ce6:337.802;GPU-a2848da1-0f8a-a8cf-c763-0ef502d06fec:332.805;GPU-da4fcc29-b899-580b-92b6-f0cb14f70f21:329.801;GPU-e7cda51a-7d52-6ed3-329d-5434ddea4232:197.065;,GPU-1c734bb9-241d-d316-e881-5d070a9a1425:48918167552;GPU-2deeb77e-df41-879f-7601-d6296d16a8ff:56091475968;GPU-3a4be627-e52a-042d-9cd5-5c1377c672da:48918167552;GPU-5118acb4-22bd-f74f-ea1f-2c8cfe790a1d:48918167552;GPU-a27c88e4-e53e-7d6a-3abd-07b141b57ce6:48918167552;GPU-a2848da1-0f8a-a8cf-c763-0ef502d06fec:48918167552;GPU-da4fcc29-b899-580b-92b6-f0cb14f70f21:47575990272;GPU-e7cda51a-7d52-6ed3-329d-5434ddea4232:23129489408;,GPU-1c734bb9-241d-d316-e881-5d070a9a1425:192265846784;GPU-2deeb77e-df41-879f-7601-d6296d16a8ff:192265846784;GPU-3a4be627-e52a-042d-9cd5-5c1377c672da:192265846784;GPU-5118acb4-22bd-f74f-ea1f-2c8cfe790a1d:192265846784;GPU-a27c88e4-e53e-7d6a-3abd-07b141b57ce6:192265846784;GPU-a2848da1-0f8a-a8cf-c763-0ef502d06fec:192265846784;GPU-da4fcc29-b899-580b-92b6-f0cb14f70f21:192265846784;GPU-e7cda51a-7d52-6ed3-329d-5434ddea4232:192265846784;
,mistral,8,,,,33,14.4813,55,811,13710608,14,4422352,38,0,18011289,19317121,19514649,19729854,55,18133816,GPU-1c734bb9-241d-d316-e881-5d070a9a1425:0.535417;GPU-2deeb77e-df41-879f-7601-d6296d16a8ff:0.450355;GPU-3a4be627-e52a-042d-9cd5-5c1377c672da:0.54196;GPU-5118acb4-22bd-f74f-ea1f-2c8cfe790a1d:0.539568;GPU-a27c88e4-e53e-7d6a-3abd-07b141b57ce6:0.576327;GPU-a2848da1-0f8a-a8cf-c763-0ef502d06fec:0.568534;GPU-da4fcc29-b899-580b-92b6-f0cb14f70f21:0.490741;GPU-e7cda51a-7d52-6ed3-329d-5434ddea4232:0;,GPU-1c734bb9-241d-d316-e881-5d070a9a1425:339.399;GPU-2deeb77e-df41-879f-7601-d6296d16a8ff:297.708;GPU-3a4be627-e52a-042d-9cd5-5c1377c672da:338.493;GPU-5118acb4-22bd-f74f-ea1f-2c8cfe790a1d:329.207;GPU-a27c88e4-e53e-7d6a-3abd-07b141b57ce6:336.167;GPU-a2848da1-0f8a-a8cf-c763-0ef502d06fec:330.201;GPU-da4fcc29-b899-580b-92b6-f0cb14f70f21:327.034;GPU-e7cda51a-7d52-6ed3-329d-5434ddea4232:195.21;,GPU-1c734bb9-241d-d316-e881-5d070a9a1425:48918167552;GPU-2deeb77e-df41-879f-7601-d6296d16a8ff:56091475968;GPU-3a4be627-e52a-042d-9cd5-5c1377c672da:48918167552;GPU-5118acb4-22bd-f74f-ea1f-2c8cfe790a1d:48918167552;GPU-a27c88e4-e53e-7d6a-3abd-07b141b57ce6:48918167552;GPU-a2848da1-0f8a-a8cf-c763-0ef502d06fec:48918167552;GPU-da4fcc29-b899-580b-92b6-f0cb14f70f21:47575990272;GPU-e7cda51a-7d52-6ed3-329d-5434ddea4232:23129489408;,GPU-1c734bb9-241d-d316-e881-5d070a9a1425:192265846784;GPU-2deeb77e-df41-879f-7601-d6296d16a8ff:192265846784;GPU-3a4be627-e52a-042d-9cd5-5c1377c672da:192265846784;GPU-5118acb4-22bd-f74f-ea1f-2c8cfe790a1d:192265846784;GPU-a27c88e4-e53e-7d6a-3abd-07b141b57ce6:192265846784;GPU-a2848da1-0f8a-a8cf-c763-0ef502d06fec:192265846784;GPU-da4fcc29-b899-580b-92b6-f0cb14f70f21:192265846784;GPU-e7cda51a-7d52-6ed3-329d-5434ddea4232:192265846784;
,mistral,8,,,,25,14.5184,52,831,9286331,15,4409798,38,0,13510790,15049080,15233236,15437725,52,13697006,GPU-1c734bb9-241d-d316-e881-5d070a9a1425:0.540941;GPU-2deeb77e-df41-879f-7601-d6296d16a8ff:0.450355;GPU-3a4be627-e52a-042d-9cd5-5c1377c672da:0.547407;GPU-5118acb4-22bd-f74f-ea1f-2c8cfe790a1d:0.561574;GPU-a27c88e4-e53e-7d6a-3abd-07b141b57ce6:0.584213;GPU-a2848da1-0f8a-a8cf-c763-0ef502d06fec:0.567701;GPU-da4fcc29-b899-580b-92b6-f0cb14f70f21:0.499568;GPU-e7cda51a-7d52-6ed3-329d-5434ddea4232:0;,GPU-1c734bb9-241d-d316-e881-5d070a9a1425:340.215;GPU-2deeb77e-df41-879f-7601-d6296d16a8ff:298.085;GPU-3a4be627-e52a-042d-9cd5-5c1377c672da:339.287;GPU-5118acb4-22bd-f74f-ea1f-2c8cfe790a1d:329.467;GPU-a27c88e4-e53e-7d6a-3abd-07b141b57ce6:336.848;GPU-a2848da1-0f8a-a8cf-c763-0ef502d06fec:331.421;GPU-da4fcc29-b899-580b-92b6-f0cb14f70f21:327.746;GPU-e7cda51a-7d52-6ed3-329d-5434ddea4232:195.754;,GPU-1c734bb9-241d-d316-e881-5d070a9a1425:48918167552;GPU-2deeb77e-df41-879f-7601-d6296d16a8ff:56091475968;GPU-3a4be627-e52a-042d-9cd5-5c1377c672da:48918167552;GPU-5118acb4-22bd-f74f-ea1f-2c8cfe790a1d:48918167552;GPU-a27c88e4-e53e-7d6a-3abd-07b141b57ce6:48918167552;GPU-a2848da1-0f8a-a8cf-c763-0ef502d06fec:48918167552;GPU-da4fcc29-b899-580b-92b6-f0cb14f70f21:47575990272;GPU-e7cda51a-7d52-6ed3-329d-5434ddea4232:23129489408;,GPU-1c734bb9-241d-d316-e881-5d070a9a1425:192265846784;GPU-2deeb77e-df41-879f-7601-d6296d16a8ff:192265846784;GPU-3a4be627-e52a-042d-9cd5-5c1377c672da:192265846784;GPU-5118acb4-22bd-f74f-ea1f-2c8cfe790a1d:192265846784;GPU-a27c88e4-e53e-7d6a-3abd-07b141b57ce6:192265846784;GPU-a2848da1-0f8a-a8cf-c763-0ef502d06fec:192265846784;GPU-da4fcc29-b899-580b-92b6-f0cb14f70f21:192265846784;GPU-e7cda51a-7d52-6ed3-329d-5434ddea4232:192265846784;
,meta-llama,1,,,,1,0.374996,52,808,281,18,2665655,39,0,2672891,2710819,2715301,2754486,52,2666796,GPU-1c734bb9-241d-d316-e881-5d070a9a1425:0.0665432;GPU-2deeb77e-df41-879f-7601-d6296d16a8ff:0.0578704;GPU-3a4be627-e52a-042d-9cd5-5c1377c672da:0.067392;GPU-5118acb4-22bd-f74f-ea1f-2c8cfe790a1d:0.0661883;GPU-a27c88e4-e53e-7d6a-3abd-07b141b57ce6:0.0682099;GPU-a2848da1-0f8a-a8cf-c763-0ef502d06fec:0.0678086;GPU-da4fcc29-b899-580b-92b6-f0cb14f70f21:0.0666358;GPU-e7cda51a-7d52-6ed3-329d-5434ddea4232:0.0400309;,GPU-1c734bb9-241d-d316-e881-5d070a9a1425:257.779;GPU-2deeb77e-df41-879f-7601-d6296d16a8ff:243.307;GPU-3a4be627-e52a-042d-9cd5-5c1377c672da:257.81;GPU-5118acb4-22bd-f74f-ea1f-2c8cfe790a1d:249.979;GPU-a27c88e4-e53e-7d6a-3abd-07b141b57ce6:256.236;GPU-a2848da1-0f8a-a8cf-c763-0ef502d06fec:251.258;GPU-da4fcc29-b899-580b-92b6-f0cb14f70f21:257.406;GPU-e7cda51a-7d52-6ed3-329d-5434ddea4232:252.625;,GPU-1c734bb9-241d-d316-e881-5d070a9a1425:50512003072;GPU-2deeb77e-df41-879f-7601-d6296d16a8ff:57668534272;GPU-3a4be627-e52a-042d-9cd5-5c1377c672da:50512003072;GPU-5118acb4-22bd-f74f-ea1f-2c8cfe790a1d:50512003072;GPU-a27c88e4-e53e-7d6a-3abd-07b141b57ce6:50512003072;GPU-a2848da1-0f8a-a8cf-c763-0ef502d06fec:50512003072;GPU-da4fcc29-b899-580b-92b6-f0cb14f70f21:49169825792;GPU-e7cda51a-7d52-6ed3-329d-5434ddea4232:24706547712;,GPU-1c734bb9-241d-d316-e881-5d070a9a1425:192265846784;GPU-2deeb77e-df41-879f-7601-d6296d16a8ff:192265846784;GPU-3a4be627-e52a-042d-9cd5-5c1377c672da:192265846784;GPU-5118acb4-22bd-f74f-ea1f-2c8cfe790a1d:192265846784;GPU-a27c88e4-e53e-7d6a-3abd-07b141b57ce6:192265846784;GPU-a2848da1-0f8a-a8cf-c763-0ef502d06fec:192265846784;GPU-da4fcc29-b899-580b-92b6-f0cb14f70f21:192265846784;GPU-e7cda51a-7d52-6ed3-329d-5434ddea4232:192265846784;
,meta-llama,1,,,,9,1.33177,52,844,276,21,6721944,44,0,3980717,14928147,15308027,15626298,52,6723124,GPU-1c734bb9-241d-d316-e881-5d070a9a1425:0.363627;GPU-2deeb77e-df41-879f-7601-d6296d16a8ff:0.277608;GPU-3a4be627-e52a-042d-9cd5-5c1377c672da:0.361821;GPU-5118acb4-22bd-f74f-ea1f-2c8cfe790a1d:0.369367;GPU-a27c88e4-e53e-7d6a-3abd-07b141b57ce6:0.357546;GPU-a2848da1-0f8a-a8cf-c763-0ef502d06fec:0.36625;GPU-da4fcc29-b899-580b-92b6-f0cb14f70f21:0.350216;GPU-e7cda51a-7d52-6ed3-329d-5434ddea4232:0.217593;,GPU-1c734bb9-241d-d316-e881-5d070a9a1425:299.544;GPU-2deeb77e-df41-879f-7601-d6296d16a8ff:252.715;GPU-3a4be627-e52a-042d-9cd5-5c1377c672da:298.812;GPU-5118acb4-22bd-f74f-ea1f-2c8cfe790a1d:290.671;GPU-a27c88e4-e53e-7d6a-3abd-07b141b57ce6:296.744;GPU-a2848da1-0f8a-a8cf-c763-0ef502d06fec:291.751;GPU-da4fcc29-b899-580b-92b6-f0cb14f70f21:298.749;GPU-e7cda51a-7d52-6ed3-329d-5434ddea4232:277.176;,GPU-1c734bb9-241d-d316-e881-5d070a9a1425:50512003072;GPU-2deeb77e-df41-879f-7601-d6296d16a8ff:57668534272;GPU-3a4be627-e52a-042d-9cd5-5c1377c672da:50512003072;GPU-5118acb4-22bd-f74f-ea1f-2c8cfe790a1d:50512003072;GPU-a27c88e4-e53e-7d6a-3abd-07b141b57ce6:50512003072;GPU-a2848da1-0f8a-a8cf-c763-0ef502d06fec:50512003072;GPU-da4fcc29-b899-580b-92b6-f0cb14f70f21:49169825792;GPU-e7cda51a-7d52-6ed3-329d-5434ddea4232:24706547712;,GPU-1c734bb9-241d-d316-e881-5d070a9a1425:192265846784;GPU-2deeb77e-df41-879f-7601-d6296d16a8ff:192265846784;GPU-3a4be627-e52a-042d-9cd5-5c1377c672da:192265846784;GPU-5118acb4-22bd-f74f-ea1f-2c8cfe790a1d:192265846784;GPU-a27c88e4-e53e-7d6a-3abd-07b141b57ce6:192265846784;GPU-a2848da1-0f8a-a8cf-c763-0ef502d06fec:192265846784;GPU-da4fcc29-b899-580b-92b6-f0cb14f70f21:192265846784;GPU-e7cda51a-7d52-6ed3-329d-5434ddea4232:192265846784;
,meta-llama,1,,,,49,1.61109,69,868,2459466,50,27200169,97,0,29627338,40944419,42932547,43669896,69,29660644,GPU-1c734bb9-241d-d316-e881-5d070a9a1425:0.499722;GPU-2deeb77e-df41-879f-7601-d6296d16a8ff:0.363673;GPU-3a4be627-e52a-042d-9cd5-5c1377c672da:0.49821;GPU-5118acb4-22bd-f74f-ea1f-2c8cfe790a1d:0.520309;GPU-a27c88e4-e53e-7d6a-3abd-07b141b57ce6:0.504799;GPU-a2848da1-0f8a-a8cf-c763-0ef502d06fec:0.507253;GPU-da4fcc29-b899-580b-92b6-f0cb14f70f21:0.494506;GPU-e7cda51a-7d52-6ed3-329d-5434ddea4232:0.286003;,GPU-1c734bb9-241d-d316-e881-5d070a9a1425:315.796;GPU-2deeb77e-df41-879f-7601-d6296d16a8ff:257.78;GPU-3a4be627-e52a-042d-9cd5-5c1377c672da:315.039;GPU-5118acb4-22bd-f74f-ea1f-2c8cfe790a1d:305.993;GPU-a27c88e4-e53e-7d6a-3abd-07b141b57ce6:312.687;GPU-a2848da1-0f8a-a8cf-c763-0ef502d06fec:307.435;GPU-da4fcc29-b899-580b-92b6-f0cb14f70f21:315.252;GPU-e7cda51a-7d52-6ed3-329d-5434ddea4232:287.869;,GPU-1c734bb9-241d-d316-e881-5d070a9a1425:50512003072;GPU-2deeb77e-df41-879f-7601-d6296d16a8ff:57668534272;GPU-3a4be627-e52a-042d-9cd5-5c1377c672da:50512003072;GPU-5118acb4-22bd-f74f-ea1f-2c8cfe790a1d:50512003072;GPU-a27c88e4-e53e-7d6a-3abd-07b141b57ce6:50512003072;GPU-a2848da1-0f8a-a8cf-c763-0ef502d06fec:50512003072;GPU-da4fcc29-b899-580b-92b6-f0cb14f70f21:49169825792;GPU-e7cda51a-7d52-6ed3-329d-5434ddea4232:24706547712;,GPU-1c734bb9-241d-d316-e881-5d070a9a1425:192265846784;GPU-2deeb77e-df41-879f-7601-d6296d16a8ff:192265846784;GPU-3a4be627-e52a-042d-9cd5-5c1377c672da:192265846784;GPU-5118acb4-22bd-f74f-ea1f-2c8cfe790a1d:192265846784;GPU-a27c88e4-e53e-7d6a-3abd-07b141b57ce6:192265846784;GPU-a2848da1-0f8a-a8cf-c763-0ef502d06fec:192265846784;GPU-da4fcc29-b899-580b-92b6-f0cb14f70f21:192265846784;GPU-e7cda51a-7d52-6ed3-329d-5434ddea4232:192265846784;
,meta-llama,1,,,,33,1.62035,56,844,1636734,32,18410186,70,0,14065178,39510276,40834913,42175259,56,20047859,GPU-1c734bb9-241d-d316-e881-5d070a9a1425:0.501682;GPU-2deeb77e-df41-879f-7601-d6296d16a8ff:0.356836;GPU-3a4be627-e52a-042d-9cd5-5c1377c672da:0.494861;GPU-5118acb4-22bd-f74f-ea1f-2c8cfe790a1d:0.502438;GPU-a27c88e4-e53e-7d6a-3abd-07b141b57ce6:0.495571;GPU-a2848da1-0f8a-a8cf-c763-0ef502d06fec:0.500957;GPU-da4fcc29-b899-580b-92b6-f0cb14f70f21:0.497099;GPU-e7cda51a-7d52-6ed3-329d-5434ddea4232:0.278549;,GPU-1c734bb9-241d-d316-e881-5d070a9a1425:314.28;GPU-2deeb77e-df41-879f-7601-d6296d16a8ff:257.05;GPU-3a4be627-e52a-042d-9cd5-5c1377c672da:313.302;GPU-5118acb4-22bd-f74f-ea1f-2c8cfe790a1d:304.743;GPU-a27c88e4-e53e-7d6a-3abd-07b141b57ce6:311.078;GPU-a2848da1-0f8a-a8cf-c763-0ef502d06fec:306.055;GPU-da4fcc29-b899-580b-92b6-f0cb14f70f21:313.834;GPU-e7cda51a-7d52-6ed3-329d-5434ddea4232:286.816;,GPU-1c734bb9-241d-d316-e881-5d070a9a1425:50512003072;GPU-2deeb77e-df41-879f-7601-d6296d16a8ff:57668534272;GPU-3a4be627-e52a-042d-9cd5-5c1377c672da:50512003072;GPU-5118acb4-22bd-f74f-ea1f-2c8cfe790a1d:50512003072;GPU-a27c88e4-e53e-7d6a-3abd-07b141b57ce6:50512003072;GPU-a2848da1-0f8a-a8cf-c763-0ef502d06fec:50512003072;GPU-da4fcc29-b899-580b-92b6-f0cb14f70f21:49169825792;GPU-e7cda51a-7d52-6ed3-329d-5434ddea4232:24706547712;,GPU-1c734bb9-241d-d316-e881-5d070a9a1425:192265846784;GPU-2deeb77e-df41-879f-7601-d6296d16a8ff:192265846784;GPU-3a4be627-e52a-042d-9cd5-5c1377c672da:192265846784;GPU-5118acb4-22bd-f74f-ea1f-2c8cfe790a1d:192265846784;GPU-a27c88e4-e53e-7d6a-3abd-07b141b57ce6:192265846784;GPU-a2848da1-0f8a-a8cf-c763-0ef502d06fec:192265846784;GPU-da4fcc29-b899-580b-92b6-f0cb14f70f21:192265846784;GPU-e7cda51a-7d52-6ed3-329d-5434ddea4232:192265846784;
,meta-llama,1,,,,17,1.62653,55,820,644283,21,9757824,49,0,6932021,24400990,25327697,31619620,55,10402992,GPU-1c734bb9-241d-d316-e881-5d070a9a1425:0.493503;GPU-2deeb77e-df41-879f-7601-d6296d16a8ff:0.355617;GPU-3a4be627-e52a-042d-9cd5-5c1377c672da:0.486466;GPU-5118acb4-22bd-f74f-ea1f-2c8cfe790a1d:0.504398;GPU-a27c88e4-e53e-7d6a-3abd-07b141b57ce6:0.490694;GPU-a2848da1-0f8a-a8cf-c763-0ef502d06fec:0.498796;GPU-da4fcc29-b899-580b-92b6-f0cb14f70f21:0.489676;GPU-e7cda51a-7d52-6ed3-329d-5434ddea4232:0.280015;,GPU-1c734bb9-241d-d316-e881-5d070a9a1425:313.093;GPU-2deeb77e-df41-879f-7601-d6296d16a8ff:256.559;GPU-3a4be627-e52a-042d-9cd5-5c1377c672da:311.882;GPU-5118acb4-22bd-f74f-ea1f-2c8cfe790a1d:303.29;GPU-a27c88e4-e53e-7d6a-3abd-07b141b57ce6:310.022;GPU-a2848da1-0f8a-a8cf-c763-0ef502d06fec:304.85;GPU-da4fcc29-b899-580b-92b6-f0cb14f70f21:312.342;GPU-e7cda51a-7d52-6ed3-329d-5434ddea4232:285.302;,GPU-1c734bb9-241d-d316-e881-5d070a9a1425:50512003072;GPU-2deeb77e-df41-879f-7601-d6296d16a8ff:57668534272;GPU-3a4be627-e52a-042d-9cd5-5c1377c672da:50512003072;GPU-5118acb4-22bd-f74f-ea1f-2c8cfe790a1d:50512003072;GPU-a27c88e4-e53e-7d6a-3abd-07b141b57ce6:50512003072;GPU-a2848da1-0f8a-a8cf-c763-0ef502d06fec:50512003072;GPU-da4fcc29-b899-580b-92b6-f0cb14f70f21:49169825792;GPU-e7cda51a-7d52-6ed3-329d-5434ddea4232:24706547712;,GPU-1c734bb9-241d-d316-e881-5d070a9a1425:192265846784;GPU-2deeb77e-df41-879f-7601-d6296d16a8ff:192265846784;GPU-3a4be627-e52a-042d-9cd5-5c1377c672da:192265846784;GPU-5118acb4-22bd-f74f-ea1f-2c8cfe790a1d:192265846784;GPU-a27c88e4-e53e-7d6a-3abd-07b141b57ce6:192265846784;GPU-a2848da1-0f8a-a8cf-c763-0ef502d06fec:192265846784;GPU-da4fcc29-b899-580b-92b6-f0cb14f70f21:192265846784;GPU-e7cda51a-7d52-6ed3-329d-5434ddea4232:192265846784;
,meta-llama,1,,,,25,1.63115,53,809,1188063,25,14145557,59,0,11534960,34360378,35627018,37113606,53,15334506,GPU-1c734bb9-241d-d316-e881-5d070a9a1425:0.495309;GPU-2deeb77e-df41-879f-7601-d6296d16a8ff:0.358472;GPU-3a4be627-e52a-042d-9cd5-5c1377c672da:0.497191;GPU-5118acb4-22bd-f74f-ea1f-2c8cfe790a1d:0.510015;GPU-a27c88e4-e53e-7d6a-3abd-07b141b57ce6:0.494969;GPU-a2848da1-0f8a-a8cf-c763-0ef502d06fec:0.502253;GPU-da4fcc29-b899-580b-92b6-f0cb14f70f21:0.496157;GPU-e7cda51a-7d52-6ed3-329d-5434ddea4232:0.279676;,GPU-1c734bb9-241d-d316-e881-5d070a9a1425:313.969;GPU-2deeb77e-df41-879f-7601-d6296d16a8ff:256.978;GPU-3a4be627-e52a-042d-9cd5-5c1377c672da:312.985;GPU-5118acb4-22bd-f74f-ea1f-2c8cfe790a1d:304.292;GPU-a27c88e4-e53e-7d6a-3abd-07b141b57ce6:310.942;GPU-a2848da1-0f8a-a8cf-c763-0ef502d06fec:305.998;GPU-da4fcc29-b899-580b-92b6-f0cb14f70f21:313.385;GPU-e7cda51a-7d52-6ed3-329d-5434ddea4232:286.357;,GPU-1c734bb9-241d-d316-e881-5d070a9a1425:50512003072;GPU-2deeb77e-df41-879f-7601-d6296d16a8ff:57668534272;GPU-3a4be627-e52a-042d-9cd5-5c1377c672da:50512003072;GPU-5118acb4-22bd-f74f-ea1f-2c8cfe790a1d:50512003072;GPU-a27c88e4-e53e-7d6a-3abd-07b141b57ce6:50512003072;GPU-a2848da1-0f8a-a8cf-c763-0ef502d06fec:50512003072;GPU-da4fcc29-b899-580b-92b6-f0cb14f70f21:49169825792;GPU-e7cda51a-7d52-6ed3-329d-5434ddea4232:24706547712;,GPU-1c734bb9-241d-d316-e881-5d070a9a1425:192265846784;GPU-2deeb77e-df41-879f-7601-d6296d16a8ff:192265846784;GPU-3a4be627-e52a-042d-9cd5-5c1377c672da:192265846784;GPU-5118acb4-22bd-f74f-ea1f-2c8cfe790a1d:192265846784;GPU-a27c88e4-e53e-7d6a-3abd-07b141b57ce6:192265846784;GPU-a2848da1-0f8a-a8cf-c763-0ef502d06fec:192265846784;GPU-da4fcc29-b899-580b-92b6-f0cb14f70f21:192265846784;GPU-e7cda51a-7d52-6ed3-329d-5434ddea4232:192265846784;
,meta-llama,1,,,,41,1.65277,58,865,1896632,37,23138695,85,0,25900625,40129989,41260931,44102555,58,25036308,GPU-1c734bb9-241d-d316-e881-5d070a9a1425:0.497238;GPU-2deeb77e-df41-879f-7601-d6296d16a8ff:0.359722;GPU-3a4be627-e52a-042d-9cd5-5c1377c672da:0.487654;GPU-5118acb4-22bd-f74f-ea1f-2c8cfe790a1d:0.504506;GPU-a27c88e4-e53e-7d6a-3abd-07b141b57ce6:0.49375;GPU-a2848da1-0f8a-a8cf-c763-0ef502d06fec:0.501543;GPU-da4fcc29-b899-580b-92b6-f0cb14f70f21:0.493935;GPU-e7cda51a-7d52-6ed3-329d-5434ddea4232:0.28233;,GPU-1c734bb9-241d-d316-e881-5d070a9a1425:315.14;GPU-2deeb77e-df41-879f-7601-d6296d16a8ff:257.518;GPU-3a4be627-e52a-042d-9cd5-5c1377c672da:313.88;GPU-5118acb4-22bd-f74f-ea1f-2c8cfe790a1d:305.32;GPU-a27c88e4-e53e-7d6a-3abd-07b141b57ce6:311.943;GPU-a2848da1-0f8a-a8cf-c763-0ef502d06fec:306.83;GPU-da4fcc29-b899-580b-92b6-f0cb14f70f21:314.732;GPU-e7cda51a-7d52-6ed3-329d-5434ddea4232:286.879;,GPU-1c734bb9-241d-d316-e881-5d070a9a1425:50512003072;GPU-2deeb77e-df41-879f-7601-d6296d16a8ff:57668534272;GPU-3a4be627-e52a-042d-9cd5-5c1377c672da:50512003072;GPU-5118acb4-22bd-f74f-ea1f-2c8cfe790a1d:50512003072;GPU-a27c88e4-e53e-7d6a-3abd-07b141b57ce6:50512003072;GPU-a2848da1-0f8a-a8cf-c763-0ef502d06fec:50512003072;GPU-da4fcc29-b899-580b-92b6-f0cb14f70f21:49169825792;GPU-e7cda51a-7d52-6ed3-329d-5434ddea4232:24706547712;,GPU-1c734bb9-241d-d316-e881-5d070a9a1425:192265846784;GPU-2deeb77e-df41-879f-7601-d6296d16a8ff:192265846784;GPU-3a4be627-e52a-042d-9cd5-5c1377c672da:192265846784;GPU-5118acb4-22bd-f74f-ea1f-2c8cfe790a1d:192265846784;GPU-a27c88e4-e53e-7d6a-3abd-07b141b57ce6:192265846784;GPU-a2848da1-0f8a-a8cf-c763-0ef502d06fec:192265846784;GPU-da4fcc29-b899-580b-92b6-f0cb14f70f21:192265846784;GPU-e7cda51a-7d52-6ed3-329d-5434ddea4232:192265846784;
,meta-llama,1,,,,57,1.65585,64,837,3524481,52,31040361,107,0,34813978,42857092,44522887,48742211,64,34565830,GPU-1c734bb9-241d-d316-e881-5d070a9a1425:0.494136;GPU-2deeb77e-df41-879f-7601-d6296d16a8ff:0.362392;GPU-3a4be627-e52a-042d-9cd5-5c1377c672da:0.500201;GPU-5118acb4-22bd-f74f-ea1f-2c8cfe790a1d:0.513642;GPU-a27c88e4-e53e-7d6a-3abd-07b141b57ce6:0.507886;GPU-a2848da1-0f8a-a8cf-c763-0ef502d06fec:0.504383;GPU-da4fcc29-b899-580b-92b6-f0cb14f70f21:0.489228;GPU-e7cda51a-7d52-6ed3-329d-5434ddea4232:0.284383;,GPU-1c734bb9-241d-d316-e881-5d070a9a1425:314.537;GPU-2deeb77e-df41-879f-7601-d6296d16a8ff:257.029;GPU-3a4be627-e52a-042d-9cd5-5c1377c672da:313.6;GPU-5118acb4-22bd-f74f-ea1f-2c8cfe790a1d:304.487;GPU-a27c88e4-e53e-7d6a-3abd-07b141b57ce6:311.332;GPU-a2848da1-0f8a-a8cf-c763-0ef502d06fec:306.175;GPU-da4fcc29-b899-580b-92b6-f0cb14f70f21:313.756;GPU-e7cda51a-7d52-6ed3-329d-5434ddea4232:286.597;,GPU-1c734bb9-241d-d316-e881-5d070a9a1425:50512003072;GPU-2deeb77e-df41-879f-7601-d6296d16a8ff:57668534272;GPU-3a4be627-e52a-042d-9cd5-5c1377c672da:50512003072;GPU-5118acb4-22bd-f74f-ea1f-2c8cfe790a1d:50512003072;GPU-a27c88e4-e53e-7d6a-3abd-07b141b57ce6:50512003072;GPU-a2848da1-0f8a-a8cf-c763-0ef502d06fec:50512003072;GPU-da4fcc29-b899-580b-92b6-f0cb14f70f21:49169825792;GPU-e7cda51a-7d52-6ed3-329d-5434ddea4232:24706547712;,GPU-1c734bb9-241d-d316-e881-5d070a9a1425:192265846784;GPU-2deeb77e-df41-879f-7601-d6296d16a8ff:192265846784;GPU-3a4be627-e52a-042d-9cd5-5c1377c672da:192265846784;GPU-5118acb4-22bd-f74f-ea1f-2c8cfe790a1d:192265846784;GPU-a27c88e4-e53e-7d6a-3abd-07b141b57ce6:192265846784;GPU-a2848da1-0f8a-a8cf-c763-0ef502d06fec:192265846784;GPU-da4fcc29-b899-580b-92b6-f0cb14f70f21:192265846784;GPU-e7cda51a-7d52-6ed3-329d-5434ddea4232:192265846784;
,meta-llama,8,,,,1,2.93825,54,833,259,21,2717429,42,0,2690606,2818971,2872911,2914693,54,2718577,GPU-1c734bb9-241d-d316-e881-5d070a9a1425:0.0762654;GPU-2deeb77e-df41-879f-7601-d6296d16a8ff:0.0721605;GPU-3a4be627-e52a-042d-9cd5-5c1377c672da:0.0760648;GPU-5118acb4-22bd-f74f-ea1f-2c8cfe790a1d:0.0763117;GPU-a27c88e4-e53e-7d6a-3abd-07b141b57ce6:0.0770216;GPU-a2848da1-0f8a-a8cf-c763-0ef502d06fec:0.0767901;GPU-da4fcc29-b899-580b-92b6-f0cb14f70f21:0.0770216;GPU-e7cda51a-7d52-6ed3-329d-5434ddea4232:0.0415741;,GPU-1c734bb9-241d-d316-e881-5d070a9a1425:261.987;GPU-2deeb77e-df41-879f-7601-d6296d16a8ff:245.681;GPU-3a4be627-e52a-042d-9cd5-5c1377c672da:261.711;GPU-5118acb4-22bd-f74f-ea1f-2c8cfe790a1d:253.901;GPU-a27c88e4-e53e-7d6a-3abd-07b141b57ce6:260.393;GPU-a2848da1-0f8a-a8cf-c763-0ef502d06fec:255.693;GPU-da4fcc29-b899-580b-92b6-f0cb14f70f21:261.503;GPU-e7cda51a-7d52-6ed3-329d-5434ddea4232:253.728;,GPU-1c734bb9-241d-d316-e881-5d070a9a1425:51652853760;GPU-2deeb77e-df41-879f-7601-d6296d16a8ff:58624835584;GPU-3a4be627-e52a-042d-9cd5-5c1377c672da:51652853760;GPU-5118acb4-22bd-f74f-ea1f-2c8cfe790a1d:51652853760;GPU-a27c88e4-e53e-7d6a-3abd-07b141b57ce6:51652853760;GPU-a2848da1-0f8a-a8cf-c763-0ef502d06fec:51652853760;GPU-da4fcc29-b899-580b-92b6-f0cb14f70f21:50310676480;GPU-e7cda51a-7d52-6ed3-329d-5434ddea4232:25662849024;,GPU-1c734bb9-241d-d316-e881-5d070a9a1425:192265846784;GPU-2deeb77e-df41-879f-7601-d6296d16a8ff:192265846784;GPU-3a4be627-e52a-042d-9cd5-5c1377c672da:192265846784;GPU-5118acb4-22bd-f74f-ea1f-2c8cfe790a1d:192265846784;GPU-a27c88e4-e53e-7d6a-3abd-07b141b57ce6:192265846784;GPU-a2848da1-0f8a-a8cf-c763-0ef502d06fec:192265846784;GPU-da4fcc29-b899-580b-92b6-f0cb14f70f21:192265846784;GPU-e7cda51a-7d52-6ed3-329d-5434ddea4232:192265846784;
,meta-llama,8,,,,41,11.432,56,772,22871910,15,5598903,41,0,28670011,29398433,29630518,29907964,56,28471634,GPU-1c734bb9-241d-d316-e881-5d070a9a1425:0.494059;GPU-2deeb77e-df41-879f-7601-d6296d16a8ff:0.376512;GPU-3a4be627-e52a-042d-9cd5-5c1377c672da:0.492022;GPU-5118acb4-22bd-f74f-ea1f-2c8cfe790a1d:0.492114;GPU-a27c88e4-e53e-7d6a-3abd-07b141b57ce6:0.495355;GPU-a2848da1-0f8a-a8cf-c763-0ef502d06fec:0.497608;GPU-da4fcc29-b899-580b-92b6-f0cb14f70f21:0.483117;GPU-e7cda51a-7d52-6ed3-329d-5434ddea4232:0.261497;,GPU-1c734bb9-241d-d316-e881-5d070a9a1425:320.964;GPU-2deeb77e-df41-879f-7601-d6296d16a8ff:263.851;GPU-3a4be627-e52a-042d-9cd5-5c1377c672da:319.527;GPU-5118acb4-22bd-f74f-ea1f-2c8cfe790a1d:310.973;GPU-a27c88e4-e53e-7d6a-3abd-07b141b57ce6:317.381;GPU-a2848da1-0f8a-a8cf-c763-0ef502d06fec:312.277;GPU-da4fcc29-b899-580b-92b6-f0cb14f70f21:320.012;GPU-e7cda51a-7d52-6ed3-329d-5434ddea4232:283.921;,GPU-1c734bb9-241d-d316-e881-5d070a9a1425:51652853760;GPU-2deeb77e-df41-879f-7601-d6296d16a8ff:58624835584;GPU-3a4be627-e52a-042d-9cd5-5c1377c672da:51652853760;GPU-5118acb4-22bd-f74f-ea1f-2c8cfe790a1d:51652853760;GPU-a27c88e4-e53e-7d6a-3abd-07b141b57ce6:51652853760;GPU-a2848da1-0f8a-a8cf-c763-0ef502d06fec:51652853760;GPU-da4fcc29-b899-580b-92b6-f0cb14f70f21:50310676480;GPU-e7cda51a-7d52-6ed3-329d-5434ddea4232:25662849024;,GPU-1c734bb9-241d-d316-e881-5d070a9a1425:192265846784;GPU-2deeb77e-df41-879f-7601-d6296d16a8ff:192265846784;GPU-3a4be627-e52a-042d-9cd5-5c1377c672da:192265846784;GPU-5118acb4-22bd-f74f-ea1f-2c8cfe790a1d:192265846784;GPU-a27c88e4-e53e-7d6a-3abd-07b141b57ce6:192265846784;GPU-a2848da1-0f8a-a8cf-c763-0ef502d06fec:192265846784;GPU-da4fcc29-b899-580b-92b6-f0cb14f70f21:192265846784;GPU-e7cda51a-7d52-6ed3-329d-5434ddea4232:192265846784;
,meta-llama,8,,,,49,11.4567,68,827,28352429,15,5584297,40,0,34152128,35022194,35232573,35628306,68,33937599,GPU-1c734bb9-241d-d316-e881-5d070a9a1425:0.500262;GPU-2deeb77e-df41-879f-7601-d6296d16a8ff:0.379228;GPU-3a4be627-e52a-042d-9cd5-5c1377c672da:0.496682;GPU-5118acb4-22bd-f74f-ea1f-2c8cfe790a1d:0.496127;GPU-a27c88e4-e53e-7d6a-3abd-07b141b57ce6:0.490725;GPU-a2848da1-0f8a-a8cf-c763-0ef502d06fec:0.490571;GPU-da4fcc29-b899-580b-92b6-f0cb14f70f21:0.486682;GPU-e7cda51a-7d52-6ed3-329d-5434ddea4232:0.260216;,GPU-1c734bb9-241d-d316-e881-5d070a9a1425:321.927;GPU-2deeb77e-df41-879f-7601-d6296d16a8ff:264.325;GPU-3a4be627-e52a-042d-9cd5-5c1377c672da:320.771;GPU-5118acb4-22bd-f74f-ea1f-2c8cfe790a1d:311.845;GPU-a27c88e4-e53e-7d6a-3abd-07b141b57ce6:318.689;GPU-a2848da1-0f8a-a8cf-c763-0ef502d06fec:313.596;GPU-da4fcc29-b899-580b-92b6-f0cb14f70f21:321.399;GPU-e7cda51a-7d52-6ed3-329d-5434ddea4232:285.145;,GPU-1c734bb9-241d-d316-e881-5d070a9a1425:51652853760;GPU-2deeb77e-df41-879f-7601-d6296d16a8ff:58624835584;GPU-3a4be627-e52a-042d-9cd5-5c1377c672da:51652853760;GPU-5118acb4-22bd-f74f-ea1f-2c8cfe790a1d:51652853760;GPU-a27c88e4-e53e-7d6a-3abd-07b141b57ce6:51652853760;GPU-a2848da1-0f8a-a8cf-c763-0ef502d06fec:51652853760;GPU-da4fcc29-b899-580b-92b6-f0cb14f70f21:50310676480;GPU-e7cda51a-7d52-6ed3-329d-5434ddea4232:25662849024;,GPU-1c734bb9-241d-d316-e881-5d070a9a1425:192265846784;GPU-2deeb77e-df41-879f-7601-d6296d16a8ff:192265846784;GPU-3a4be627-e52a-042d-9cd5-5c1377c672da:192265846784;GPU-5118acb4-22bd-f74f-ea1f-2c8cfe790a1d:192265846784;GPU-a27c88e4-e53e-7d6a-3abd-07b141b57ce6:192265846784;GPU-a2848da1-0f8a-a8cf-c763-0ef502d06fec:192265846784;GPU-da4fcc29-b899-580b-92b6-f0cb14f70f21:192265846784;GPU-e7cda51a-7d52-6ed3-329d-5434ddea4232:192265846784;
,meta-llama,8,,,,17,11.4567,54,841,6199442,15,5586740,40,0,11729491,12784718,13264040,13645432,54,11787070,GPU-1c734bb9-241d-d316-e881-5d070a9a1425:0.495725;GPU-2deeb77e-df41-879f-7601-d6296d16a8ff:0.373364;GPU-3a4be627-e52a-042d-9cd5-5c1377c672da:0.49375;GPU-5118acb4-22bd-f74f-ea1f-2c8cfe790a1d:0.480448;GPU-a27c88e4-e53e-7d6a-3abd-07b141b57ce6:0.488164;GPU-a2848da1-0f8a-a8cf-c763-0ef502d06fec:0.488117;GPU-da4fcc29-b899-580b-92b6-f0cb14f70f21:0.485787;GPU-e7cda51a-7d52-6ed3-329d-5434ddea4232:0.259552;,GPU-1c734bb9-241d-d316-e881-5d070a9a1425:321.405;GPU-2deeb77e-df41-879f-7601-d6296d16a8ff:263.744;GPU-3a4be627-e52a-042d-9cd5-5c1377c672da:320.033;GPU-5118acb4-22bd-f74f-ea1f-2c8cfe790a1d:310.957;GPU-a27c88e4-e53e-7d6a-3abd-07b141b57ce6:317.766;GPU-a2848da1-0f8a-a8cf-c763-0ef502d06fec:312.409;GPU-da4fcc29-b899-580b-92b6-f0cb14f70f21:320.163;GPU-e7cda51a-7d52-6ed3-329d-5434ddea4232:284.539;,GPU-1c734bb9-241d-d316-e881-5d070a9a1425:51652853760;GPU-2deeb77e-df41-879f-7601-d6296d16a8ff:58624835584;GPU-3a4be627-e52a-042d-9cd5-5c1377c672da:51652853760;GPU-5118acb4-22bd-f74f-ea1f-2c8cfe790a1d:51652853760;GPU-a27c88e4-e53e-7d6a-3abd-07b141b57ce6:51652853760;GPU-a2848da1-0f8a-a8cf-c763-0ef502d06fec:51652853760;GPU-da4fcc29-b899-580b-92b6-f0cb14f70f21:50310676480;GPU-e7cda51a-7d52-6ed3-329d-5434ddea4232:25662849024;,GPU-1c734bb9-241d-d316-e881-5d070a9a1425:192265846784;GPU-2deeb77e-df41-879f-7601-d6296d16a8ff:192265846784;GPU-3a4be627-e52a-042d-9cd5-5c1377c672da:192265846784;GPU-5118acb4-22bd-f74f-ea1f-2c8cfe790a1d:192265846784;GPU-a27c88e4-e53e-7d6a-3abd-07b141b57ce6:192265846784;GPU-a2848da1-0f8a-a8cf-c763-0ef502d06fec:192265846784;GPU-da4fcc29-b899-580b-92b6-f0cb14f70f21:192265846784;GPU-e7cda51a-7d52-6ed3-329d-5434ddea4232:192265846784;
,meta-llama,8,,,,9,11.469,53,831,690455,15,5552019,39,0,5830869,8413786,8867678,9171976,53,6243350,GPU-1c734bb9-241d-d316-e881-5d070a9a1425:0.493765;GPU-2deeb77e-df41-879f-7601-d6296d16a8ff:0.377994;GPU-3a4be627-e52a-042d-9cd5-5c1377c672da:0.497284;GPU-5118acb4-22bd-f74f-ea1f-2c8cfe790a1d:0.488565;GPU-a27c88e4-e53e-7d6a-3abd-07b141b57ce6:0.493426;GPU-a2848da1-0f8a-a8cf-c763-0ef502d06fec:0.49784;GPU-da4fcc29-b899-580b-92b6-f0cb14f70f21:0.484105;GPU-e7cda51a-7d52-6ed3-329d-5434ddea4232:0.262068;,GPU-1c734bb9-241d-d316-e881-5d070a9a1425:321.353;GPU-2deeb77e-df41-879f-7601-d6296d16a8ff:264.065;GPU-3a4be627-e52a-042d-9cd5-5c1377c672da:320.598;GPU-5118acb4-22bd-f74f-ea1f-2c8cfe790a1d:311.759;GPU-a27c88e4-e53e-7d6a-3abd-07b141b57ce6:318.094;GPU-a2848da1-0f8a-a8cf-c763-0ef502d06fec:312.975;GPU-da4fcc29-b899-580b-92b6-f0cb14f70f21:319.953;GPU-e7cda51a-7d52-6ed3-329d-5434ddea4232:284.694;,GPU-1c734bb9-241d-d316-e881-5d070a9a1425:51652853760;GPU-2deeb77e-df41-879f-7601-d6296d16a8ff:58624835584;GPU-3a4be627-e52a-042d-9cd5-5c1377c672da:51652853760;GPU-5118acb4-22bd-f74f-ea1f-2c8cfe790a1d:51652853760;GPU-a27c88e4-e53e-7d6a-3abd-07b141b57ce6:51652853760;GPU-a2848da1-0f8a-a8cf-c763-0ef502d06fec:51652853760;GPU-da4fcc29-b899-580b-92b6-f0cb14f70f21:50310676480;GPU-e7cda51a-7d52-6ed3-329d-5434ddea4232:25662849024;,GPU-1c734bb9-241d-d316-e881-5d070a9a1425:192265846784;GPU-2deeb77e-df41-879f-7601-d6296d16a8ff:192265846784;GPU-3a4be627-e52a-042d-9cd5-5c1377c672da:192265846784;GPU-5118acb4-22bd-f74f-ea1f-2c8cfe790a1d:192265846784;GPU-a27c88e4-e53e-7d6a-3abd-07b141b57ce6:192265846784;GPU-a2848da1-0f8a-a8cf-c763-0ef502d06fec:192265846784;GPU-da4fcc29-b899-580b-92b6-f0cb14f70f21:192265846784;GPU-e7cda51a-7d52-6ed3-329d-5434ddea4232:192265846784;
,meta-llama,8,,,,33,11.4814,55,831,17244088,14,5575190,40,0,22901254,23749633,24107979,24497984,55,22820156,GPU-1c734bb9-241d-d316-e881-5d070a9a1425:0.491898;GPU-2deeb77e-df41-879f-7601-d6296d16a8ff:0.373997;GPU-3a4be627-e52a-042d-9cd5-5c1377c672da:0.487269;GPU-5118acb4-22bd-f74f-ea1f-2c8cfe790a1d:0.486821;GPU-a27c88e4-e53e-7d6a-3abd-07b141b57ce6:0.49034;GPU-a2848da1-0f8a-a8cf-c763-0ef502d06fec:0.494769;GPU-da4fcc29-b899-580b-92b6-f0cb14f70f21:0.496065;GPU-e7cda51a-7d52-6ed3-329d-5434ddea4232:0.262222;,GPU-1c734bb9-241d-d316-e881-5d070a9a1425:320.852;GPU-2deeb77e-df41-879f-7601-d6296d16a8ff:263.806;GPU-3a4be627-e52a-042d-9cd5-5c1377c672da:319.997;GPU-5118acb4-22bd-f74f-ea1f-2c8cfe790a1d:310.951;GPU-a27c88e4-e53e-7d6a-3abd-07b141b57ce6:317.569;GPU-a2848da1-0f8a-a8cf-c763-0ef502d06fec:312.319;GPU-da4fcc29-b899-580b-92b6-f0cb14f70f21:319.798;GPU-e7cda51a-7d52-6ed3-329d-5434ddea4232:284.381;,GPU-1c734bb9-241d-d316-e881-5d070a9a1425:51652853760;GPU-2deeb77e-df41-879f-7601-d6296d16a8ff:58624835584;GPU-3a4be627-e52a-042d-9cd5-5c1377c672da:51652853760;GPU-5118acb4-22bd-f74f-ea1f-2c8cfe790a1d:51652853760;GPU-a27c88e4-e53e-7d6a-3abd-07b141b57ce6:51652853760;GPU-a2848da1-0f8a-a8cf-c763-0ef502d06fec:51652853760;GPU-da4fcc29-b899-580b-92b6-f0cb14f70f21:50310676480;GPU-e7cda51a-7d52-6ed3-329d-5434ddea4232:25662849024;,GPU-1c734bb9-241d-d316-e881-5d070a9a1425:192265846784;GPU-2deeb77e-df41-879f-7601-d6296d16a8ff:192265846784;GPU-3a4be627-e52a-042d-9cd5-5c1377c672da:192265846784;GPU-5118acb4-22bd-f74f-ea1f-2c8cfe790a1d:192265846784;GPU-a27c88e4-e53e-7d6a-3abd-07b141b57ce6:192265846784;GPU-a2848da1-0f8a-a8cf-c763-0ef502d06fec:192265846784;GPU-da4fcc29-b899-580b-92b6-f0cb14f70f21:192265846784;GPU-e7cda51a-7d52-6ed3-329d-5434ddea4232:192265846784;
,meta-llama,8,,,,25,11.4814,53,824,11724900,14,5576566,40,0,17370670,18213045,18394864,18755725,53,17302339,GPU-1c734bb9-241d-d316-e881-5d070a9a1425:0.498333;GPU-2deeb77e-df41-879f-7601-d6296d16a8ff:0.375926;GPU-3a4be627-e52a-042d-9cd5-5c1377c672da:0.495031;GPU-5118acb4-22bd-f74f-ea1f-2c8cfe790a1d:0.488488;GPU-a27c88e4-e53e-7d6a-3abd-07b141b57ce6:0.486605;GPU-a2848da1-0f8a-a8cf-c763-0ef502d06fec:0.492423;GPU-da4fcc29-b899-580b-92b6-f0cb14f70f21:0.494537;GPU-e7cda51a-7d52-6ed3-329d-5434ddea4232:0.259306;,GPU-1c734bb9-241d-d316-e881-5d070a9a1425:320.987;GPU-2deeb77e-df41-879f-7601-d6296d16a8ff:263.655;GPU-3a4be627-e52a-042d-9cd5-5c1377c672da:320.045;GPU-5118acb4-22bd-f74f-ea1f-2c8cfe790a1d:311.008;GPU-a27c88e4-e53e-7d6a-3abd-07b141b57ce6:317.741;GPU-a2848da1-0f8a-a8cf-c763-0ef502d06fec:312.682;GPU-da4fcc29-b899-580b-92b6-f0cb14f70f21:320.111;GPU-e7cda51a-7d52-6ed3-329d-5434ddea4232:284.649;,GPU-1c734bb9-241d-d316-e881-5d070a9a1425:51652853760;GPU-2deeb77e-df41-879f-7601-d6296d16a8ff:58624835584;GPU-3a4be627-e52a-042d-9cd5-5c1377c672da:51652853760;GPU-5118acb4-22bd-f74f-ea1f-2c8cfe790a1d:51652853760;GPU-a27c88e4-e53e-7d6a-3abd-07b141b57ce6:51652853760;GPU-a2848da1-0f8a-a8cf-c763-0ef502d06fec:51652853760;GPU-da4fcc29-b899-580b-92b6-f0cb14f70f21:50310676480;GPU-e7cda51a-7d52-6ed3-329d-5434ddea4232:25662849024;,GPU-1c734bb9-241d-d316-e881-5d070a9a1425:192265846784;GPU-2deeb77e-df41-879f-7601-d6296d16a8ff:192265846784;GPU-3a4be627-e52a-042d-9cd5-5c1377c672da:192265846784;GPU-5118acb4-22bd-f74f-ea1f-2c8cfe790a1d:192265846784;GPU-a27c88e4-e53e-7d6a-3abd-07b141b57ce6:192265846784;GPU-a2848da1-0f8a-a8cf-c763-0ef502d06fec:192265846784;GPU-da4fcc29-b899-580b-92b6-f0cb14f70f21:192265846784;GPU-e7cda51a-7d52-6ed3-329d-5434ddea4232:192265846784;
,meta-llama,8,,,,57,11.506,59,869,33729227,14,5561148,39,0,39487675,40475159,40686353,41125181,59,39291288,GPU-1c734bb9-241d-d316-e881-5d070a9a1425:0.487809;GPU-2deeb77e-df41-879f-7601-d6296d16a8ff:0.37679;GPU-3a4be627-e52a-042d-9cd5-5c1377c672da:0.489969;GPU-5118acb4-22bd-f74f-ea1f-2c8cfe790a1d:0.488627;GPU-a27c88e4-e53e-7d6a-3abd-07b141b57ce6:0.489306;GPU-a2848da1-0f8a-a8cf-c763-0ef502d06fec:0.497762;GPU-da4fcc29-b899-580b-92b6-f0cb14f70f21:0.488565;GPU-e7cda51a-7d52-6ed3-329d-5434ddea4232:0.261728;,GPU-1c734bb9-241d-d316-e881-5d070a9a1425:322.541;GPU-2deeb77e-df41-879f-7601-d6296d16a8ff:264.757;GPU-3a4be627-e52a-042d-9cd5-5c1377c672da:321.438;GPU-5118acb4-22bd-f74f-ea1f-2c8cfe790a1d:312.116;GPU-a27c88e4-e53e-7d6a-3abd-07b141b57ce6:319.133;GPU-a2848da1-0f8a-a8cf-c763-0ef502d06fec:313.826;GPU-da4fcc29-b899-580b-92b6-f0cb14f70f21:321.726;GPU-e7cda51a-7d52-6ed3-329d-5434ddea4232:285.726;,GPU-1c734bb9-241d-d316-e881-5d070a9a1425:51652853760;GPU-2deeb77e-df41-879f-7601-d6296d16a8ff:58624835584;GPU-3a4be627-e52a-042d-9cd5-5c1377c672da:51652853760;GPU-5118acb4-22bd-f74f-ea1f-2c8cfe790a1d:51652853760;GPU-a27c88e4-e53e-7d6a-3abd-07b141b57ce6:51652853760;GPU-a2848da1-0f8a-a8cf-c763-0ef502d06fec:51652853760;GPU-da4fcc29-b899-580b-92b6-f0cb14f70f21:50310676480;GPU-e7cda51a-7d52-6ed3-329d-5434ddea4232:25662849024;,GPU-1c734bb9-241d-d316-e881-5d070a9a1425:192265846784;GPU-2deeb77e-df41-879f-7601-d6296d16a8ff:192265846784;GPU-3a4be627-e52a-042d-9cd5-5c1377c672da:192265846784;GPU-5118acb4-22bd-f74f-ea1f-2c8cfe790a1d:192265846784;GPU-a27c88e4-e53e-7d6a-3abd-07b141b57ce6:192265846784;GPU-a2848da1-0f8a-a8cf-c763-0ef502d06fec:192265846784;GPU-da4fcc29-b899-580b-92b6-f0cb14f70f21:192265846784;GPU-e7cda51a-7d52-6ed3-329d-5434ddea4232:192265846784;
