test,model,batch_size,C23,column 24,column 25,Concurrency,Inferences/Second,Client Send,Network+Server Send/Recv,Server Queue,Server Compute Input, Server Compute Infer,Server Compute Output,Client Recv,p50 latency,p90 latency,p95 latency,p99 latency,request/response,response wait,Avg GPU Utilization,Avg GPU Power Usage,Max GPU Memory Usage,Total GPU Memory
delta,gemma3,8,,,,49,4.72835,97,815,78175657,15,1689550,40,0,82865234,82926129,82945640,83005564,97,79866067,GPU-1c734bb9-241d-d316-e881-5d070a9a1425:0;GPU-2deeb77e-df41-879f-7601-d6296d16a8ff:0.644398;GPU-3a4be627-e52a-042d-9cd5-5c1377c672da:0;GPU-5118acb4-22bd-f74f-ea1f-2c8cfe790a1d:0;GPU-a27c88e4-e53e-7d6a-3abd-07b141b57ce6:0;GPU-a2848da1-0f8a-a8cf-c763-0ef502d06fec:0;GPU-da4fcc29-b899-580b-92b6-f0cb14f70f21:0;GPU-e7cda51a-7d52-6ed3-329d-5434ddea4232:0;,GPU-1c734bb9-241d-d316-e881-5d070a9a1425:192.669;GPU-2deeb77e-df41-879f-7601-d6296d16a8ff:319.432;GPU-3a4be627-e52a-042d-9cd5-5c1377c672da:193.414;GPU-5118acb4-22bd-f74f-ea1f-2c8cfe790a1d:188.506;GPU-a27c88e4-e53e-7d6a-3abd-07b141b57ce6:194.009;GPU-a2848da1-0f8a-a8cf-c763-0ef502d06fec:190.448;GPU-da4fcc29-b899-580b-92b6-f0cb14f70f21:191.924;GPU-e7cda51a-7d52-6ed3-329d-5434ddea4232:192.881;,GPU-1c734bb9-241d-d316-e881-5d070a9a1425:46149926912;GPU-2deeb77e-df41-879f-7601-d6296d16a8ff:53052702720;GPU-3a4be627-e52a-042d-9cd5-5c1377c672da:46149926912;GPU-5118acb4-22bd-f74f-ea1f-2c8cfe790a1d:46149926912;GPU-a27c88e4-e53e-7d6a-3abd-07b141b57ce6:46149926912;GPU-a2848da1-0f8a-a8cf-c763-0ef502d06fec:46149926912;GPU-da4fcc29-b899-580b-92b6-f0cb14f70f21:44807749632;GPU-e7cda51a-7d52-6ed3-329d-5434ddea4232:23131586560;,GPU-1c734bb9-241d-d316-e881-5d070a9a1425:192265846784;GPU-2deeb77e-df41-879f-7601-d6296d16a8ff:192265846784;GPU-3a4be627-e52a-042d-9cd5-5c1377c672da:192265846784;GPU-5118acb4-22bd-f74f-ea1f-2c8cfe790a1d:192265846784;GPU-a27c88e4-e53e-7d6a-3abd-07b141b57ce6:192265846784;GPU-a2848da1-0f8a-a8cf-c763-0ef502d06fec:192265846784;GPU-da4fcc29-b899-580b-92b6-f0cb14f70f21:192265846784;GPU-e7cda51a-7d52-6ed3-329d-5434ddea4232:192265846784;
delta,gemma3,8,,,,113,4.74062,322,815,181336812,24,1684445,42,0,190207901,190610104,190633133,190660489,322,183022130,GPU-1c734bb9-241d-d316-e881-5d070a9a1425:0;GPU-2deeb77e-df41-879f-7601-d6296d16a8ff:0.642407;GPU-3a4be627-e52a-042d-9cd5-5c1377c672da:0;GPU-5118acb4-22bd-f74f-ea1f-2c8cfe790a1d:0;GPU-a27c88e4-e53e-7d6a-3abd-07b141b57ce6:0;GPU-a2848da1-0f8a-a8cf-c763-0ef502d06fec:0;GPU-da4fcc29-b899-580b-92b6-f0cb14f70f21:0;GPU-e7cda51a-7d52-6ed3-329d-5434ddea4232:0;,GPU-1c734bb9-241d-d316-e881-5d070a9a1425:192.549;GPU-2deeb77e-df41-879f-7601-d6296d16a8ff:320.266;GPU-3a4be627-e52a-042d-9cd5-5c1377c672da:193.311;GPU-5118acb4-22bd-f74f-ea1f-2c8cfe790a1d:188.34;GPU-a27c88e4-e53e-7d6a-3abd-07b141b57ce6:193.93;GPU-a2848da1-0f8a-a8cf-c763-0ef502d06fec:190.359;GPU-da4fcc29-b899-580b-92b6-f0cb14f70f21:191.828;GPU-e7cda51a-7d52-6ed3-329d-5434ddea4232:192.807;,GPU-1c734bb9-241d-d316-e881-5d070a9a1425:46149926912;GPU-2deeb77e-df41-879f-7601-d6296d16a8ff:53052702720;GPU-3a4be627-e52a-042d-9cd5-5c1377c672da:46149926912;GPU-5118acb4-22bd-f74f-ea1f-2c8cfe790a1d:46149926912;GPU-a27c88e4-e53e-7d6a-3abd-07b141b57ce6:46149926912;GPU-a2848da1-0f8a-a8cf-c763-0ef502d06fec:46149926912;GPU-da4fcc29-b899-580b-92b6-f0cb14f70f21:44807749632;GPU-e7cda51a-7d52-6ed3-329d-5434ddea4232:23131586560;,GPU-1c734bb9-241d-d316-e881-5d070a9a1425:192265846784;GPU-2deeb77e-df41-879f-7601-d6296d16a8ff:192265846784;GPU-3a4be627-e52a-042d-9cd5-5c1377c672da:192265846784;GPU-5118acb4-22bd-f74f-ea1f-2c8cfe790a1d:192265846784;GPU-a27c88e4-e53e-7d6a-3abd-07b141b57ce6:192265846784;GPU-a2848da1-0f8a-a8cf-c763-0ef502d06fec:192265846784;GPU-da4fcc29-b899-580b-92b6-f0cb14f70f21:192265846784;GPU-e7cda51a-7d52-6ed3-329d-5434ddea4232:192265846784;
delta,gemma3,8,,,,97,4.74064,72,1158,155764187,20,1686358,41,0,163534784,163971635,163980502,164012220,72,157451755,GPU-1c734bb9-241d-d316-e881-5d070a9a1425:0;GPU-2deeb77e-df41-879f-7601-d6296d16a8ff:0.644907;GPU-3a4be627-e52a-042d-9cd5-5c1377c672da:0;GPU-5118acb4-22bd-f74f-ea1f-2c8cfe790a1d:0;GPU-a27c88e4-e53e-7d6a-3abd-07b141b57ce6:0;GPU-a2848da1-0f8a-a8cf-c763-0ef502d06fec:0;GPU-da4fcc29-b899-580b-92b6-f0cb14f70f21:0;GPU-e7cda51a-7d52-6ed3-329d-5434ddea4232:0;,GPU-1c734bb9-241d-d316-e881-5d070a9a1425:192.563;GPU-2deeb77e-df41-879f-7601-d6296d16a8ff:320.123;GPU-3a4be627-e52a-042d-9cd5-5c1377c672da:193.337;GPU-5118acb4-22bd-f74f-ea1f-2c8cfe790a1d:188.328;GPU-a27c88e4-e53e-7d6a-3abd-07b141b57ce6:193.952;GPU-a2848da1-0f8a-a8cf-c763-0ef502d06fec:190.383;GPU-da4fcc29-b899-580b-92b6-f0cb14f70f21:191.866;GPU-e7cda51a-7d52-6ed3-329d-5434ddea4232:192.865;,GPU-1c734bb9-241d-d316-e881-5d070a9a1425:46149926912;GPU-2deeb77e-df41-879f-7601-d6296d16a8ff:53052702720;GPU-3a4be627-e52a-042d-9cd5-5c1377c672da:46149926912;GPU-5118acb4-22bd-f74f-ea1f-2c8cfe790a1d:46149926912;GPU-a27c88e4-e53e-7d6a-3abd-07b141b57ce6:46149926912;GPU-a2848da1-0f8a-a8cf-c763-0ef502d06fec:46149926912;GPU-da4fcc29-b899-580b-92b6-f0cb14f70f21:44807749632;GPU-e7cda51a-7d52-6ed3-329d-5434ddea4232:23131586560;,GPU-1c734bb9-241d-d316-e881-5d070a9a1425:192265846784;GPU-2deeb77e-df41-879f-7601-d6296d16a8ff:192265846784;GPU-3a4be627-e52a-042d-9cd5-5c1377c672da:192265846784;GPU-5118acb4-22bd-f74f-ea1f-2c8cfe790a1d:192265846784;GPU-a27c88e4-e53e-7d6a-3abd-07b141b57ce6:192265846784;GPU-a2848da1-0f8a-a8cf-c763-0ef502d06fec:192265846784;GPU-da4fcc29-b899-580b-92b6-f0cb14f70f21:192265846784;GPU-e7cda51a-7d52-6ed3-329d-5434ddea4232:192265846784;
delta,gemma3,8,,,,65,4.74069,79,831,103994410,14,1687099,39,0,109696595,109814844,109820474,109842098,79,105682382,GPU-1c734bb9-241d-d316-e881-5d070a9a1425:0;GPU-2deeb77e-df41-879f-7601-d6296d16a8ff:0.647099;GPU-3a4be627-e52a-042d-9cd5-5c1377c672da:0;GPU-5118acb4-22bd-f74f-ea1f-2c8cfe790a1d:0;GPU-a27c88e4-e53e-7d6a-3abd-07b141b57ce6:0;GPU-a2848da1-0f8a-a8cf-c763-0ef502d06fec:0;GPU-da4fcc29-b899-580b-92b6-f0cb14f70f21:0;GPU-e7cda51a-7d52-6ed3-329d-5434ddea4232:0;,GPU-1c734bb9-241d-d316-e881-5d070a9a1425:192.798;GPU-2deeb77e-df41-879f-7601-d6296d16a8ff:320.067;GPU-3a4be627-e52a-042d-9cd5-5c1377c672da:193.516;GPU-5118acb4-22bd-f74f-ea1f-2c8cfe790a1d:188.588;GPU-a27c88e4-e53e-7d6a-3abd-07b141b57ce6:194.098;GPU-a2848da1-0f8a-a8cf-c763-0ef502d06fec:190.569;GPU-da4fcc29-b899-580b-92b6-f0cb14f70f21:192.014;GPU-e7cda51a-7d52-6ed3-329d-5434ddea4232:193.021;,GPU-1c734bb9-241d-d316-e881-5d070a9a1425:46149926912;GPU-2deeb77e-df41-879f-7601-d6296d16a8ff:53052702720;GPU-3a4be627-e52a-042d-9cd5-5c1377c672da:46149926912;GPU-5118acb4-22bd-f74f-ea1f-2c8cfe790a1d:46149926912;GPU-a27c88e4-e53e-7d6a-3abd-07b141b57ce6:46149926912;GPU-a2848da1-0f8a-a8cf-c763-0ef502d06fec:46149926912;GPU-da4fcc29-b899-580b-92b6-f0cb14f70f21:44807749632;GPU-e7cda51a-7d52-6ed3-329d-5434ddea4232:23131586560;,GPU-1c734bb9-241d-d316-e881-5d070a9a1425:192265846784;GPU-2deeb77e-df41-879f-7601-d6296d16a8ff:192265846784;GPU-3a4be627-e52a-042d-9cd5-5c1377c672da:192265846784;GPU-5118acb4-22bd-f74f-ea1f-2c8cfe790a1d:192265846784;GPU-a27c88e4-e53e-7d6a-3abd-07b141b57ce6:192265846784;GPU-a2848da1-0f8a-a8cf-c763-0ef502d06fec:192265846784;GPU-da4fcc29-b899-580b-92b6-f0cb14f70f21:192265846784;GPU-e7cda51a-7d52-6ed3-329d-5434ddea4232:192265846784;
delta,gemma3,8,,,,81,4.7407,82,813,129976665,20,1689798,42,0,136745431,137246348,137260362,137280812,82,131667330,GPU-1c734bb9-241d-d316-e881-5d070a9a1425:0;GPU-2deeb77e-df41-879f-7601-d6296d16a8ff:0.642793;GPU-3a4be627-e52a-042d-9cd5-5c1377c672da:0;GPU-5118acb4-22bd-f74f-ea1f-2c8cfe790a1d:0;GPU-a27c88e4-e53e-7d6a-3abd-07b141b57ce6:0;GPU-a2848da1-0f8a-a8cf-c763-0ef502d06fec:0;GPU-da4fcc29-b899-580b-92b6-f0cb14f70f21:0;GPU-e7cda51a-7d52-6ed3-329d-5434ddea4232:0;,GPU-1c734bb9-241d-d316-e881-5d070a9a1425:192.817;GPU-2deeb77e-df41-879f-7601-d6296d16a8ff:319.859;GPU-3a4be627-e52a-042d-9cd5-5c1377c672da:193.552;GPU-5118acb4-22bd-f74f-ea1f-2c8cfe790a1d:188.57;GPU-a27c88e4-e53e-7d6a-3abd-07b141b57ce6:194.114;GPU-a2848da1-0f8a-a8cf-c763-0ef502d06fec:190.57;GPU-da4fcc29-b899-580b-92b6-f0cb14f70f21:192.024;GPU-e7cda51a-7d52-6ed3-329d-5434ddea4232:193.019;,GPU-1c734bb9-241d-d316-e881-5d070a9a1425:46149926912;GPU-2deeb77e-df41-879f-7601-d6296d16a8ff:53052702720;GPU-3a4be627-e52a-042d-9cd5-5c1377c672da:46149926912;GPU-5118acb4-22bd-f74f-ea1f-2c8cfe790a1d:46149926912;GPU-a27c88e4-e53e-7d6a-3abd-07b141b57ce6:46149926912;GPU-a2848da1-0f8a-a8cf-c763-0ef502d06fec:46149926912;GPU-da4fcc29-b899-580b-92b6-f0cb14f70f21:44807749632;GPU-e7cda51a-7d52-6ed3-329d-5434ddea4232:23131586560;,GPU-1c734bb9-241d-d316-e881-5d070a9a1425:192265846784;GPU-2deeb77e-df41-879f-7601-d6296d16a8ff:192265846784;GPU-3a4be627-e52a-042d-9cd5-5c1377c672da:192265846784;GPU-5118acb4-22bd-f74f-ea1f-2c8cfe790a1d:192265846784;GPU-a27c88e4-e53e-7d6a-3abd-07b141b57ce6:192265846784;GPU-a2848da1-0f8a-a8cf-c763-0ef502d06fec:192265846784;GPU-da4fcc29-b899-580b-92b6-f0cb14f70f21:192265846784;GPU-e7cda51a-7d52-6ed3-329d-5434ddea4232:192265846784;
delta,gemma3,8,,,,1,4.77773,50,812,261,17,1675297,37,0,1671140,1674459,1675107,2196721,50,1676417,GPU-1c734bb9-241d-d316-e881-5d070a9a1425:0;GPU-2deeb77e-df41-879f-7601-d6296d16a8ff:0.650077;GPU-3a4be627-e52a-042d-9cd5-5c1377c672da:0;GPU-5118acb4-22bd-f74f-ea1f-2c8cfe790a1d:0;GPU-a27c88e4-e53e-7d6a-3abd-07b141b57ce6:0;GPU-a2848da1-0f8a-a8cf-c763-0ef502d06fec:0;GPU-da4fcc29-b899-580b-92b6-f0cb14f70f21:0;GPU-e7cda51a-7d52-6ed3-329d-5434ddea4232:0;,GPU-1c734bb9-241d-d316-e881-5d070a9a1425:192.225;GPU-2deeb77e-df41-879f-7601-d6296d16a8ff:320.856;GPU-3a4be627-e52a-042d-9cd5-5c1377c672da:192.964;GPU-5118acb4-22bd-f74f-ea1f-2c8cfe790a1d:188.011;GPU-a27c88e4-e53e-7d6a-3abd-07b141b57ce6:193.635;GPU-a2848da1-0f8a-a8cf-c763-0ef502d06fec:190.175;GPU-da4fcc29-b899-580b-92b6-f0cb14f70f21:191.876;GPU-e7cda51a-7d52-6ed3-329d-5434ddea4232:192.504;,GPU-1c734bb9-241d-d316-e881-5d070a9a1425:46149926912;GPU-2deeb77e-df41-879f-7601-d6296d16a8ff:53052702720;GPU-3a4be627-e52a-042d-9cd5-5c1377c672da:46149926912;GPU-5118acb4-22bd-f74f-ea1f-2c8cfe790a1d:46149926912;GPU-a27c88e4-e53e-7d6a-3abd-07b141b57ce6:46149926912;GPU-a2848da1-0f8a-a8cf-c763-0ef502d06fec:46149926912;GPU-da4fcc29-b899-580b-92b6-f0cb14f70f21:44807749632;GPU-e7cda51a-7d52-6ed3-329d-5434ddea4232:23131586560;,GPU-1c734bb9-241d-d316-e881-5d070a9a1425:192265846784;GPU-2deeb77e-df41-879f-7601-d6296d16a8ff:192265846784;GPU-3a4be627-e52a-042d-9cd5-5c1377c672da:192265846784;GPU-5118acb4-22bd-f74f-ea1f-2c8cfe790a1d:192265846784;GPU-a27c88e4-e53e-7d6a-3abd-07b141b57ce6:192265846784;GPU-a2848da1-0f8a-a8cf-c763-0ef502d06fec:192265846784;GPU-da4fcc29-b899-580b-92b6-f0cb14f70f21:192265846784;GPU-e7cda51a-7d52-6ed3-329d-5434ddea4232:192265846784;
delta,gemma3,8,,,,17,4.79009,61,780,26091103,22,1668568,39,0,28268541,28731452,28760003,28785845,61,27760503,GPU-1c734bb9-241d-d316-e881-5d070a9a1425:0;GPU-2deeb77e-df41-879f-7601-d6296d16a8ff:0.65159;GPU-3a4be627-e52a-042d-9cd5-5c1377c672da:0;GPU-5118acb4-22bd-f74f-ea1f-2c8cfe790a1d:0;GPU-a27c88e4-e53e-7d6a-3abd-07b141b57ce6:0;GPU-a2848da1-0f8a-a8cf-c763-0ef502d06fec:0;GPU-da4fcc29-b899-580b-92b6-f0cb14f70f21:0;GPU-e7cda51a-7d52-6ed3-329d-5434ddea4232:0;,GPU-1c734bb9-241d-d316-e881-5d070a9a1425:192.136;GPU-2deeb77e-df41-879f-7601-d6296d16a8ff:321.125;GPU-3a4be627-e52a-042d-9cd5-5c1377c672da:192.916;GPU-5118acb4-22bd-f74f-ea1f-2c8cfe790a1d:188.053;GPU-a27c88e4-e53e-7d6a-3abd-07b141b57ce6:193.611;GPU-a2848da1-0f8a-a8cf-c763-0ef502d06fec:190.117;GPU-da4fcc29-b899-580b-92b6-f0cb14f70f21:191.799;GPU-e7cda51a-7d52-6ed3-329d-5434ddea4232:192.436;,GPU-1c734bb9-241d-d316-e881-5d070a9a1425:46149926912;GPU-2deeb77e-df41-879f-7601-d6296d16a8ff:53052702720;GPU-3a4be627-e52a-042d-9cd5-5c1377c672da:46149926912;GPU-5118acb4-22bd-f74f-ea1f-2c8cfe790a1d:46149926912;GPU-a27c88e4-e53e-7d6a-3abd-07b141b57ce6:46149926912;GPU-a2848da1-0f8a-a8cf-c763-0ef502d06fec:46149926912;GPU-da4fcc29-b899-580b-92b6-f0cb14f70f21:44807749632;GPU-e7cda51a-7d52-6ed3-329d-5434ddea4232:23131586560;,GPU-1c734bb9-241d-d316-e881-5d070a9a1425:192265846784;GPU-2deeb77e-df41-879f-7601-d6296d16a8ff:192265846784;GPU-3a4be627-e52a-042d-9cd5-5c1377c672da:192265846784;GPU-5118acb4-22bd-f74f-ea1f-2c8cfe790a1d:192265846784;GPU-a27c88e4-e53e-7d6a-3abd-07b141b57ce6:192265846784;GPU-a2848da1-0f8a-a8cf-c763-0ef502d06fec:192265846784;GPU-da4fcc29-b899-580b-92b6-f0cb14f70f21:192265846784;GPU-e7cda51a-7d52-6ed3-329d-5434ddea4232:192265846784;
delta,gemma3,8,,,,33,4.80242,60,828,51664077,21,1668251,41,0,54897523,55351201,55373734,55411670,60,53333209,GPU-1c734bb9-241d-d316-e881-5d070a9a1425:0;GPU-2deeb77e-df41-879f-7601-d6296d16a8ff:0.651744;GPU-3a4be627-e52a-042d-9cd5-5c1377c672da:0;GPU-5118acb4-22bd-f74f-ea1f-2c8cfe790a1d:0;GPU-a27c88e4-e53e-7d6a-3abd-07b141b57ce6:0;GPU-a2848da1-0f8a-a8cf-c763-0ef502d06fec:0;GPU-da4fcc29-b899-580b-92b6-f0cb14f70f21:0;GPU-e7cda51a-7d52-6ed3-329d-5434ddea4232:0;,GPU-1c734bb9-241d-d316-e881-5d070a9a1425:192.497;GPU-2deeb77e-df41-879f-7601-d6296d16a8ff:321.468;GPU-3a4be627-e52a-042d-9cd5-5c1377c672da:193.276;GPU-5118acb4-22bd-f74f-ea1f-2c8cfe790a1d:188.442;GPU-a27c88e4-e53e-7d6a-3abd-07b141b57ce6:193.86;GPU-a2848da1-0f8a-a8cf-c763-0ef502d06fec:190.305;GPU-da4fcc29-b899-580b-92b6-f0cb14f70f21:191.913;GPU-e7cda51a-7d52-6ed3-329d-5434ddea4232:192.669;,GPU-1c734bb9-241d-d316-e881-5d070a9a1425:46149926912;GPU-2deeb77e-df41-879f-7601-d6296d16a8ff:53052702720;GPU-3a4be627-e52a-042d-9cd5-5c1377c672da:46149926912;GPU-5118acb4-22bd-f74f-ea1f-2c8cfe790a1d:46149926912;GPU-a27c88e4-e53e-7d6a-3abd-07b141b57ce6:46149926912;GPU-a2848da1-0f8a-a8cf-c763-0ef502d06fec:46149926912;GPU-da4fcc29-b899-580b-92b6-f0cb14f70f21:44807749632;GPU-e7cda51a-7d52-6ed3-329d-5434ddea4232:23131586560;,GPU-1c734bb9-241d-d316-e881-5d070a9a1425:192265846784;GPU-2deeb77e-df41-879f-7601-d6296d16a8ff:192265846784;GPU-3a4be627-e52a-042d-9cd5-5c1377c672da:192265846784;GPU-5118acb4-22bd-f74f-ea1f-2c8cfe790a1d:192265846784;GPU-a27c88e4-e53e-7d6a-3abd-07b141b57ce6:192265846784;GPU-a2848da1-0f8a-a8cf-c763-0ef502d06fec:192265846784;GPU-da4fcc29-b899-580b-92b6-f0cb14f70f21:192265846784;GPU-e7cda51a-7d52-6ed3-329d-5434ddea4232:192265846784;
delta,meta-llama,8,,,,1,2.98762,55,781,271,17,2677989,38,0,2672477,2730204,2750173,2788250,55,2679090,GPU-1c734bb9-241d-d316-e881-5d070a9a1425:0.0777469;GPU-2deeb77e-df41-879f-7601-d6296d16a8ff:0.0740586;GPU-3a4be627-e52a-042d-9cd5-5c1377c672da:0.0778549;GPU-5118acb4-22bd-f74f-ea1f-2c8cfe790a1d:0.0777315;GPU-a27c88e4-e53e-7d6a-3abd-07b141b57ce6:0.0786883;GPU-a2848da1-0f8a-a8cf-c763-0ef502d06fec:0.077716;GPU-da4fcc29-b899-580b-92b6-f0cb14f70f21:0.0781636;GPU-e7cda51a-7d52-6ed3-329d-5434ddea4232:0.0411111;,GPU-1c734bb9-241d-d316-e881-5d070a9a1425:263.641;GPU-2deeb77e-df41-879f-7601-d6296d16a8ff:247.125;GPU-3a4be627-e52a-042d-9cd5-5c1377c672da:263.742;GPU-5118acb4-22bd-f74f-ea1f-2c8cfe790a1d:255.367;GPU-a27c88e4-e53e-7d6a-3abd-07b141b57ce6:262.147;GPU-a2848da1-0f8a-a8cf-c763-0ef502d06fec:257.546;GPU-da4fcc29-b899-580b-92b6-f0cb14f70f21:263.307;GPU-e7cda51a-7d52-6ed3-329d-5434ddea4232:255.798;,GPU-1c734bb9-241d-d316-e881-5d070a9a1425:51250200576;GPU-2deeb77e-df41-879f-7601-d6296d16a8ff:58387857408;GPU-3a4be627-e52a-042d-9cd5-5c1377c672da:51250200576;GPU-5118acb4-22bd-f74f-ea1f-2c8cfe790a1d:51250200576;GPU-a27c88e4-e53e-7d6a-3abd-07b141b57ce6:51250200576;GPU-a2848da1-0f8a-a8cf-c763-0ef502d06fec:51250200576;GPU-da4fcc29-b899-580b-92b6-f0cb14f70f21:50025463808;GPU-e7cda51a-7d52-6ed3-329d-5434ddea4232:25748832256;,GPU-1c734bb9-241d-d316-e881-5d070a9a1425:192265846784;GPU-2deeb77e-df41-879f-7601-d6296d16a8ff:192265846784;GPU-3a4be627-e52a-042d-9cd5-5c1377c672da:192265846784;GPU-5118acb4-22bd-f74f-ea1f-2c8cfe790a1d:192265846784;GPU-a27c88e4-e53e-7d6a-3abd-07b141b57ce6:192265846784;GPU-a2848da1-0f8a-a8cf-c763-0ef502d06fec:192265846784;GPU-da4fcc29-b899-580b-92b6-f0cb14f70f21:192265846784;GPU-e7cda51a-7d52-6ed3-329d-5434ddea4232:192265846784;
delta,meta-llama,8,,,,17,11.1727,58,823,6364488,15,5714546,38,0,11683506,15054739,15387345,16071811,58,12079902,GPU-1c734bb9-241d-d316-e881-5d070a9a1425:0.491775;GPU-2deeb77e-df41-879f-7601-d6296d16a8ff:0.370571;GPU-3a4be627-e52a-042d-9cd5-5c1377c672da:0.497917;GPU-5118acb4-22bd-f74f-ea1f-2c8cfe790a1d:0.484321;GPU-a27c88e4-e53e-7d6a-3abd-07b141b57ce6:0.489043;GPU-a2848da1-0f8a-a8cf-c763-0ef502d06fec:0.492747;GPU-da4fcc29-b899-580b-92b6-f0cb14f70f21:0.480926;GPU-e7cda51a-7d52-6ed3-329d-5434ddea4232:0.254552;,GPU-1c734bb9-241d-d316-e881-5d070a9a1425:321.77;GPU-2deeb77e-df41-879f-7601-d6296d16a8ff:265.156;GPU-3a4be627-e52a-042d-9cd5-5c1377c672da:320.594;GPU-5118acb4-22bd-f74f-ea1f-2c8cfe790a1d:310.809;GPU-a27c88e4-e53e-7d6a-3abd-07b141b57ce6:318.155;GPU-a2848da1-0f8a-a8cf-c763-0ef502d06fec:313.264;GPU-da4fcc29-b899-580b-92b6-f0cb14f70f21:320.902;GPU-e7cda51a-7d52-6ed3-329d-5434ddea4232:285.837;,GPU-1c734bb9-241d-d316-e881-5d070a9a1425:51250200576;GPU-2deeb77e-df41-879f-7601-d6296d16a8ff:58387857408;GPU-3a4be627-e52a-042d-9cd5-5c1377c672da:51250200576;GPU-5118acb4-22bd-f74f-ea1f-2c8cfe790a1d:51250200576;GPU-a27c88e4-e53e-7d6a-3abd-07b141b57ce6:51250200576;GPU-a2848da1-0f8a-a8cf-c763-0ef502d06fec:51250200576;GPU-da4fcc29-b899-580b-92b6-f0cb14f70f21:50025463808;GPU-e7cda51a-7d52-6ed3-329d-5434ddea4232:25748832256;,GPU-1c734bb9-241d-d316-e881-5d070a9a1425:192265846784;GPU-2deeb77e-df41-879f-7601-d6296d16a8ff:192265846784;GPU-3a4be627-e52a-042d-9cd5-5c1377c672da:192265846784;GPU-5118acb4-22bd-f74f-ea1f-2c8cfe790a1d:192265846784;GPU-a27c88e4-e53e-7d6a-3abd-07b141b57ce6:192265846784;GPU-a2848da1-0f8a-a8cf-c763-0ef502d06fec:192265846784;GPU-da4fcc29-b899-580b-92b6-f0cb14f70f21:192265846784;GPU-e7cda51a-7d52-6ed3-329d-5434ddea4232:192265846784;
delta,meta-llama,8,,,,33,11.1851,58,821,17536644,14,5702004,37,0,23158318,25960552,26564058,27187060,58,23239513,GPU-1c734bb9-241d-d316-e881-5d070a9a1425:0.496574;GPU-2deeb77e-df41-879f-7601-d6296d16a8ff:0.375941;GPU-3a4be627-e52a-042d-9cd5-5c1377c672da:0.499136;GPU-5118acb4-22bd-f74f-ea1f-2c8cfe790a1d:0.490278;GPU-a27c88e4-e53e-7d6a-3abd-07b141b57ce6:0.489753;GPU-a2848da1-0f8a-a8cf-c763-0ef502d06fec:0.494414;GPU-da4fcc29-b899-580b-92b6-f0cb14f70f21:0.490185;GPU-e7cda51a-7d52-6ed3-329d-5434ddea4232:0.259244;,GPU-1c734bb9-241d-d316-e881-5d070a9a1425:321.496;GPU-2deeb77e-df41-879f-7601-d6296d16a8ff:264.563;GPU-3a4be627-e52a-042d-9cd5-5c1377c672da:320.082;GPU-5118acb4-22bd-f74f-ea1f-2c8cfe790a1d:310.366;GPU-a27c88e4-e53e-7d6a-3abd-07b141b57ce6:317.606;GPU-a2848da1-0f8a-a8cf-c763-0ef502d06fec:312.943;GPU-da4fcc29-b899-580b-92b6-f0cb14f70f21:320.529;GPU-e7cda51a-7d52-6ed3-329d-5434ddea4232:285.211;,GPU-1c734bb9-241d-d316-e881-5d070a9a1425:51250200576;GPU-2deeb77e-df41-879f-7601-d6296d16a8ff:58387857408;GPU-3a4be627-e52a-042d-9cd5-5c1377c672da:51250200576;GPU-5118acb4-22bd-f74f-ea1f-2c8cfe790a1d:51250200576;GPU-a27c88e4-e53e-7d6a-3abd-07b141b57ce6:51250200576;GPU-a2848da1-0f8a-a8cf-c763-0ef502d06fec:51250200576;GPU-da4fcc29-b899-580b-92b6-f0cb14f70f21:50025463808;GPU-e7cda51a-7d52-6ed3-329d-5434ddea4232:25748832256;,GPU-1c734bb9-241d-d316-e881-5d070a9a1425:192265846784;GPU-2deeb77e-df41-879f-7601-d6296d16a8ff:192265846784;GPU-3a4be627-e52a-042d-9cd5-5c1377c672da:192265846784;GPU-5118acb4-22bd-f74f-ea1f-2c8cfe790a1d:192265846784;GPU-a27c88e4-e53e-7d6a-3abd-07b141b57ce6:192265846784;GPU-a2848da1-0f8a-a8cf-c763-0ef502d06fec:192265846784;GPU-da4fcc29-b899-580b-92b6-f0cb14f70f21:192265846784;GPU-e7cda51a-7d52-6ed3-329d-5434ddea4232:192265846784;
delta,meta-llama,8,,,,81,11.2468,63,847,51026702,15,5696516,39,0,57462469,58690198,59286238,60285989,63,56724109,GPU-1c734bb9-241d-d316-e881-5d070a9a1425:0.489691;GPU-2deeb77e-df41-879f-7601-d6296d16a8ff:0.368997;GPU-3a4be627-e52a-042d-9cd5-5c1377c672da:0.489336;GPU-5118acb4-22bd-f74f-ea1f-2c8cfe790a1d:0.476281;GPU-a27c88e4-e53e-7d6a-3abd-07b141b57ce6:0.488349;GPU-a2848da1-0f8a-a8cf-c763-0ef502d06fec:0.488318;GPU-da4fcc29-b899-580b-92b6-f0cb14f70f21:0.482022;GPU-e7cda51a-7d52-6ed3-329d-5434ddea4232:0.255015;,GPU-1c734bb9-241d-d316-e881-5d070a9a1425:320.147;GPU-2deeb77e-df41-879f-7601-d6296d16a8ff:264.148;GPU-3a4be627-e52a-042d-9cd5-5c1377c672da:319.398;GPU-5118acb4-22bd-f74f-ea1f-2c8cfe790a1d:310.204;GPU-a27c88e4-e53e-7d6a-3abd-07b141b57ce6:316.897;GPU-a2848da1-0f8a-a8cf-c763-0ef502d06fec:311.745;GPU-da4fcc29-b899-580b-92b6-f0cb14f70f21:319.365;GPU-e7cda51a-7d52-6ed3-329d-5434ddea4232:284.276;,GPU-1c734bb9-241d-d316-e881-5d070a9a1425:51250200576;GPU-2deeb77e-df41-879f-7601-d6296d16a8ff:58387857408;GPU-3a4be627-e52a-042d-9cd5-5c1377c672da:51250200576;GPU-5118acb4-22bd-f74f-ea1f-2c8cfe790a1d:51250200576;GPU-a27c88e4-e53e-7d6a-3abd-07b141b57ce6:51250200576;GPU-a2848da1-0f8a-a8cf-c763-0ef502d06fec:51250200576;GPU-da4fcc29-b899-580b-92b6-f0cb14f70f21:50025463808;GPU-e7cda51a-7d52-6ed3-329d-5434ddea4232:25748832256;,GPU-1c734bb9-241d-d316-e881-5d070a9a1425:192265846784;GPU-2deeb77e-df41-879f-7601-d6296d16a8ff:192265846784;GPU-3a4be627-e52a-042d-9cd5-5c1377c672da:192265846784;GPU-5118acb4-22bd-f74f-ea1f-2c8cfe790a1d:192265846784;GPU-a27c88e4-e53e-7d6a-3abd-07b141b57ce6:192265846784;GPU-a2848da1-0f8a-a8cf-c763-0ef502d06fec:192265846784;GPU-da4fcc29-b899-580b-92b6-f0cb14f70f21:192265846784;GPU-e7cda51a-7d52-6ed3-329d-5434ddea4232:192265846784;
delta,meta-llama,8,,,,49,11.2591,61,788,28581648,15,5685825,37,0,34616907,36291460,36763266,37477678,61,34268305,GPU-1c734bb9-241d-d316-e881-5d070a9a1425:0.489336;GPU-2deeb77e-df41-879f-7601-d6296d16a8ff:0.372654;GPU-3a4be627-e52a-042d-9cd5-5c1377c672da:0.495988;GPU-5118acb4-22bd-f74f-ea1f-2c8cfe790a1d:0.489444;GPU-a27c88e4-e53e-7d6a-3abd-07b141b57ce6:0.488302;GPU-a2848da1-0f8a-a8cf-c763-0ef502d06fec:0.488395;GPU-da4fcc29-b899-580b-92b6-f0cb14f70f21:0.487546;GPU-e7cda51a-7d52-6ed3-329d-5434ddea4232:0.255741;,GPU-1c734bb9-241d-d316-e881-5d070a9a1425:320.492;GPU-2deeb77e-df41-879f-7601-d6296d16a8ff:263.768;GPU-3a4be627-e52a-042d-9cd5-5c1377c672da:319.228;GPU-5118acb4-22bd-f74f-ea1f-2c8cfe790a1d:310.106;GPU-a27c88e4-e53e-7d6a-3abd-07b141b57ce6:316.824;GPU-a2848da1-0f8a-a8cf-c763-0ef502d06fec:311.509;GPU-da4fcc29-b899-580b-92b6-f0cb14f70f21:319.002;GPU-e7cda51a-7d52-6ed3-329d-5434ddea4232:283.694;,GPU-1c734bb9-241d-d316-e881-5d070a9a1425:51250200576;GPU-2deeb77e-df41-879f-7601-d6296d16a8ff:58387857408;GPU-3a4be627-e52a-042d-9cd5-5c1377c672da:51250200576;GPU-5118acb4-22bd-f74f-ea1f-2c8cfe790a1d:51250200576;GPU-a27c88e4-e53e-7d6a-3abd-07b141b57ce6:51250200576;GPU-a2848da1-0f8a-a8cf-c763-0ef502d06fec:51250200576;GPU-da4fcc29-b899-580b-92b6-f0cb14f70f21:50025463808;GPU-e7cda51a-7d52-6ed3-329d-5434ddea4232:25748832256;,GPU-1c734bb9-241d-d316-e881-5d070a9a1425:192265846784;GPU-2deeb77e-df41-879f-7601-d6296d16a8ff:192265846784;GPU-3a4be627-e52a-042d-9cd5-5c1377c672da:192265846784;GPU-5118acb4-22bd-f74f-ea1f-2c8cfe790a1d:192265846784;GPU-a27c88e4-e53e-7d6a-3abd-07b141b57ce6:192265846784;GPU-a2848da1-0f8a-a8cf-c763-0ef502d06fec:192265846784;GPU-da4fcc29-b899-580b-92b6-f0cb14f70f21:192265846784;GPU-e7cda51a-7d52-6ed3-329d-5434ddea4232:192265846784;
delta,meta-llama,8,,,,65,11.2713,86,816,39763360,15,5679235,37,0,45974066,47142199,47410237,48065492,86,45443455,GPU-1c734bb9-241d-d316-e881-5d070a9a1425:0.496605;GPU-2deeb77e-df41-879f-7601-d6296d16a8ff:0.376111;GPU-3a4be627-e52a-042d-9cd5-5c1377c672da:0.485833;GPU-5118acb4-22bd-f74f-ea1f-2c8cfe790a1d:0.489383;GPU-a27c88e4-e53e-7d6a-3abd-07b141b57ce6:0.4925;GPU-a2848da1-0f8a-a8cf-c763-0ef502d06fec:0.49483;GPU-da4fcc29-b899-580b-92b6-f0cb14f70f21:0.484691;GPU-e7cda51a-7d52-6ed3-329d-5434ddea4232:0.259444;,GPU-1c734bb9-241d-d316-e881-5d070a9a1425:320.191;GPU-2deeb77e-df41-879f-7601-d6296d16a8ff:263.734;GPU-3a4be627-e52a-042d-9cd5-5c1377c672da:319.419;GPU-5118acb4-22bd-f74f-ea1f-2c8cfe790a1d:310.155;GPU-a27c88e4-e53e-7d6a-3abd-07b141b57ce6:316.577;GPU-a2848da1-0f8a-a8cf-c763-0ef502d06fec:311.356;GPU-da4fcc29-b899-580b-92b6-f0cb14f70f21:319.139;GPU-e7cda51a-7d52-6ed3-329d-5434ddea4232:283.636;,GPU-1c734bb9-241d-d316-e881-5d070a9a1425:51250200576;GPU-2deeb77e-df41-879f-7601-d6296d16a8ff:58387857408;GPU-3a4be627-e52a-042d-9cd5-5c1377c672da:51250200576;GPU-5118acb4-22bd-f74f-ea1f-2c8cfe790a1d:51250200576;GPU-a27c88e4-e53e-7d6a-3abd-07b141b57ce6:51250200576;GPU-a2848da1-0f8a-a8cf-c763-0ef502d06fec:51250200576;GPU-da4fcc29-b899-580b-92b6-f0cb14f70f21:50025463808;GPU-e7cda51a-7d52-6ed3-329d-5434ddea4232:25748832256;,GPU-1c734bb9-241d-d316-e881-5d070a9a1425:192265846784;GPU-2deeb77e-df41-879f-7601-d6296d16a8ff:192265846784;GPU-3a4be627-e52a-042d-9cd5-5c1377c672da:192265846784;GPU-5118acb4-22bd-f74f-ea1f-2c8cfe790a1d:192265846784;GPU-a27c88e4-e53e-7d6a-3abd-07b141b57ce6:192265846784;GPU-a2848da1-0f8a-a8cf-c763-0ef502d06fec:192265846784;GPU-da4fcc29-b899-580b-92b6-f0cb14f70f21:192265846784;GPU-e7cda51a-7d52-6ed3-329d-5434ddea4232:192265846784;
delta,meta-llama,8,,,,113,11.2837,125,804,73271466,15,5677573,41,0,79632898,81702821,82429884,84077328,125,78949891,GPU-1c734bb9-241d-d316-e881-5d070a9a1425:0.494352;GPU-2deeb77e-df41-879f-7601-d6296d16a8ff:0.373997;GPU-3a4be627-e52a-042d-9cd5-5c1377c672da:0.500494;GPU-5118acb4-22bd-f74f-ea1f-2c8cfe790a1d:0.493457;GPU-a27c88e4-e53e-7d6a-3abd-07b141b57ce6:0.494336;GPU-a2848da1-0f8a-a8cf-c763-0ef502d06fec:0.493395;GPU-da4fcc29-b899-580b-92b6-f0cb14f70f21:0.480216;GPU-e7cda51a-7d52-6ed3-329d-5434ddea4232:0.257793;,GPU-1c734bb9-241d-d316-e881-5d070a9a1425:320.698;GPU-2deeb77e-df41-879f-7601-d6296d16a8ff:264.434;GPU-3a4be627-e52a-042d-9cd5-5c1377c672da:319.871;GPU-5118acb4-22bd-f74f-ea1f-2c8cfe790a1d:311.601;GPU-a27c88e4-e53e-7d6a-3abd-07b141b57ce6:317.246;GPU-a2848da1-0f8a-a8cf-c763-0ef502d06fec:312.09;GPU-da4fcc29-b899-580b-92b6-f0cb14f70f21:320.322;GPU-e7cda51a-7d52-6ed3-329d-5434ddea4232:284.944;,GPU-1c734bb9-241d-d316-e881-5d070a9a1425:51250200576;GPU-2deeb77e-df41-879f-7601-d6296d16a8ff:58387857408;GPU-3a4be627-e52a-042d-9cd5-5c1377c672da:51250200576;GPU-5118acb4-22bd-f74f-ea1f-2c8cfe790a1d:51250200576;GPU-a27c88e4-e53e-7d6a-3abd-07b141b57ce6:51250200576;GPU-a2848da1-0f8a-a8cf-c763-0ef502d06fec:51250200576;GPU-da4fcc29-b899-580b-92b6-f0cb14f70f21:50025463808;GPU-e7cda51a-7d52-6ed3-329d-5434ddea4232:25748832256;,GPU-1c734bb9-241d-d316-e881-5d070a9a1425:192265846784;GPU-2deeb77e-df41-879f-7601-d6296d16a8ff:192265846784;GPU-3a4be627-e52a-042d-9cd5-5c1377c672da:192265846784;GPU-5118acb4-22bd-f74f-ea1f-2c8cfe790a1d:192265846784;GPU-a27c88e4-e53e-7d6a-3abd-07b141b57ce6:192265846784;GPU-a2848da1-0f8a-a8cf-c763-0ef502d06fec:192265846784;GPU-da4fcc29-b899-580b-92b6-f0cb14f70f21:192265846784;GPU-e7cda51a-7d52-6ed3-329d-5434ddea4232:192265846784;
delta,meta-llama,8,,,,97,11.3209,64,770,61863913,15,5658812,39,0,68295410,69830019,70289277,71007263,64,67523541,GPU-1c734bb9-241d-d316-e881-5d070a9a1425:0.491096;GPU-2deeb77e-df41-879f-7601-d6296d16a8ff:0.377253;GPU-3a4be627-e52a-042d-9cd5-5c1377c672da:0.494352;GPU-5118acb4-22bd-f74f-ea1f-2c8cfe790a1d:0.484923;GPU-a27c88e4-e53e-7d6a-3abd-07b141b57ce6:0.496651;GPU-a2848da1-0f8a-a8cf-c763-0ef502d06fec:0.496667;GPU-da4fcc29-b899-580b-92b6-f0cb14f70f21:0.499552;GPU-e7cda51a-7d52-6ed3-329d-5434ddea4232:0.256466;,GPU-1c734bb9-241d-d316-e881-5d070a9a1425:321.648;GPU-2deeb77e-df41-879f-7601-d6296d16a8ff:264.719;GPU-3a4be627-e52a-042d-9cd5-5c1377c672da:320.27;GPU-5118acb4-22bd-f74f-ea1f-2c8cfe790a1d:311.486;GPU-a27c88e4-e53e-7d6a-3abd-07b141b57ce6:317.9;GPU-a2848da1-0f8a-a8cf-c763-0ef502d06fec:312.659;GPU-da4fcc29-b899-580b-92b6-f0cb14f70f21:320.52;GPU-e7cda51a-7d52-6ed3-329d-5434ddea4232:285.272;,GPU-1c734bb9-241d-d316-e881-5d070a9a1425:51250200576;GPU-2deeb77e-df41-879f-7601-d6296d16a8ff:58387857408;GPU-3a4be627-e52a-042d-9cd5-5c1377c672da:51250200576;GPU-5118acb4-22bd-f74f-ea1f-2c8cfe790a1d:51250200576;GPU-a27c88e4-e53e-7d6a-3abd-07b141b57ce6:51250200576;GPU-a2848da1-0f8a-a8cf-c763-0ef502d06fec:51250200576;GPU-da4fcc29-b899-580b-92b6-f0cb14f70f21:50025463808;GPU-e7cda51a-7d52-6ed3-329d-5434ddea4232:25748832256;,GPU-1c734bb9-241d-d316-e881-5d070a9a1425:192265846784;GPU-2deeb77e-df41-879f-7601-d6296d16a8ff:192265846784;GPU-3a4be627-e52a-042d-9cd5-5c1377c672da:192265846784;GPU-5118acb4-22bd-f74f-ea1f-2c8cfe790a1d:192265846784;GPU-a27c88e4-e53e-7d6a-3abd-07b141b57ce6:192265846784;GPU-a2848da1-0f8a-a8cf-c763-0ef502d06fec:192265846784;GPU-da4fcc29-b899-580b-92b6-f0cb14f70f21:192265846784;GPU-e7cda51a-7d52-6ed3-329d-5434ddea4232:192265846784;
delta,mistral,8,,,,1,3.11108,52,746,274,19,2571316,41,0,2558074,2660325,2666739,2684082,52,2572388,GPU-1c734bb9-241d-d316-e881-5d070a9a1425:0.080679;GPU-2deeb77e-df41-879f-7601-d6296d16a8ff:0.0726389;GPU-3a4be627-e52a-042d-9cd5-5c1377c672da:0.0799691;GPU-5118acb4-22bd-f74f-ea1f-2c8cfe790a1d:0.0811883;GPU-a27c88e4-e53e-7d6a-3abd-07b141b57ce6:0.0814352;GPU-a2848da1-0f8a-a8cf-c763-0ef502d06fec:0.0810802;GPU-da4fcc29-b899-580b-92b6-f0cb14f70f21:0.0868056;GPU-e7cda51a-7d52-6ed3-329d-5434ddea4232:0;,GPU-1c734bb9-241d-d316-e881-5d070a9a1425:263.277;GPU-2deeb77e-df41-879f-7601-d6296d16a8ff:252.895;GPU-3a4be627-e52a-042d-9cd5-5c1377c672da:262.955;GPU-5118acb4-22bd-f74f-ea1f-2c8cfe790a1d:255.269;GPU-a27c88e4-e53e-7d6a-3abd-07b141b57ce6:262.081;GPU-a2848da1-0f8a-a8cf-c763-0ef502d06fec:257.217;GPU-da4fcc29-b899-580b-92b6-f0cb14f70f21:260.784;GPU-e7cda51a-7d52-6ed3-329d-5434ddea4232:195.439;,GPU-1c734bb9-241d-d316-e881-5d070a9a1425:48733618176;GPU-2deeb77e-df41-879f-7601-d6296d16a8ff:55854497792;GPU-3a4be627-e52a-042d-9cd5-5c1377c672da:48733618176;GPU-5118acb4-22bd-f74f-ea1f-2c8cfe790a1d:48733618176;GPU-a27c88e4-e53e-7d6a-3abd-07b141b57ce6:48733618176;GPU-a2848da1-0f8a-a8cf-c763-0ef502d06fec:48733618176;GPU-da4fcc29-b899-580b-92b6-f0cb14f70f21:47508881408;GPU-e7cda51a-7d52-6ed3-329d-5434ddea4232:23131586560;,GPU-1c734bb9-241d-d316-e881-5d070a9a1425:192265846784;GPU-2deeb77e-df41-879f-7601-d6296d16a8ff:192265846784;GPU-3a4be627-e52a-042d-9cd5-5c1377c672da:192265846784;GPU-5118acb4-22bd-f74f-ea1f-2c8cfe790a1d:192265846784;GPU-a27c88e4-e53e-7d6a-3abd-07b141b57ce6:192265846784;GPU-a2848da1-0f8a-a8cf-c763-0ef502d06fec:192265846784;GPU-da4fcc29-b899-580b-92b6-f0cb14f70f21:192265846784;GPU-e7cda51a-7d52-6ed3-329d-5434ddea4232:192265846784;
delta,mistral,8,,,,113,14.5181,111,841,57058959,15,4408646,42,0,62116030,63427067,63683800,64003176,111,61468494,GPU-1c734bb9-241d-d316-e881-5d070a9a1425:0.530556;GPU-2deeb77e-df41-879f-7601-d6296d16a8ff:0.452886;GPU-3a4be627-e52a-042d-9cd5-5c1377c672da:0.546651;GPU-5118acb4-22bd-f74f-ea1f-2c8cfe790a1d:0.550062;GPU-a27c88e4-e53e-7d6a-3abd-07b141b57ce6:0.589877;GPU-a2848da1-0f8a-a8cf-c763-0ef502d06fec:0.552593;GPU-da4fcc29-b899-580b-92b6-f0cb14f70f21:0.49466;GPU-e7cda51a-7d52-6ed3-329d-5434ddea4232:0;,GPU-1c734bb9-241d-d316-e881-5d070a9a1425:340.796;GPU-2deeb77e-df41-879f-7601-d6296d16a8ff:298.707;GPU-3a4be627-e52a-042d-9cd5-5c1377c672da:339.984;GPU-5118acb4-22bd-f74f-ea1f-2c8cfe790a1d:330.224;GPU-a27c88e4-e53e-7d6a-3abd-07b141b57ce6:337.818;GPU-a2848da1-0f8a-a8cf-c763-0ef502d06fec:331.981;GPU-da4fcc29-b899-580b-92b6-f0cb14f70f21:328.875;GPU-e7cda51a-7d52-6ed3-329d-5434ddea4232:196.764;,GPU-1c734bb9-241d-d316-e881-5d070a9a1425:48733618176;GPU-2deeb77e-df41-879f-7601-d6296d16a8ff:55854497792;GPU-3a4be627-e52a-042d-9cd5-5c1377c672da:48733618176;GPU-5118acb4-22bd-f74f-ea1f-2c8cfe790a1d:48733618176;GPU-a27c88e4-e53e-7d6a-3abd-07b141b57ce6:48733618176;GPU-a2848da1-0f8a-a8cf-c763-0ef502d06fec:48733618176;GPU-da4fcc29-b899-580b-92b6-f0cb14f70f21:47508881408;GPU-e7cda51a-7d52-6ed3-329d-5434ddea4232:23131586560;,GPU-1c734bb9-241d-d316-e881-5d070a9a1425:192265846784;GPU-2deeb77e-df41-879f-7601-d6296d16a8ff:192265846784;GPU-3a4be627-e52a-042d-9cd5-5c1377c672da:192265846784;GPU-5118acb4-22bd-f74f-ea1f-2c8cfe790a1d:192265846784;GPU-a27c88e4-e53e-7d6a-3abd-07b141b57ce6:192265846784;GPU-a2848da1-0f8a-a8cf-c763-0ef502d06fec:192265846784;GPU-da4fcc29-b899-580b-92b6-f0cb14f70f21:192265846784;GPU-e7cda51a-7d52-6ed3-329d-5434ddea4232:192265846784;
delta,mistral,8,,,,65,14.6044,75,859,30856633,14,4392250,39,0,35407510,37151705,37556843,37980404,75,35249786,GPU-1c734bb9-241d-d316-e881-5d070a9a1425:0.533719;GPU-2deeb77e-df41-879f-7601-d6296d16a8ff:0.451991;GPU-3a4be627-e52a-042d-9cd5-5c1377c672da:0.542423;GPU-5118acb4-22bd-f74f-ea1f-2c8cfe790a1d:0.533179;GPU-a27c88e4-e53e-7d6a-3abd-07b141b57ce6:0.577469;GPU-a2848da1-0f8a-a8cf-c763-0ef502d06fec:0.559954;GPU-da4fcc29-b899-580b-92b6-f0cb14f70f21:0.498966;GPU-e7cda51a-7d52-6ed3-329d-5434ddea4232:0;,GPU-1c734bb9-241d-d316-e881-5d070a9a1425:340.817;GPU-2deeb77e-df41-879f-7601-d6296d16a8ff:298.828;GPU-3a4be627-e52a-042d-9cd5-5c1377c672da:340.256;GPU-5118acb4-22bd-f74f-ea1f-2c8cfe790a1d:330.178;GPU-a27c88e4-e53e-7d6a-3abd-07b141b57ce6:337.772;GPU-a2848da1-0f8a-a8cf-c763-0ef502d06fec:332.366;GPU-da4fcc29-b899-580b-92b6-f0cb14f70f21:329.53;GPU-e7cda51a-7d52-6ed3-329d-5434ddea4232:196.815;,GPU-1c734bb9-241d-d316-e881-5d070a9a1425:48733618176;GPU-2deeb77e-df41-879f-7601-d6296d16a8ff:55854497792;GPU-3a4be627-e52a-042d-9cd5-5c1377c672da:48733618176;GPU-5118acb4-22bd-f74f-ea1f-2c8cfe790a1d:48733618176;GPU-a27c88e4-e53e-7d6a-3abd-07b141b57ce6:48733618176;GPU-a2848da1-0f8a-a8cf-c763-0ef502d06fec:48733618176;GPU-da4fcc29-b899-580b-92b6-f0cb14f70f21:47508881408;GPU-e7cda51a-7d52-6ed3-329d-5434ddea4232:23131586560;,GPU-1c734bb9-241d-d316-e881-5d070a9a1425:192265846784;GPU-2deeb77e-df41-879f-7601-d6296d16a8ff:192265846784;GPU-3a4be627-e52a-042d-9cd5-5c1377c672da:192265846784;GPU-5118acb4-22bd-f74f-ea1f-2c8cfe790a1d:192265846784;GPU-a27c88e4-e53e-7d6a-3abd-07b141b57ce6:192265846784;GPU-a2848da1-0f8a-a8cf-c763-0ef502d06fec:192265846784;GPU-da4fcc29-b899-580b-92b6-f0cb14f70f21:192265846784;GPU-e7cda51a-7d52-6ed3-329d-5434ddea4232:192265846784;
delta,mistral,8,,,,81,14.6048,61,821,39492159,15,4386146,41,0,44186182,45649175,46001285,46641654,61,43879175,GPU-1c734bb9-241d-d316-e881-5d070a9a1425:0.532515;GPU-2deeb77e-df41-879f-7601-d6296d16a8ff:0.457994;GPU-3a4be627-e52a-042d-9cd5-5c1377c672da:0.552963;GPU-5118acb4-22bd-f74f-ea1f-2c8cfe790a1d:0.530386;GPU-a27c88e4-e53e-7d6a-3abd-07b141b57ce6:0.599938;GPU-a2848da1-0f8a-a8cf-c763-0ef502d06fec:0.569769;GPU-da4fcc29-b899-580b-92b6-f0cb14f70f21:0.49929;GPU-e7cda51a-7d52-6ed3-329d-5434ddea4232:0;,GPU-1c734bb9-241d-d316-e881-5d070a9a1425:341.207;GPU-2deeb77e-df41-879f-7601-d6296d16a8ff:299.229;GPU-3a4be627-e52a-042d-9cd5-5c1377c672da:340.743;GPU-5118acb4-22bd-f74f-ea1f-2c8cfe790a1d:330.156;GPU-a27c88e4-e53e-7d6a-3abd-07b141b57ce6:338.307;GPU-a2848da1-0f8a-a8cf-c763-0ef502d06fec:332.837;GPU-da4fcc29-b899-580b-92b6-f0cb14f70f21:329.536;GPU-e7cda51a-7d52-6ed3-329d-5434ddea4232:196.773;,GPU-1c734bb9-241d-d316-e881-5d070a9a1425:48733618176;GPU-2deeb77e-df41-879f-7601-d6296d16a8ff:55854497792;GPU-3a4be627-e52a-042d-9cd5-5c1377c672da:48733618176;GPU-5118acb4-22bd-f74f-ea1f-2c8cfe790a1d:48733618176;GPU-a27c88e4-e53e-7d6a-3abd-07b141b57ce6:48733618176;GPU-a2848da1-0f8a-a8cf-c763-0ef502d06fec:48733618176;GPU-da4fcc29-b899-580b-92b6-f0cb14f70f21:47508881408;GPU-e7cda51a-7d52-6ed3-329d-5434ddea4232:23131586560;,GPU-1c734bb9-241d-d316-e881-5d070a9a1425:192265846784;GPU-2deeb77e-df41-879f-7601-d6296d16a8ff:192265846784;GPU-3a4be627-e52a-042d-9cd5-5c1377c672da:192265846784;GPU-5118acb4-22bd-f74f-ea1f-2c8cfe790a1d:192265846784;GPU-a27c88e4-e53e-7d6a-3abd-07b141b57ce6:192265846784;GPU-a2848da1-0f8a-a8cf-c763-0ef502d06fec:192265846784;GPU-da4fcc29-b899-580b-92b6-f0cb14f70f21:192265846784;GPU-e7cda51a-7d52-6ed3-329d-5434ddea4232:192265846784;
delta,mistral,8,,,,49,14.6295,68,877,22082347,14,4368553,39,0,26421330,28441369,28806203,29308274,68,26451817,GPU-1c734bb9-241d-d316-e881-5d070a9a1425:0.529275;GPU-2deeb77e-df41-879f-7601-d6296d16a8ff:0.456127;GPU-3a4be627-e52a-042d-9cd5-5c1377c672da:0.536975;GPU-5118acb4-22bd-f74f-ea1f-2c8cfe790a1d:0.53858;GPU-a27c88e4-e53e-7d6a-3abd-07b141b57ce6:0.594429;GPU-a2848da1-0f8a-a8cf-c763-0ef502d06fec:0.567191;GPU-da4fcc29-b899-580b-92b6-f0cb14f70f21:0.498657;GPU-e7cda51a-7d52-6ed3-329d-5434ddea4232:0;,GPU-1c734bb9-241d-d316-e881-5d070a9a1425:342.251;GPU-2deeb77e-df41-879f-7601-d6296d16a8ff:299.399;GPU-3a4be627-e52a-042d-9cd5-5c1377c672da:341.112;GPU-5118acb4-22bd-f74f-ea1f-2c8cfe790a1d:331.099;GPU-a27c88e4-e53e-7d6a-3abd-07b141b57ce6:338.405;GPU-a2848da1-0f8a-a8cf-c763-0ef502d06fec:333.373;GPU-da4fcc29-b899-580b-92b6-f0cb14f70f21:330.033;GPU-e7cda51a-7d52-6ed3-329d-5434ddea4232:196.999;,GPU-1c734bb9-241d-d316-e881-5d070a9a1425:48733618176;GPU-2deeb77e-df41-879f-7601-d6296d16a8ff:55854497792;GPU-3a4be627-e52a-042d-9cd5-5c1377c672da:48733618176;GPU-5118acb4-22bd-f74f-ea1f-2c8cfe790a1d:48733618176;GPU-a27c88e4-e53e-7d6a-3abd-07b141b57ce6:48733618176;GPU-a2848da1-0f8a-a8cf-c763-0ef502d06fec:48733618176;GPU-da4fcc29-b899-580b-92b6-f0cb14f70f21:47508881408;GPU-e7cda51a-7d52-6ed3-329d-5434ddea4232:23131586560;,GPU-1c734bb9-241d-d316-e881-5d070a9a1425:192265846784;GPU-2deeb77e-df41-879f-7601-d6296d16a8ff:192265846784;GPU-3a4be627-e52a-042d-9cd5-5c1377c672da:192265846784;GPU-5118acb4-22bd-f74f-ea1f-2c8cfe790a1d:192265846784;GPU-a27c88e4-e53e-7d6a-3abd-07b141b57ce6:192265846784;GPU-a2848da1-0f8a-a8cf-c763-0ef502d06fec:192265846784;GPU-da4fcc29-b899-580b-92b6-f0cb14f70f21:192265846784;GPU-e7cda51a-7d52-6ed3-329d-5434ddea4232:192265846784;
delta,mistral,8,,,,97,14.6295,61,829,47914727,15,4368682,41,0,52779482,54068566,54416799,55036757,61,52284285,GPU-1c734bb9-241d-d316-e881-5d070a9a1425:0.534676;GPU-2deeb77e-df41-879f-7601-d6296d16a8ff:0.45375;GPU-3a4be627-e52a-042d-9cd5-5c1377c672da:0.546235;GPU-5118acb4-22bd-f74f-ea1f-2c8cfe790a1d:0.544769;GPU-a27c88e4-e53e-7d6a-3abd-07b141b57ce6:0.587901;GPU-a2848da1-0f8a-a8cf-c763-0ef502d06fec:0.557809;GPU-da4fcc29-b899-580b-92b6-f0cb14f70f21:0.494398;GPU-e7cda51a-7d52-6ed3-329d-5434ddea4232:0;,GPU-1c734bb9-241d-d316-e881-5d070a9a1425:342.05;GPU-2deeb77e-df41-879f-7601-d6296d16a8ff:299.588;GPU-3a4be627-e52a-042d-9cd5-5c1377c672da:341.095;GPU-5118acb4-22bd-f74f-ea1f-2c8cfe790a1d:330.344;GPU-a27c88e4-e53e-7d6a-3abd-07b141b57ce6:338.737;GPU-a2848da1-0f8a-a8cf-c763-0ef502d06fec:333.141;GPU-da4fcc29-b899-580b-92b6-f0cb14f70f21:329.984;GPU-e7cda51a-7d52-6ed3-329d-5434ddea4232:196.807;,GPU-1c734bb9-241d-d316-e881-5d070a9a1425:48733618176;GPU-2deeb77e-df41-879f-7601-d6296d16a8ff:55854497792;GPU-3a4be627-e52a-042d-9cd5-5c1377c672da:48733618176;GPU-5118acb4-22bd-f74f-ea1f-2c8cfe790a1d:48733618176;GPU-a27c88e4-e53e-7d6a-3abd-07b141b57ce6:48733618176;GPU-a2848da1-0f8a-a8cf-c763-0ef502d06fec:48733618176;GPU-da4fcc29-b899-580b-92b6-f0cb14f70f21:47508881408;GPU-e7cda51a-7d52-6ed3-329d-5434ddea4232:23131586560;,GPU-1c734bb9-241d-d316-e881-5d070a9a1425:192265846784;GPU-2deeb77e-df41-879f-7601-d6296d16a8ff:192265846784;GPU-3a4be627-e52a-042d-9cd5-5c1377c672da:192265846784;GPU-5118acb4-22bd-f74f-ea1f-2c8cfe790a1d:192265846784;GPU-a27c88e4-e53e-7d6a-3abd-07b141b57ce6:192265846784;GPU-a2848da1-0f8a-a8cf-c763-0ef502d06fec:192265846784;GPU-da4fcc29-b899-580b-92b6-f0cb14f70f21:192265846784;GPU-e7cda51a-7d52-6ed3-329d-5434ddea4232:192265846784;
delta,mistral,8,,,,33,14.8146,57,798,13305812,14,4313293,41,0,17435797,19462562,19918271,20350263,57,17619949,GPU-1c734bb9-241d-d316-e881-5d070a9a1425:0.528642;GPU-2deeb77e-df41-879f-7601-d6296d16a8ff:0.462068;GPU-3a4be627-e52a-042d-9cd5-5c1377c672da:0.540139;GPU-5118acb4-22bd-f74f-ea1f-2c8cfe790a1d:0.546049;GPU-a27c88e4-e53e-7d6a-3abd-07b141b57ce6:0.604892;GPU-a2848da1-0f8a-a8cf-c763-0ef502d06fec:0.564259;GPU-da4fcc29-b899-580b-92b6-f0cb14f70f21:0.503457;GPU-e7cda51a-7d52-6ed3-329d-5434ddea4232:0;,GPU-1c734bb9-241d-d316-e881-5d070a9a1425:343.314;GPU-2deeb77e-df41-879f-7601-d6296d16a8ff:300.259;GPU-3a4be627-e52a-042d-9cd5-5c1377c672da:342.105;GPU-5118acb4-22bd-f74f-ea1f-2c8cfe790a1d:332.171;GPU-a27c88e4-e53e-7d6a-3abd-07b141b57ce6:339.729;GPU-a2848da1-0f8a-a8cf-c763-0ef502d06fec:334.215;GPU-da4fcc29-b899-580b-92b6-f0cb14f70f21:331.451;GPU-e7cda51a-7d52-6ed3-329d-5434ddea4232:197.124;,GPU-1c734bb9-241d-d316-e881-5d070a9a1425:48733618176;GPU-2deeb77e-df41-879f-7601-d6296d16a8ff:55854497792;GPU-3a4be627-e52a-042d-9cd5-5c1377c672da:48733618176;GPU-5118acb4-22bd-f74f-ea1f-2c8cfe790a1d:48733618176;GPU-a27c88e4-e53e-7d6a-3abd-07b141b57ce6:48733618176;GPU-a2848da1-0f8a-a8cf-c763-0ef502d06fec:48733618176;GPU-da4fcc29-b899-580b-92b6-f0cb14f70f21:47508881408;GPU-e7cda51a-7d52-6ed3-329d-5434ddea4232:23131586560;,GPU-1c734bb9-241d-d316-e881-5d070a9a1425:192265846784;GPU-2deeb77e-df41-879f-7601-d6296d16a8ff:192265846784;GPU-3a4be627-e52a-042d-9cd5-5c1377c672da:192265846784;GPU-5118acb4-22bd-f74f-ea1f-2c8cfe790a1d:192265846784;GPU-a27c88e4-e53e-7d6a-3abd-07b141b57ce6:192265846784;GPU-a2848da1-0f8a-a8cf-c763-0ef502d06fec:192265846784;GPU-da4fcc29-b899-580b-92b6-f0cb14f70f21:192265846784;GPU-e7cda51a-7d52-6ed3-329d-5434ddea4232:192265846784;
delta,mistral,8,,,,17,14.8147,56,789,4813980,14,4311068,40,0,8725484,11128219,11456555,11879197,56,9125883,GPU-1c734bb9-241d-d316-e881-5d070a9a1425:0.527824;GPU-2deeb77e-df41-879f-7601-d6296d16a8ff:0.455602;GPU-3a4be627-e52a-042d-9cd5-5c1377c672da:0.550633;GPU-5118acb4-22bd-f74f-ea1f-2c8cfe790a1d:0.540417;GPU-a27c88e4-e53e-7d6a-3abd-07b141b57ce6:0.595478;GPU-a2848da1-0f8a-a8cf-c763-0ef502d06fec:0.568565;GPU-da4fcc29-b899-580b-92b6-f0cb14f70f21:0.50162;GPU-e7cda51a-7d52-6ed3-329d-5434ddea4232:0;,GPU-1c734bb9-241d-d316-e881-5d070a9a1425:342.764;GPU-2deeb77e-df41-879f-7601-d6296d16a8ff:300.131;GPU-3a4be627-e52a-042d-9cd5-5c1377c672da:341.799;GPU-5118acb4-22bd-f74f-ea1f-2c8cfe790a1d:331.25;GPU-a27c88e4-e53e-7d6a-3abd-07b141b57ce6:339.991;GPU-a2848da1-0f8a-a8cf-c763-0ef502d06fec:334.717;GPU-da4fcc29-b899-580b-92b6-f0cb14f70f21:330.975;GPU-e7cda51a-7d52-6ed3-329d-5434ddea4232:196.685;,GPU-1c734bb9-241d-d316-e881-5d070a9a1425:48733618176;GPU-2deeb77e-df41-879f-7601-d6296d16a8ff:55854497792;GPU-3a4be627-e52a-042d-9cd5-5c1377c672da:48733618176;GPU-5118acb4-22bd-f74f-ea1f-2c8cfe790a1d:48733618176;GPU-a27c88e4-e53e-7d6a-3abd-07b141b57ce6:48733618176;GPU-a2848da1-0f8a-a8cf-c763-0ef502d06fec:48733618176;GPU-da4fcc29-b899-580b-92b6-f0cb14f70f21:47508881408;GPU-e7cda51a-7d52-6ed3-329d-5434ddea4232:23131586560;,GPU-1c734bb9-241d-d316-e881-5d070a9a1425:192265846784;GPU-2deeb77e-df41-879f-7601-d6296d16a8ff:192265846784;GPU-3a4be627-e52a-042d-9cd5-5c1377c672da:192265846784;GPU-5118acb4-22bd-f74f-ea1f-2c8cfe790a1d:192265846784;GPU-a27c88e4-e53e-7d6a-3abd-07b141b57ce6:192265846784;GPU-a2848da1-0f8a-a8cf-c763-0ef502d06fec:192265846784;GPU-da4fcc29-b899-580b-92b6-f0cb14f70f21:192265846784;GPU-e7cda51a-7d52-6ed3-329d-5434ddea4232:192265846784;
