model,batch_size,Concurrency,Inferences/Second,Client Send,Network+Server Send/Recv,Server Queue,Server Compute Input,Server Compute Infer,Server Compute Output,Client Recv,p50 latency,p90 latency,p95 latency,p99 latency,request/response,response wait,Avg GPU Utilization,Avg GPU Power Usage,Max GPU Memory Usage,Total GPU Memory
gemma3,1,9,0.694438,52,754,6288473,52,6518969,72,0,12923933,13359302,13399259,13434803,52,12808313,GPU-1c734bb9-241d-d316-e881-5d070a9a1425:0;GPU-2deeb77e-df41-879f-7601-d6296d16a8ff:0.582346;GPU-3a4be627-e52a-042d-9cd5-5c1377c672da:0;GPU-5118acb4-22bd-f74f-ea1f-2c8cfe790a1d:0;GPU-a27c88e4-e53e-7d6a-3abd-07b141b57ce6:0;GPU-a2848da1-0f8a-a8cf-c763-0ef502d06fec:0;GPU-da4fcc29-b899-580b-92b6-f0cb14f70f21:0;GPU-e7cda51a-7d52-6ed3-329d-5434ddea4232:0;,GPU-1c734bb9-241d-d316-e881-5d070a9a1425:191.908;GPU-2deeb77e-df41-879f-7601-d6296d16a8ff:312.582;GPU-3a4be627-e52a-042d-9cd5-5c1377c672da:192.48;GPU-5118acb4-22bd-f74f-ea1f-2c8cfe790a1d:187.907;GPU-a27c88e4-e53e-7d6a-3abd-07b141b57ce6:193.093;GPU-a2848da1-0f8a-a8cf-c763-0ef502d06fec:189.456;GPU-da4fcc29-b899-580b-92b6-f0cb14f70f21:191.221;GPU-e7cda51a-7d52-6ed3-329d-5434ddea4232:191.836;,GPU-1c734bb9-241d-d316-e881-5d070a9a1425:46149926912;GPU-2deeb77e-df41-879f-7601-d6296d16a8ff:52780072960;GPU-3a4be627-e52a-042d-9cd5-5c1377c672da:46149926912;GPU-5118acb4-22bd-f74f-ea1f-2c8cfe790a1d:46149926912;GPU-a27c88e4-e53e-7d6a-3abd-07b141b57ce6:46149926912;GPU-a2848da1-0f8a-a8cf-c763-0ef502d06fec:46149926912;GPU-da4fcc29-b899-580b-92b6-f0cb14f70f21:44807749632;GPU-e7cda51a-7d52-6ed3-329d-5434ddea4232:23129489408;,GPU-1c734bb9-241d-d316-e881-5d070a9a1425:192265846784;GPU-2deeb77e-df41-879f-7601-d6296d16a8ff:192265846784;GPU-3a4be627-e52a-042d-9cd5-5c1377c672da:192265846784;GPU-5118acb4-22bd-f74f-ea1f-2c8cfe790a1d:192265846784;GPU-a27c88e4-e53e-7d6a-3abd-07b141b57ce6:192265846784;GPU-a2848da1-0f8a-a8cf-c763-0ef502d06fec:192265846784;GPU-da4fcc29-b899-580b-92b6-f0cb14f70f21:192265846784;GPU-e7cda51a-7d52-6ed3-329d-5434ddea4232:192265846784;
gemma3,1,5,0.695982,51,856,2284733,32,4871369,58,0,7178136,7192284,7663571,7691097,51,7157041,GPU-1c734bb9-241d-d316-e881-5d070a9a1425:0;GPU-2deeb77e-df41-879f-7601-d6296d16a8ff:0.583287;GPU-3a4be627-e52a-042d-9cd5-5c1377c672da:0;GPU-5118acb4-22bd-f74f-ea1f-2c8cfe790a1d:0;GPU-a27c88e4-e53e-7d6a-3abd-07b141b57ce6:0;GPU-a2848da1-0f8a-a8cf-c763-0ef502d06fec:0;GPU-da4fcc29-b899-580b-92b6-f0cb14f70f21:0;GPU-e7cda51a-7d52-6ed3-329d-5434ddea4232:0;,GPU-1c734bb9-241d-d316-e881-5d070a9a1425:192.101;GPU-2deeb77e-df41-879f-7601-d6296d16a8ff:312.537;GPU-3a4be627-e52a-042d-9cd5-5c1377c672da:192.681;GPU-5118acb4-22bd-f74f-ea1f-2c8cfe790a1d:188.067;GPU-a27c88e4-e53e-7d6a-3abd-07b141b57ce6:193.263;GPU-a2848da1-0f8a-a8cf-c763-0ef502d06fec:189.613;GPU-da4fcc29-b899-580b-92b6-f0cb14f70f21:191.403;GPU-e7cda51a-7d52-6ed3-329d-5434ddea4232:191.984;,GPU-1c734bb9-241d-d316-e881-5d070a9a1425:46149926912;GPU-2deeb77e-df41-879f-7601-d6296d16a8ff:52780072960;GPU-3a4be627-e52a-042d-9cd5-5c1377c672da:46149926912;GPU-5118acb4-22bd-f74f-ea1f-2c8cfe790a1d:46149926912;GPU-a27c88e4-e53e-7d6a-3abd-07b141b57ce6:46149926912;GPU-a2848da1-0f8a-a8cf-c763-0ef502d06fec:46149926912;GPU-da4fcc29-b899-580b-92b6-f0cb14f70f21:44807749632;GPU-e7cda51a-7d52-6ed3-329d-5434ddea4232:23129489408;,GPU-1c734bb9-241d-d316-e881-5d070a9a1425:192265846784;GPU-2deeb77e-df41-879f-7601-d6296d16a8ff:192265846784;GPU-3a4be627-e52a-042d-9cd5-5c1377c672da:192265846784;GPU-5118acb4-22bd-f74f-ea1f-2c8cfe790a1d:192265846784;GPU-a27c88e4-e53e-7d6a-3abd-07b141b57ce6:192265846784;GPU-a2848da1-0f8a-a8cf-c763-0ef502d06fec:192265846784;GPU-da4fcc29-b899-580b-92b6-f0cb14f70f21:192265846784;GPU-e7cda51a-7d52-6ed3-329d-5434ddea4232:192265846784;
gemma3,1,17,0.697522,54,894,14498014,62,9955439,100,0,24426258,27270785,30156274,32268901,54,24454502,GPU-1c734bb9-241d-d316-e881-5d070a9a1425:0;GPU-2deeb77e-df41-879f-7601-d6296d16a8ff:0.578117;GPU-3a4be627-e52a-042d-9cd5-5c1377c672da:0;GPU-5118acb4-22bd-f74f-ea1f-2c8cfe790a1d:0;GPU-a27c88e4-e53e-7d6a-3abd-07b141b57ce6:0;GPU-a2848da1-0f8a-a8cf-c763-0ef502d06fec:0;GPU-da4fcc29-b899-580b-92b6-f0cb14f70f21:0;GPU-e7cda51a-7d52-6ed3-329d-5434ddea4232:0;,GPU-1c734bb9-241d-d316-e881-5d070a9a1425:191.67;GPU-2deeb77e-df41-879f-7601-d6296d16a8ff:312.448;GPU-3a4be627-e52a-042d-9cd5-5c1377c672da:192.407;GPU-5118acb4-22bd-f74f-ea1f-2c8cfe790a1d:187.726;GPU-a27c88e4-e53e-7d6a-3abd-07b141b57ce6:193.333;GPU-a2848da1-0f8a-a8cf-c763-0ef502d06fec:189.699;GPU-da4fcc29-b899-580b-92b6-f0cb14f70f21:191.41;GPU-e7cda51a-7d52-6ed3-329d-5434ddea4232:191.963;,GPU-1c734bb9-241d-d316-e881-5d070a9a1425:46149926912;GPU-2deeb77e-df41-879f-7601-d6296d16a8ff:52780072960;GPU-3a4be627-e52a-042d-9cd5-5c1377c672da:46149926912;GPU-5118acb4-22bd-f74f-ea1f-2c8cfe790a1d:46149926912;GPU-a27c88e4-e53e-7d6a-3abd-07b141b57ce6:46149926912;GPU-a2848da1-0f8a-a8cf-c763-0ef502d06fec:46149926912;GPU-da4fcc29-b899-580b-92b6-f0cb14f70f21:44807749632;GPU-e7cda51a-7d52-6ed3-329d-5434ddea4232:23129489408;,GPU-1c734bb9-241d-d316-e881-5d070a9a1425:192265846784;GPU-2deeb77e-df41-879f-7601-d6296d16a8ff:192265846784;GPU-3a4be627-e52a-042d-9cd5-5c1377c672da:192265846784;GPU-5118acb4-22bd-f74f-ea1f-2c8cfe790a1d:192265846784;GPU-a27c88e4-e53e-7d6a-3abd-07b141b57ce6:192265846784;GPU-a2848da1-0f8a-a8cf-c763-0ef502d06fec:192265846784;GPU-da4fcc29-b899-580b-92b6-f0cb14f70f21:192265846784;GPU-e7cda51a-7d52-6ed3-329d-5434ddea4232:192265846784;
gemma3,1,1,0.697524,48,808,279,16,1430808,34,0,1436579,1439044,1440900,1915245,48,1431940,GPU-1c734bb9-241d-d316-e881-5d070a9a1425:0;GPU-2deeb77e-df41-879f-7601-d6296d16a8ff:0.582917;GPU-3a4be627-e52a-042d-9cd5-5c1377c672da:0;GPU-5118acb4-22bd-f74f-ea1f-2c8cfe790a1d:0;GPU-a27c88e4-e53e-7d6a-3abd-07b141b57ce6:0;GPU-a2848da1-0f8a-a8cf-c763-0ef502d06fec:0;GPU-da4fcc29-b899-580b-92b6-f0cb14f70f21:0;GPU-e7cda51a-7d52-6ed3-329d-5434ddea4232:0;,GPU-1c734bb9-241d-d316-e881-5d070a9a1425:192.346;GPU-2deeb77e-df41-879f-7601-d6296d16a8ff:312.97;GPU-3a4be627-e52a-042d-9cd5-5c1377c672da:192.887;GPU-5118acb4-22bd-f74f-ea1f-2c8cfe790a1d:188.32;GPU-a27c88e4-e53e-7d6a-3abd-07b141b57ce6:193.487;GPU-a2848da1-0f8a-a8cf-c763-0ef502d06fec:189.743;GPU-da4fcc29-b899-580b-92b6-f0cb14f70f21:191.575;GPU-e7cda51a-7d52-6ed3-329d-5434ddea4232:192.113;,GPU-1c734bb9-241d-d316-e881-5d070a9a1425:46149926912;GPU-2deeb77e-df41-879f-7601-d6296d16a8ff:52780072960;GPU-3a4be627-e52a-042d-9cd5-5c1377c672da:46149926912;GPU-5118acb4-22bd-f74f-ea1f-2c8cfe790a1d:46149926912;GPU-a27c88e4-e53e-7d6a-3abd-07b141b57ce6:46149926912;GPU-a2848da1-0f8a-a8cf-c763-0ef502d06fec:46149926912;GPU-da4fcc29-b899-580b-92b6-f0cb14f70f21:44807749632;GPU-e7cda51a-7d52-6ed3-329d-5434ddea4232:23129489408;,GPU-1c734bb9-241d-d316-e881-5d070a9a1425:192265846784;GPU-2deeb77e-df41-879f-7601-d6296d16a8ff:192265846784;GPU-3a4be627-e52a-042d-9cd5-5c1377c672da:192265846784;GPU-5118acb4-22bd-f74f-ea1f-2c8cfe790a1d:192265846784;GPU-a27c88e4-e53e-7d6a-3abd-07b141b57ce6:192265846784;GPU-a2848da1-0f8a-a8cf-c763-0ef502d06fec:192265846784;GPU-da4fcc29-b899-580b-92b6-f0cb14f70f21:192265846784;GPU-e7cda51a-7d52-6ed3-329d-5434ddea4232:192265846784;
gemma3,1,13,0.700611,53,744,8714871,81,9812659,101,0,18658478,19049234,19117711,19158586,53,18528450,GPU-1c734bb9-241d-d316-e881-5d070a9a1425:0;GPU-2deeb77e-df41-879f-7601-d6296d16a8ff:0.580401;GPU-3a4be627-e52a-042d-9cd5-5c1377c672da:0;GPU-5118acb4-22bd-f74f-ea1f-2c8cfe790a1d:0;GPU-a27c88e4-e53e-7d6a-3abd-07b141b57ce6:0;GPU-a2848da1-0f8a-a8cf-c763-0ef502d06fec:0;GPU-da4fcc29-b899-580b-92b6-f0cb14f70f21:0;GPU-e7cda51a-7d52-6ed3-329d-5434ddea4232:0;,GPU-1c734bb9-241d-d316-e881-5d070a9a1425:191.575;GPU-2deeb77e-df41-879f-7601-d6296d16a8ff:312.225;GPU-3a4be627-e52a-042d-9cd5-5c1377c672da:192.124;GPU-5118acb4-22bd-f74f-ea1f-2c8cfe790a1d:187.566;GPU-a27c88e4-e53e-7d6a-3abd-07b141b57ce6:192.858;GPU-a2848da1-0f8a-a8cf-c763-0ef502d06fec:189.223;GPU-da4fcc29-b899-580b-92b6-f0cb14f70f21:190.966;GPU-e7cda51a-7d52-6ed3-329d-5434ddea4232:191.488;,GPU-1c734bb9-241d-d316-e881-5d070a9a1425:46149926912;GPU-2deeb77e-df41-879f-7601-d6296d16a8ff:52780072960;GPU-3a4be627-e52a-042d-9cd5-5c1377c672da:46149926912;GPU-5118acb4-22bd-f74f-ea1f-2c8cfe790a1d:46149926912;GPU-a27c88e4-e53e-7d6a-3abd-07b141b57ce6:46149926912;GPU-a2848da1-0f8a-a8cf-c763-0ef502d06fec:46149926912;GPU-da4fcc29-b899-580b-92b6-f0cb14f70f21:44807749632;GPU-e7cda51a-7d52-6ed3-329d-5434ddea4232:23129489408;,GPU-1c734bb9-241d-d316-e881-5d070a9a1425:192265846784;GPU-2deeb77e-df41-879f-7601-d6296d16a8ff:192265846784;GPU-3a4be627-e52a-042d-9cd5-5c1377c672da:192265846784;GPU-5118acb4-22bd-f74f-ea1f-2c8cfe790a1d:192265846784;GPU-a27c88e4-e53e-7d6a-3abd-07b141b57ce6:192265846784;GPU-a2848da1-0f8a-a8cf-c763-0ef502d06fec:192265846784;GPU-da4fcc29-b899-580b-92b6-f0cb14f70f21:192265846784;GPU-e7cda51a-7d52-6ed3-329d-5434ddea4232:192265846784;
gemma3,1,21,0.702155,53,833,19065293,81,10504357,107,0,29955597,32785985,33253920,34478680,53,29570664,GPU-1c734bb9-241d-d316-e881-5d070a9a1425:0;GPU-2deeb77e-df41-879f-7601-d6296d16a8ff:0.588071;GPU-3a4be627-e52a-042d-9cd5-5c1377c672da:0;GPU-5118acb4-22bd-f74f-ea1f-2c8cfe790a1d:0;GPU-a27c88e4-e53e-7d6a-3abd-07b141b57ce6:0;GPU-a2848da1-0f8a-a8cf-c763-0ef502d06fec:0;GPU-da4fcc29-b899-580b-92b6-f0cb14f70f21:0;GPU-e7cda51a-7d52-6ed3-329d-5434ddea4232:0;,GPU-1c734bb9-241d-d316-e881-5d070a9a1425:191.865;GPU-2deeb77e-df41-879f-7601-d6296d16a8ff:313.421;GPU-3a4be627-e52a-042d-9cd5-5c1377c672da:192.634;GPU-5118acb4-22bd-f74f-ea1f-2c8cfe790a1d:187.866;GPU-a27c88e4-e53e-7d6a-3abd-07b141b57ce6:193.49;GPU-a2848da1-0f8a-a8cf-c763-0ef502d06fec:189.893;GPU-da4fcc29-b899-580b-92b6-f0cb14f70f21:191.622;GPU-e7cda51a-7d52-6ed3-329d-5434ddea4232:192.221;,GPU-1c734bb9-241d-d316-e881-5d070a9a1425:46149926912;GPU-2deeb77e-df41-879f-7601-d6296d16a8ff:52780072960;GPU-3a4be627-e52a-042d-9cd5-5c1377c672da:46149926912;GPU-5118acb4-22bd-f74f-ea1f-2c8cfe790a1d:46149926912;GPU-a27c88e4-e53e-7d6a-3abd-07b141b57ce6:46149926912;GPU-a2848da1-0f8a-a8cf-c763-0ef502d06fec:46149926912;GPU-da4fcc29-b899-580b-92b6-f0cb14f70f21:44807749632;GPU-e7cda51a-7d52-6ed3-329d-5434ddea4232:23129489408;,GPU-1c734bb9-241d-d316-e881-5d070a9a1425:192265846784;GPU-2deeb77e-df41-879f-7601-d6296d16a8ff:192265846784;GPU-3a4be627-e52a-042d-9cd5-5c1377c672da:192265846784;GPU-5118acb4-22bd-f74f-ea1f-2c8cfe790a1d:192265846784;GPU-a27c88e4-e53e-7d6a-3abd-07b141b57ce6:192265846784;GPU-a2848da1-0f8a-a8cf-c763-0ef502d06fec:192265846784;GPU-da4fcc29-b899-580b-92b6-f0cb14f70f21:192265846784;GPU-e7cda51a-7d52-6ed3-329d-5434ddea4232:192265846784;
gemma3,8,1,4.49378,51,812,285,17,1774582,38,0,1764935,1773617,1774348,1776334,51,1775727,GPU-1c734bb9-241d-d316-e881-5d070a9a1425:0;GPU-2deeb77e-df41-879f-7601-d6296d16a8ff:0.652546;GPU-3a4be627-e52a-042d-9cd5-5c1377c672da:0;GPU-5118acb4-22bd-f74f-ea1f-2c8cfe790a1d:0;GPU-a27c88e4-e53e-7d6a-3abd-07b141b57ce6:0;GPU-a2848da1-0f8a-a8cf-c763-0ef502d06fec:0;GPU-da4fcc29-b899-580b-92b6-f0cb14f70f21:0;GPU-e7cda51a-7d52-6ed3-329d-5434ddea4232:0;,GPU-1c734bb9-241d-d316-e881-5d070a9a1425:192.166;GPU-2deeb77e-df41-879f-7601-d6296d16a8ff:321.617;GPU-3a4be627-e52a-042d-9cd5-5c1377c672da:192.965;GPU-5118acb4-22bd-f74f-ea1f-2c8cfe790a1d:188.119;GPU-a27c88e4-e53e-7d6a-3abd-07b141b57ce6:193.754;GPU-a2848da1-0f8a-a8cf-c763-0ef502d06fec:190.187;GPU-da4fcc29-b899-580b-92b6-f0cb14f70f21:191.902;GPU-e7cda51a-7d52-6ed3-329d-5434ddea4232:192.455;,GPU-1c734bb9-241d-d316-e881-5d070a9a1425:46149926912;GPU-2deeb77e-df41-879f-7601-d6296d16a8ff:53124005888;GPU-3a4be627-e52a-042d-9cd5-5c1377c672da:46149926912;GPU-5118acb4-22bd-f74f-ea1f-2c8cfe790a1d:46149926912;GPU-a27c88e4-e53e-7d6a-3abd-07b141b57ce6:46149926912;GPU-a2848da1-0f8a-a8cf-c763-0ef502d06fec:46149926912;GPU-da4fcc29-b899-580b-92b6-f0cb14f70f21:44807749632;GPU-e7cda51a-7d52-6ed3-329d-5434ddea4232:23129489408;,GPU-1c734bb9-241d-d316-e881-5d070a9a1425:192265846784;GPU-2deeb77e-df41-879f-7601-d6296d16a8ff:192265846784;GPU-3a4be627-e52a-042d-9cd5-5c1377c672da:192265846784;GPU-5118acb4-22bd-f74f-ea1f-2c8cfe790a1d:192265846784;GPU-a27c88e4-e53e-7d6a-3abd-07b141b57ce6:192265846784;GPU-a2848da1-0f8a-a8cf-c763-0ef502d06fec:192265846784;GPU-da4fcc29-b899-580b-92b6-f0cb14f70f21:192265846784;GPU-e7cda51a-7d52-6ed3-329d-5434ddea4232:192265846784;
gemma3,8,9,4.49378,52,741,14067495,15,1778192,36,0,15924754,15952716,17002053,17028749,52,15846471,GPU-1c734bb9-241d-d316-e881-5d070a9a1425:0;GPU-2deeb77e-df41-879f-7601-d6296d16a8ff:0.657608;GPU-3a4be627-e52a-042d-9cd5-5c1377c672da:0;GPU-5118acb4-22bd-f74f-ea1f-2c8cfe790a1d:0;GPU-a27c88e4-e53e-7d6a-3abd-07b141b57ce6:0;GPU-a2848da1-0f8a-a8cf-c763-0ef502d06fec:0;GPU-da4fcc29-b899-580b-92b6-f0cb14f70f21:0;GPU-e7cda51a-7d52-6ed3-329d-5434ddea4232:0;,GPU-1c734bb9-241d-d316-e881-5d070a9a1425:192.196;GPU-2deeb77e-df41-879f-7601-d6296d16a8ff:321.347;GPU-3a4be627-e52a-042d-9cd5-5c1377c672da:193.063;GPU-5118acb4-22bd-f74f-ea1f-2c8cfe790a1d:188.132;GPU-a27c88e4-e53e-7d6a-3abd-07b141b57ce6:193.803;GPU-a2848da1-0f8a-a8cf-c763-0ef502d06fec:190.228;GPU-da4fcc29-b899-580b-92b6-f0cb14f70f21:191.971;GPU-e7cda51a-7d52-6ed3-329d-5434ddea4232:192.562;,GPU-1c734bb9-241d-d316-e881-5d070a9a1425:46149926912;GPU-2deeb77e-df41-879f-7601-d6296d16a8ff:53124005888;GPU-3a4be627-e52a-042d-9cd5-5c1377c672da:46149926912;GPU-5118acb4-22bd-f74f-ea1f-2c8cfe790a1d:46149926912;GPU-a27c88e4-e53e-7d6a-3abd-07b141b57ce6:46149926912;GPU-a2848da1-0f8a-a8cf-c763-0ef502d06fec:46149926912;GPU-da4fcc29-b899-580b-92b6-f0cb14f70f21:44807749632;GPU-e7cda51a-7d52-6ed3-329d-5434ddea4232:23129489408;,GPU-1c734bb9-241d-d316-e881-5d070a9a1425:192265846784;GPU-2deeb77e-df41-879f-7601-d6296d16a8ff:192265846784;GPU-3a4be627-e52a-042d-9cd5-5c1377c672da:192265846784;GPU-5118acb4-22bd-f74f-ea1f-2c8cfe790a1d:192265846784;GPU-a27c88e4-e53e-7d6a-3abd-07b141b57ce6:192265846784;GPU-a2848da1-0f8a-a8cf-c763-0ef502d06fec:192265846784;GPU-da4fcc29-b899-580b-92b6-f0cb14f70f21:192265846784;GPU-e7cda51a-7d52-6ed3-329d-5434ddea4232:192265846784;
gemma3,8,13,4.50613,54,775,21104581,15,1774742,36,0,22995126,23032610,24075307,24088521,54,22880139,GPU-1c734bb9-241d-d316-e881-5d070a9a1425:0;GPU-2deeb77e-df41-879f-7601-d6296d16a8ff:0.65642;GPU-3a4be627-e52a-042d-9cd5-5c1377c672da:0;GPU-5118acb4-22bd-f74f-ea1f-2c8cfe790a1d:0;GPU-a27c88e4-e53e-7d6a-3abd-07b141b57ce6:0;GPU-a2848da1-0f8a-a8cf-c763-0ef502d06fec:0;GPU-da4fcc29-b899-580b-92b6-f0cb14f70f21:0;GPU-e7cda51a-7d52-6ed3-329d-5434ddea4232:0;,GPU-1c734bb9-241d-d316-e881-5d070a9a1425:192.021;GPU-2deeb77e-df41-879f-7601-d6296d16a8ff:321.528;GPU-3a4be627-e52a-042d-9cd5-5c1377c672da:192.886;GPU-5118acb4-22bd-f74f-ea1f-2c8cfe790a1d:187.972;GPU-a27c88e4-e53e-7d6a-3abd-07b141b57ce6:193.681;GPU-a2848da1-0f8a-a8cf-c763-0ef502d06fec:190.135;GPU-da4fcc29-b899-580b-92b6-f0cb14f70f21:191.861;GPU-e7cda51a-7d52-6ed3-329d-5434ddea4232:192.384;,GPU-1c734bb9-241d-d316-e881-5d070a9a1425:46149926912;GPU-2deeb77e-df41-879f-7601-d6296d16a8ff:53124005888;GPU-3a4be627-e52a-042d-9cd5-5c1377c672da:46149926912;GPU-5118acb4-22bd-f74f-ea1f-2c8cfe790a1d:46149926912;GPU-a27c88e4-e53e-7d6a-3abd-07b141b57ce6:46149926912;GPU-a2848da1-0f8a-a8cf-c763-0ef502d06fec:46149926912;GPU-da4fcc29-b899-580b-92b6-f0cb14f70f21:44807749632;GPU-e7cda51a-7d52-6ed3-329d-5434ddea4232:23129489408;,GPU-1c734bb9-241d-d316-e881-5d070a9a1425:192265846784;GPU-2deeb77e-df41-879f-7601-d6296d16a8ff:192265846784;GPU-3a4be627-e52a-042d-9cd5-5c1377c672da:192265846784;GPU-5118acb4-22bd-f74f-ea1f-2c8cfe790a1d:192265846784;GPU-a27c88e4-e53e-7d6a-3abd-07b141b57ce6:192265846784;GPU-a2848da1-0f8a-a8cf-c763-0ef502d06fec:192265846784;GPU-da4fcc29-b899-580b-92b6-f0cb14f70f21:192265846784;GPU-e7cda51a-7d52-6ed3-329d-5434ddea4232:192265846784;
gemma3,8,17,4.50613,52,734,28156188,15,1778428,36,0,30093336,31138725,31154813,31179489,52,29935395,GPU-1c734bb9-241d-d316-e881-5d070a9a1425:0;GPU-2deeb77e-df41-879f-7601-d6296d16a8ff:0.651914;GPU-3a4be627-e52a-042d-9cd5-5c1377c672da:0;GPU-5118acb4-22bd-f74f-ea1f-2c8cfe790a1d:0;GPU-a27c88e4-e53e-7d6a-3abd-07b141b57ce6:0;GPU-a2848da1-0f8a-a8cf-c763-0ef502d06fec:0;GPU-da4fcc29-b899-580b-92b6-f0cb14f70f21:0;GPU-e7cda51a-7d52-6ed3-329d-5434ddea4232:0;,GPU-1c734bb9-241d-d316-e881-5d070a9a1425:192.131;GPU-2deeb77e-df41-879f-7601-d6296d16a8ff:321.336;GPU-3a4be627-e52a-042d-9cd5-5c1377c672da:192.938;GPU-5118acb4-22bd-f74f-ea1f-2c8cfe790a1d:188.089;GPU-a27c88e4-e53e-7d6a-3abd-07b141b57ce6:193.756;GPU-a2848da1-0f8a-a8cf-c763-0ef502d06fec:190.197;GPU-da4fcc29-b899-580b-92b6-f0cb14f70f21:191.89;GPU-e7cda51a-7d52-6ed3-329d-5434ddea4232:192.427;,GPU-1c734bb9-241d-d316-e881-5d070a9a1425:46149926912;GPU-2deeb77e-df41-879f-7601-d6296d16a8ff:53124005888;GPU-3a4be627-e52a-042d-9cd5-5c1377c672da:46149926912;GPU-5118acb4-22bd-f74f-ea1f-2c8cfe790a1d:46149926912;GPU-a27c88e4-e53e-7d6a-3abd-07b141b57ce6:46149926912;GPU-a2848da1-0f8a-a8cf-c763-0ef502d06fec:46149926912;GPU-da4fcc29-b899-580b-92b6-f0cb14f70f21:44807749632;GPU-e7cda51a-7d52-6ed3-329d-5434ddea4232:23129489408;,GPU-1c734bb9-241d-d316-e881-5d070a9a1425:192265846784;GPU-2deeb77e-df41-879f-7601-d6296d16a8ff:192265846784;GPU-3a4be627-e52a-042d-9cd5-5c1377c672da:192265846784;GPU-5118acb4-22bd-f74f-ea1f-2c8cfe790a1d:192265846784;GPU-a27c88e4-e53e-7d6a-3abd-07b141b57ce6:192265846784;GPU-a2848da1-0f8a-a8cf-c763-0ef502d06fec:192265846784;GPU-da4fcc29-b899-580b-92b6-f0cb14f70f21:192265846784;GPU-e7cda51a-7d52-6ed3-329d-5434ddea4232:192265846784;
gemma3,8,5,4.50613,52,771,7046134,15,1778497,36,0,8848509,8862772,8870698,10037434,52,8825443,GPU-1c734bb9-241d-d316-e881-5d070a9a1425:0;GPU-2deeb77e-df41-879f-7601-d6296d16a8ff:0.651312;GPU-3a4be627-e52a-042d-9cd5-5c1377c672da:0;GPU-5118acb4-22bd-f74f-ea1f-2c8cfe790a1d:0;GPU-a27c88e4-e53e-7d6a-3abd-07b141b57ce6:0;GPU-a2848da1-0f8a-a8cf-c763-0ef502d06fec:0;GPU-da4fcc29-b899-580b-92b6-f0cb14f70f21:0;GPU-e7cda51a-7d52-6ed3-329d-5434ddea4232:0;,GPU-1c734bb9-241d-d316-e881-5d070a9a1425:192.221;GPU-2deeb77e-df41-879f-7601-d6296d16a8ff:321.354;GPU-3a4be627-e52a-042d-9cd5-5c1377c672da:193.047;GPU-5118acb4-22bd-f74f-ea1f-2c8cfe790a1d:188.14;GPU-a27c88e4-e53e-7d6a-3abd-07b141b57ce6:193.796;GPU-a2848da1-0f8a-a8cf-c763-0ef502d06fec:190.227;GPU-da4fcc29-b899-580b-92b6-f0cb14f70f21:191.975;GPU-e7cda51a-7d52-6ed3-329d-5434ddea4232:192.509;,GPU-1c734bb9-241d-d316-e881-5d070a9a1425:46149926912;GPU-2deeb77e-df41-879f-7601-d6296d16a8ff:53124005888;GPU-3a4be627-e52a-042d-9cd5-5c1377c672da:46149926912;GPU-5118acb4-22bd-f74f-ea1f-2c8cfe790a1d:46149926912;GPU-a27c88e4-e53e-7d6a-3abd-07b141b57ce6:46149926912;GPU-a2848da1-0f8a-a8cf-c763-0ef502d06fec:46149926912;GPU-da4fcc29-b899-580b-92b6-f0cb14f70f21:44807749632;GPU-e7cda51a-7d52-6ed3-329d-5434ddea4232:23129489408;,GPU-1c734bb9-241d-d316-e881-5d070a9a1425:192265846784;GPU-2deeb77e-df41-879f-7601-d6296d16a8ff:192265846784;GPU-3a4be627-e52a-042d-9cd5-5c1377c672da:192265846784;GPU-5118acb4-22bd-f74f-ea1f-2c8cfe790a1d:192265846784;GPU-a27c88e4-e53e-7d6a-3abd-07b141b57ce6:192265846784;GPU-a2848da1-0f8a-a8cf-c763-0ef502d06fec:192265846784;GPU-da4fcc29-b899-580b-92b6-f0cb14f70f21:192265846784;GPU-e7cda51a-7d52-6ed3-329d-5434ddea4232:192265846784;
gemma3,8,21,4.50613,54,782,35082895,15,1771992,36,0,37033644,38069372,38080168,38104972,54,36855712,GPU-1c734bb9-241d-d316-e881-5d070a9a1425:0;GPU-2deeb77e-df41-879f-7601-d6296d16a8ff:0.654537;GPU-3a4be627-e52a-042d-9cd5-5c1377c672da:0;GPU-5118acb4-22bd-f74f-ea1f-2c8cfe790a1d:0;GPU-a27c88e4-e53e-7d6a-3abd-07b141b57ce6:0;GPU-a2848da1-0f8a-a8cf-c763-0ef502d06fec:0;GPU-da4fcc29-b899-580b-92b6-f0cb14f70f21:0;GPU-e7cda51a-7d52-6ed3-329d-5434ddea4232:0;,GPU-1c734bb9-241d-d316-e881-5d070a9a1425:192.467;GPU-2deeb77e-df41-879f-7601-d6296d16a8ff:322.425;GPU-3a4be627-e52a-042d-9cd5-5c1377c672da:193.26;GPU-5118acb4-22bd-f74f-ea1f-2c8cfe790a1d:188.376;GPU-a27c88e4-e53e-7d6a-3abd-07b141b57ce6:193.961;GPU-a2848da1-0f8a-a8cf-c763-0ef502d06fec:190.364;GPU-da4fcc29-b899-580b-92b6-f0cb14f70f21:191.944;GPU-e7cda51a-7d52-6ed3-329d-5434ddea4232:192.691;,GPU-1c734bb9-241d-d316-e881-5d070a9a1425:46149926912;GPU-2deeb77e-df41-879f-7601-d6296d16a8ff:53124005888;GPU-3a4be627-e52a-042d-9cd5-5c1377c672da:46149926912;GPU-5118acb4-22bd-f74f-ea1f-2c8cfe790a1d:46149926912;GPU-a27c88e4-e53e-7d6a-3abd-07b141b57ce6:46149926912;GPU-a2848da1-0f8a-a8cf-c763-0ef502d06fec:46149926912;GPU-da4fcc29-b899-580b-92b6-f0cb14f70f21:44807749632;GPU-e7cda51a-7d52-6ed3-329d-5434ddea4232:23129489408;,GPU-1c734bb9-241d-d316-e881-5d070a9a1425:192265846784;GPU-2deeb77e-df41-879f-7601-d6296d16a8ff:192265846784;GPU-3a4be627-e52a-042d-9cd5-5c1377c672da:192265846784;GPU-5118acb4-22bd-f74f-ea1f-2c8cfe790a1d:192265846784;GPU-a27c88e4-e53e-7d6a-3abd-07b141b57ce6:192265846784;GPU-a2848da1-0f8a-a8cf-c763-0ef502d06fec:192265846784;GPU-da4fcc29-b899-580b-92b6-f0cb14f70f21:192265846784;GPU-e7cda51a-7d52-6ed3-329d-5434ddea4232:192265846784;
mistral,1,1,0.385799,50,762,281,19,2589985,39,0,2573038,2694056,2706639,2734755,50,2591082,GPU-1c734bb9-241d-d316-e881-5d070a9a1425:0.0680401;GPU-2deeb77e-df41-879f-7601-d6296d16a8ff:0.0652315;GPU-3a4be627-e52a-042d-9cd5-5c1377c672da:0.0689969;GPU-5118acb4-22bd-f74f-ea1f-2c8cfe790a1d:0.0685185;GPU-a27c88e4-e53e-7d6a-3abd-07b141b57ce6:0.0697994;GPU-a2848da1-0f8a-a8cf-c763-0ef502d06fec:0.069321;GPU-da4fcc29-b899-580b-92b6-f0cb14f70f21:0.0750309;GPU-e7cda51a-7d52-6ed3-329d-5434ddea4232:0;,GPU-1c734bb9-241d-d316-e881-5d070a9a1425:258.59;GPU-2deeb77e-df41-879f-7601-d6296d16a8ff:250.284;GPU-3a4be627-e52a-042d-9cd5-5c1377c672da:258.904;GPU-5118acb4-22bd-f74f-ea1f-2c8cfe790a1d:250.876;GPU-a27c88e4-e53e-7d6a-3abd-07b141b57ce6:257.781;GPU-a2848da1-0f8a-a8cf-c763-0ef502d06fec:253.234;GPU-da4fcc29-b899-580b-92b6-f0cb14f70f21:257.48;GPU-e7cda51a-7d52-6ed3-329d-5434ddea4232:195.416;,GPU-1c734bb9-241d-d316-e881-5d070a9a1425:47743762432;GPU-2deeb77e-df41-879f-7601-d6296d16a8ff:54734618624;GPU-3a4be627-e52a-042d-9cd5-5c1377c672da:47743762432;GPU-5118acb4-22bd-f74f-ea1f-2c8cfe790a1d:47743762432;GPU-a27c88e4-e53e-7d6a-3abd-07b141b57ce6:47743762432;GPU-a2848da1-0f8a-a8cf-c763-0ef502d06fec:47743762432;GPU-da4fcc29-b899-580b-92b6-f0cb14f70f21:46401585152;GPU-e7cda51a-7d52-6ed3-329d-5434ddea4232:23129489408;,GPU-1c734bb9-241d-d316-e881-5d070a9a1425:192265846784;GPU-2deeb77e-df41-879f-7601-d6296d16a8ff:192265846784;GPU-3a4be627-e52a-042d-9cd5-5c1377c672da:192265846784;GPU-5118acb4-22bd-f74f-ea1f-2c8cfe790a1d:192265846784;GPU-a27c88e4-e53e-7d6a-3abd-07b141b57ce6:192265846784;GPU-a2848da1-0f8a-a8cf-c763-0ef502d06fec:192265846784;GPU-da4fcc29-b899-580b-92b6-f0cb14f70f21:192265846784;GPU-e7cda51a-7d52-6ed3-329d-5434ddea4232:192265846784;
mistral,1,5,1.81325,50,727,269,17,2759333,36,0,2753201,2823691,2866328,2940306,50,2760377,GPU-1c734bb9-241d-d316-e881-5d070a9a1425:0.38642;GPU-2deeb77e-df41-879f-7601-d6296d16a8ff:0.384676;GPU-3a4be627-e52a-042d-9cd5-5c1377c672da:0.39909;GPU-5118acb4-22bd-f74f-ea1f-2c8cfe790a1d:0.383071;GPU-a27c88e4-e53e-7d6a-3abd-07b141b57ce6:0.424923;GPU-a2848da1-0f8a-a8cf-c763-0ef502d06fec:0.415123;GPU-da4fcc29-b899-580b-92b6-f0cb14f70f21:0.41162;GPU-e7cda51a-7d52-6ed3-329d-5434ddea4232:0;,GPU-1c734bb9-241d-d316-e881-5d070a9a1425:318.799;GPU-2deeb77e-df41-879f-7601-d6296d16a8ff:286.363;GPU-3a4be627-e52a-042d-9cd5-5c1377c672da:318.595;GPU-5118acb4-22bd-f74f-ea1f-2c8cfe790a1d:309.158;GPU-a27c88e4-e53e-7d6a-3abd-07b141b57ce6:316.294;GPU-a2848da1-0f8a-a8cf-c763-0ef502d06fec:311.116;GPU-da4fcc29-b899-580b-92b6-f0cb14f70f21:312.078;GPU-e7cda51a-7d52-6ed3-329d-5434ddea4232:196.663;,GPU-1c734bb9-241d-d316-e881-5d070a9a1425:47743762432;GPU-2deeb77e-df41-879f-7601-d6296d16a8ff:54734618624;GPU-3a4be627-e52a-042d-9cd5-5c1377c672da:47743762432;GPU-5118acb4-22bd-f74f-ea1f-2c8cfe790a1d:47743762432;GPU-a27c88e4-e53e-7d6a-3abd-07b141b57ce6:47743762432;GPU-a2848da1-0f8a-a8cf-c763-0ef502d06fec:47743762432;GPU-da4fcc29-b899-580b-92b6-f0cb14f70f21:46401585152;GPU-e7cda51a-7d52-6ed3-329d-5434ddea4232:23129489408;,GPU-1c734bb9-241d-d316-e881-5d070a9a1425:192265846784;GPU-2deeb77e-df41-879f-7601-d6296d16a8ff:192265846784;GPU-3a4be627-e52a-042d-9cd5-5c1377c672da:192265846784;GPU-5118acb4-22bd-f74f-ea1f-2c8cfe790a1d:192265846784;GPU-a27c88e4-e53e-7d6a-3abd-07b141b57ce6:192265846784;GPU-a2848da1-0f8a-a8cf-c763-0ef502d06fec:192265846784;GPU-da4fcc29-b899-580b-92b6-f0cb14f70f21:192265846784;GPU-e7cda51a-7d52-6ed3-329d-5434ddea4232:192265846784;
mistral,1,13,2.02467,50,822,537949,17,5874448,44,0,4380492,19612875,20399077,21028885,50,6413276,GPU-1c734bb9-241d-d316-e881-5d070a9a1425:0.51108;GPU-2deeb77e-df41-879f-7601-d6296d16a8ff:0.471698;GPU-3a4be627-e52a-042d-9cd5-5c1377c672da:0.533935;GPU-5118acb4-22bd-f74f-ea1f-2c8cfe790a1d:0.584244;GPU-a27c88e4-e53e-7d6a-3abd-07b141b57ce6:0.576698;GPU-a2848da1-0f8a-a8cf-c763-0ef502d06fec:0.548997;GPU-da4fcc29-b899-580b-92b6-f0cb14f70f21:0.497932;GPU-e7cda51a-7d52-6ed3-329d-5434ddea4232:0;,GPU-1c734bb9-241d-d316-e881-5d070a9a1425:327.179;GPU-2deeb77e-df41-879f-7601-d6296d16a8ff:290.58;GPU-3a4be627-e52a-042d-9cd5-5c1377c672da:326.463;GPU-5118acb4-22bd-f74f-ea1f-2c8cfe790a1d:318.17;GPU-a27c88e4-e53e-7d6a-3abd-07b141b57ce6:324.116;GPU-a2848da1-0f8a-a8cf-c763-0ef502d06fec:318.67;GPU-da4fcc29-b899-580b-92b6-f0cb14f70f21:318.037;GPU-e7cda51a-7d52-6ed3-329d-5434ddea4232:194.822;,GPU-1c734bb9-241d-d316-e881-5d070a9a1425:47743762432;GPU-2deeb77e-df41-879f-7601-d6296d16a8ff:54734618624;GPU-3a4be627-e52a-042d-9cd5-5c1377c672da:47743762432;GPU-5118acb4-22bd-f74f-ea1f-2c8cfe790a1d:47743762432;GPU-a27c88e4-e53e-7d6a-3abd-07b141b57ce6:47743762432;GPU-a2848da1-0f8a-a8cf-c763-0ef502d06fec:47743762432;GPU-da4fcc29-b899-580b-92b6-f0cb14f70f21:46401585152;GPU-e7cda51a-7d52-6ed3-329d-5434ddea4232:23129489408;,GPU-1c734bb9-241d-d316-e881-5d070a9a1425:192265846784;GPU-2deeb77e-df41-879f-7601-d6296d16a8ff:192265846784;GPU-3a4be627-e52a-042d-9cd5-5c1377c672da:192265846784;GPU-5118acb4-22bd-f74f-ea1f-2c8cfe790a1d:192265846784;GPU-a27c88e4-e53e-7d6a-3abd-07b141b57ce6:192265846784;GPU-a2848da1-0f8a-a8cf-c763-0ef502d06fec:192265846784;GPU-da4fcc29-b899-580b-92b6-f0cb14f70f21:192265846784;GPU-e7cda51a-7d52-6ed3-329d-5434ddea4232:192265846784;
mistral,1,9,2.03084,50,770,492080,13,3939754,38,0,4116008,5286994,5381582,5563418,50,4432650,GPU-1c734bb9-241d-d316-e881-5d070a9a1425:0.522608;GPU-2deeb77e-df41-879f-7601-d6296d16a8ff:0.467145;GPU-3a4be627-e52a-042d-9cd5-5c1377c672da:0.525062;GPU-5118acb4-22bd-f74f-ea1f-2c8cfe790a1d:0.564877;GPU-a27c88e4-e53e-7d6a-3abd-07b141b57ce6:0.566373;GPU-a2848da1-0f8a-a8cf-c763-0ef502d06fec:0.535833;GPU-da4fcc29-b899-580b-92b6-f0cb14f70f21:0.491049;GPU-e7cda51a-7d52-6ed3-329d-5434ddea4232:0;,GPU-1c734bb9-241d-d316-e881-5d070a9a1425:328.182;GPU-2deeb77e-df41-879f-7601-d6296d16a8ff:291.457;GPU-3a4be627-e52a-042d-9cd5-5c1377c672da:327.759;GPU-5118acb4-22bd-f74f-ea1f-2c8cfe790a1d:319.386;GPU-a27c88e4-e53e-7d6a-3abd-07b141b57ce6:325.068;GPU-a2848da1-0f8a-a8cf-c763-0ef502d06fec:319.665;GPU-da4fcc29-b899-580b-92b6-f0cb14f70f21:318.7;GPU-e7cda51a-7d52-6ed3-329d-5434ddea4232:195.366;,GPU-1c734bb9-241d-d316-e881-5d070a9a1425:47743762432;GPU-2deeb77e-df41-879f-7601-d6296d16a8ff:54734618624;GPU-3a4be627-e52a-042d-9cd5-5c1377c672da:47743762432;GPU-5118acb4-22bd-f74f-ea1f-2c8cfe790a1d:47743762432;GPU-a27c88e4-e53e-7d6a-3abd-07b141b57ce6:47743762432;GPU-a2848da1-0f8a-a8cf-c763-0ef502d06fec:47743762432;GPU-da4fcc29-b899-580b-92b6-f0cb14f70f21:46401585152;GPU-e7cda51a-7d52-6ed3-329d-5434ddea4232:23129489408;,GPU-1c734bb9-241d-d316-e881-5d070a9a1425:192265846784;GPU-2deeb77e-df41-879f-7601-d6296d16a8ff:192265846784;GPU-3a4be627-e52a-042d-9cd5-5c1377c672da:192265846784;GPU-5118acb4-22bd-f74f-ea1f-2c8cfe790a1d:192265846784;GPU-a27c88e4-e53e-7d6a-3abd-07b141b57ce6:192265846784;GPU-a2848da1-0f8a-a8cf-c763-0ef502d06fec:192265846784;GPU-da4fcc29-b899-580b-92b6-f0cb14f70f21:192265846784;GPU-e7cda51a-7d52-6ed3-329d-5434ddea4232:192265846784;
mistral,1,17,2.03239,50,783,571280,21,7747812,50,0,4639157,31442877,31967985,32628815,50,8319941,GPU-1c734bb9-241d-d316-e881-5d070a9a1425:0.516065;GPU-2deeb77e-df41-879f-7601-d6296d16a8ff:0.467407;GPU-3a4be627-e52a-042d-9cd5-5c1377c672da:0.526543;GPU-5118acb4-22bd-f74f-ea1f-2c8cfe790a1d:0.578565;GPU-a27c88e4-e53e-7d6a-3abd-07b141b57ce6:0.575802;GPU-a2848da1-0f8a-a8cf-c763-0ef502d06fec:0.550741;GPU-da4fcc29-b899-580b-92b6-f0cb14f70f21:0.496343;GPU-e7cda51a-7d52-6ed3-329d-5434ddea4232:0;,GPU-1c734bb9-241d-d316-e881-5d070a9a1425:327.186;GPU-2deeb77e-df41-879f-7601-d6296d16a8ff:290.469;GPU-3a4be627-e52a-042d-9cd5-5c1377c672da:326.414;GPU-5118acb4-22bd-f74f-ea1f-2c8cfe790a1d:318.27;GPU-a27c88e4-e53e-7d6a-3abd-07b141b57ce6:324.165;GPU-a2848da1-0f8a-a8cf-c763-0ef502d06fec:318.653;GPU-da4fcc29-b899-580b-92b6-f0cb14f70f21:317.592;GPU-e7cda51a-7d52-6ed3-329d-5434ddea4232:194.369;,GPU-1c734bb9-241d-d316-e881-5d070a9a1425:47743762432;GPU-2deeb77e-df41-879f-7601-d6296d16a8ff:54734618624;GPU-3a4be627-e52a-042d-9cd5-5c1377c672da:47743762432;GPU-5118acb4-22bd-f74f-ea1f-2c8cfe790a1d:47743762432;GPU-a27c88e4-e53e-7d6a-3abd-07b141b57ce6:47743762432;GPU-a2848da1-0f8a-a8cf-c763-0ef502d06fec:47743762432;GPU-da4fcc29-b899-580b-92b6-f0cb14f70f21:46401585152;GPU-e7cda51a-7d52-6ed3-329d-5434ddea4232:23129489408;,GPU-1c734bb9-241d-d316-e881-5d070a9a1425:192265846784;GPU-2deeb77e-df41-879f-7601-d6296d16a8ff:192265846784;GPU-3a4be627-e52a-042d-9cd5-5c1377c672da:192265846784;GPU-5118acb4-22bd-f74f-ea1f-2c8cfe790a1d:192265846784;GPU-a27c88e4-e53e-7d6a-3abd-07b141b57ce6:192265846784;GPU-a2848da1-0f8a-a8cf-c763-0ef502d06fec:192265846784;GPU-da4fcc29-b899-580b-92b6-f0cb14f70f21:192265846784;GPU-e7cda51a-7d52-6ed3-329d-5434ddea4232:192265846784;
mistral,1,21,2.04627,51,703,711346,23,9633416,55,0,5921756,27310514,27883895,29109209,51,10345537,GPU-1c734bb9-241d-d316-e881-5d070a9a1425:0.505972;GPU-2deeb77e-df41-879f-7601-d6296d16a8ff:0.467886;GPU-3a4be627-e52a-042d-9cd5-5c1377c672da:0.527099;GPU-5118acb4-22bd-f74f-ea1f-2c8cfe790a1d:0.579167;GPU-a27c88e4-e53e-7d6a-3abd-07b141b57ce6:0.568302;GPU-a2848da1-0f8a-a8cf-c763-0ef502d06fec:0.549537;GPU-da4fcc29-b899-580b-92b6-f0cb14f70f21:0.498194;GPU-e7cda51a-7d52-6ed3-329d-5434ddea4232:0;,GPU-1c734bb9-241d-d316-e881-5d070a9a1425:327.901;GPU-2deeb77e-df41-879f-7601-d6296d16a8ff:291.072;GPU-3a4be627-e52a-042d-9cd5-5c1377c672da:327.061;GPU-5118acb4-22bd-f74f-ea1f-2c8cfe790a1d:318.803;GPU-a27c88e4-e53e-7d6a-3abd-07b141b57ce6:325.208;GPU-a2848da1-0f8a-a8cf-c763-0ef502d06fec:319.259;GPU-da4fcc29-b899-580b-92b6-f0cb14f70f21:318.414;GPU-e7cda51a-7d52-6ed3-329d-5434ddea4232:194.844;,GPU-1c734bb9-241d-d316-e881-5d070a9a1425:47743762432;GPU-2deeb77e-df41-879f-7601-d6296d16a8ff:54734618624;GPU-3a4be627-e52a-042d-9cd5-5c1377c672da:47743762432;GPU-5118acb4-22bd-f74f-ea1f-2c8cfe790a1d:47743762432;GPU-a27c88e4-e53e-7d6a-3abd-07b141b57ce6:47743762432;GPU-a2848da1-0f8a-a8cf-c763-0ef502d06fec:47743762432;GPU-da4fcc29-b899-580b-92b6-f0cb14f70f21:46401585152;GPU-e7cda51a-7d52-6ed3-329d-5434ddea4232:23129489408;,GPU-1c734bb9-241d-d316-e881-5d070a9a1425:192265846784;GPU-2deeb77e-df41-879f-7601-d6296d16a8ff:192265846784;GPU-3a4be627-e52a-042d-9cd5-5c1377c672da:192265846784;GPU-5118acb4-22bd-f74f-ea1f-2c8cfe790a1d:192265846784;GPU-a27c88e4-e53e-7d6a-3abd-07b141b57ce6:192265846784;GPU-a2848da1-0f8a-a8cf-c763-0ef502d06fec:192265846784;GPU-da4fcc29-b899-580b-92b6-f0cb14f70f21:192265846784;GPU-e7cda51a-7d52-6ed3-329d-5434ddea4232:192265846784;
mistral,8,1,3.0617,52,828,291,21,2605507,42,0,2589265,2701591,2743106,2803012,52,2606681,GPU-1c734bb9-241d-d316-e881-5d070a9a1425:0.0807099;GPU-2deeb77e-df41-879f-7601-d6296d16a8ff:0.0720988;GPU-3a4be627-e52a-042d-9cd5-5c1377c672da:0.079537;GPU-5118acb4-22bd-f74f-ea1f-2c8cfe790a1d:0.0805093;GPU-a27c88e4-e53e-7d6a-3abd-07b141b57ce6:0.0813117;GPU-a2848da1-0f8a-a8cf-c763-0ef502d06fec:0.0808488;GPU-da4fcc29-b899-580b-92b6-f0cb14f70f21:0.0853395;GPU-e7cda51a-7d52-6ed3-329d-5434ddea4232:0;,GPU-1c734bb9-241d-d316-e881-5d070a9a1425:263.002;GPU-2deeb77e-df41-879f-7601-d6296d16a8ff:251.959;GPU-3a4be627-e52a-042d-9cd5-5c1377c672da:262.701;GPU-5118acb4-22bd-f74f-ea1f-2c8cfe790a1d:254.862;GPU-a27c88e4-e53e-7d6a-3abd-07b141b57ce6:261.429;GPU-a2848da1-0f8a-a8cf-c763-0ef502d06fec:256.147;GPU-da4fcc29-b899-580b-92b6-f0cb14f70f21:259.607;GPU-e7cda51a-7d52-6ed3-329d-5434ddea4232:194.255;,GPU-1c734bb9-241d-d316-e881-5d070a9a1425:49002053632;GPU-2deeb77e-df41-879f-7601-d6296d16a8ff:55992909824;GPU-3a4be627-e52a-042d-9cd5-5c1377c672da:49002053632;GPU-5118acb4-22bd-f74f-ea1f-2c8cfe790a1d:49002053632;GPU-a27c88e4-e53e-7d6a-3abd-07b141b57ce6:49002053632;GPU-a2848da1-0f8a-a8cf-c763-0ef502d06fec:49002053632;GPU-da4fcc29-b899-580b-92b6-f0cb14f70f21:47659876352;GPU-e7cda51a-7d52-6ed3-329d-5434ddea4232:23129489408;,GPU-1c734bb9-241d-d316-e881-5d070a9a1425:192265846784;GPU-2deeb77e-df41-879f-7601-d6296d16a8ff:192265846784;GPU-3a4be627-e52a-042d-9cd5-5c1377c672da:192265846784;GPU-5118acb4-22bd-f74f-ea1f-2c8cfe790a1d:192265846784;GPU-a27c88e4-e53e-7d6a-3abd-07b141b57ce6:192265846784;GPU-a2848da1-0f8a-a8cf-c763-0ef502d06fec:192265846784;GPU-da4fcc29-b899-580b-92b6-f0cb14f70f21:192265846784;GPU-e7cda51a-7d52-6ed3-329d-5434ddea4232:192265846784;
mistral,8,5,13.6418,50,802,274,18,2925219,38,0,2917180,3044655,3081821,3164882,50,2926345,GPU-1c734bb9-241d-d316-e881-5d070a9a1425:0.416806;GPU-2deeb77e-df41-879f-7601-d6296d16a8ff:0.394383;GPU-3a4be627-e52a-042d-9cd5-5c1377c672da:0.430957;GPU-5118acb4-22bd-f74f-ea1f-2c8cfe790a1d:0.414645;GPU-a27c88e4-e53e-7d6a-3abd-07b141b57ce6:0.450818;GPU-a2848da1-0f8a-a8cf-c763-0ef502d06fec:0.448812;GPU-da4fcc29-b899-580b-92b6-f0cb14f70f21:0.436559;GPU-e7cda51a-7d52-6ed3-329d-5434ddea4232:0;,GPU-1c734bb9-241d-d316-e881-5d070a9a1425:332.602;GPU-2deeb77e-df41-879f-7601-d6296d16a8ff:293.971;GPU-3a4be627-e52a-042d-9cd5-5c1377c672da:332.293;GPU-5118acb4-22bd-f74f-ea1f-2c8cfe790a1d:322.576;GPU-a27c88e4-e53e-7d6a-3abd-07b141b57ce6:330.012;GPU-a2848da1-0f8a-a8cf-c763-0ef502d06fec:324.698;GPU-da4fcc29-b899-580b-92b6-f0cb14f70f21:321.789;GPU-e7cda51a-7d52-6ed3-329d-5434ddea4232:194.98;,GPU-1c734bb9-241d-d316-e881-5d070a9a1425:49002053632;GPU-2deeb77e-df41-879f-7601-d6296d16a8ff:55992909824;GPU-3a4be627-e52a-042d-9cd5-5c1377c672da:49002053632;GPU-5118acb4-22bd-f74f-ea1f-2c8cfe790a1d:49002053632;GPU-a27c88e4-e53e-7d6a-3abd-07b141b57ce6:49002053632;GPU-a2848da1-0f8a-a8cf-c763-0ef502d06fec:49002053632;GPU-da4fcc29-b899-580b-92b6-f0cb14f70f21:47659876352;GPU-e7cda51a-7d52-6ed3-329d-5434ddea4232:23129489408;,GPU-1c734bb9-241d-d316-e881-5d070a9a1425:192265846784;GPU-2deeb77e-df41-879f-7601-d6296d16a8ff:192265846784;GPU-3a4be627-e52a-042d-9cd5-5c1377c672da:192265846784;GPU-5118acb4-22bd-f74f-ea1f-2c8cfe790a1d:192265846784;GPU-a27c88e4-e53e-7d6a-3abd-07b141b57ce6:192265846784;GPU-a2848da1-0f8a-a8cf-c763-0ef502d06fec:192265846784;GPU-da4fcc29-b899-580b-92b6-f0cb14f70f21:192265846784;GPU-e7cda51a-7d52-6ed3-329d-5434ddea4232:192265846784;
mistral,8,13,14.1727,52,808,2798398,14,4510093,40,0,7054937,8344252,8517723,8761466,52,7309339,GPU-1c734bb9-241d-d316-e881-5d070a9a1425:0.528719;GPU-2deeb77e-df41-879f-7601-d6296d16a8ff:0.44625;GPU-3a4be627-e52a-042d-9cd5-5c1377c672da:0.535278;GPU-5118acb4-22bd-f74f-ea1f-2c8cfe790a1d:0.532978;GPU-a27c88e4-e53e-7d6a-3abd-07b141b57ce6:0.575617;GPU-a2848da1-0f8a-a8cf-c763-0ef502d06fec:0.565448;GPU-da4fcc29-b899-580b-92b6-f0cb14f70f21:0.486605;GPU-e7cda51a-7d52-6ed3-329d-5434ddea4232:0;,GPU-1c734bb9-241d-d316-e881-5d070a9a1425:338.583;GPU-2deeb77e-df41-879f-7601-d6296d16a8ff:296.973;GPU-3a4be627-e52a-042d-9cd5-5c1377c672da:338.011;GPU-5118acb4-22bd-f74f-ea1f-2c8cfe790a1d:328.27;GPU-a27c88e4-e53e-7d6a-3abd-07b141b57ce6:335.714;GPU-a2848da1-0f8a-a8cf-c763-0ef502d06fec:330.127;GPU-da4fcc29-b899-580b-92b6-f0cb14f70f21:326.326;GPU-e7cda51a-7d52-6ed3-329d-5434ddea4232:195.301;,GPU-1c734bb9-241d-d316-e881-5d070a9a1425:49002053632;GPU-2deeb77e-df41-879f-7601-d6296d16a8ff:55992909824;GPU-3a4be627-e52a-042d-9cd5-5c1377c672da:49002053632;GPU-5118acb4-22bd-f74f-ea1f-2c8cfe790a1d:49002053632;GPU-a27c88e4-e53e-7d6a-3abd-07b141b57ce6:49002053632;GPU-a2848da1-0f8a-a8cf-c763-0ef502d06fec:49002053632;GPU-da4fcc29-b899-580b-92b6-f0cb14f70f21:47659876352;GPU-e7cda51a-7d52-6ed3-329d-5434ddea4232:23129489408;,GPU-1c734bb9-241d-d316-e881-5d070a9a1425:192265846784;GPU-2deeb77e-df41-879f-7601-d6296d16a8ff:192265846784;GPU-3a4be627-e52a-042d-9cd5-5c1377c672da:192265846784;GPU-5118acb4-22bd-f74f-ea1f-2c8cfe790a1d:192265846784;GPU-a27c88e4-e53e-7d6a-3abd-07b141b57ce6:192265846784;GPU-a2848da1-0f8a-a8cf-c763-0ef502d06fec:192265846784;GPU-da4fcc29-b899-580b-92b6-f0cb14f70f21:192265846784;GPU-e7cda51a-7d52-6ed3-329d-5434ddea4232:192265846784;
mistral,8,21,14.2097,55,815,7283408,14,4507770,40,0,11831181,12458178,12645560,12886976,55,11792039,GPU-1c734bb9-241d-d316-e881-5d070a9a1425:0.518009;GPU-2deeb77e-df41-879f-7601-d6296d16a8ff:0.449892;GPU-3a4be627-e52a-042d-9cd5-5c1377c672da:0.543873;GPU-5118acb4-22bd-f74f-ea1f-2c8cfe790a1d:0.534367;GPU-a27c88e4-e53e-7d6a-3abd-07b141b57ce6:0.580525;GPU-a2848da1-0f8a-a8cf-c763-0ef502d06fec:0.566327;GPU-da4fcc29-b899-580b-92b6-f0cb14f70f21:0.491096;GPU-e7cda51a-7d52-6ed3-329d-5434ddea4232:0;,GPU-1c734bb9-241d-d316-e881-5d070a9a1425:339.045;GPU-2deeb77e-df41-879f-7601-d6296d16a8ff:297.639;GPU-3a4be627-e52a-042d-9cd5-5c1377c672da:338.256;GPU-5118acb4-22bd-f74f-ea1f-2c8cfe790a1d:328.87;GPU-a27c88e4-e53e-7d6a-3abd-07b141b57ce6:336.076;GPU-a2848da1-0f8a-a8cf-c763-0ef502d06fec:330.521;GPU-da4fcc29-b899-580b-92b6-f0cb14f70f21:326.93;GPU-e7cda51a-7d52-6ed3-329d-5434ddea4232:195.498;,GPU-1c734bb9-241d-d316-e881-5d070a9a1425:49002053632;GPU-2deeb77e-df41-879f-7601-d6296d16a8ff:55992909824;GPU-3a4be627-e52a-042d-9cd5-5c1377c672da:49002053632;GPU-5118acb4-22bd-f74f-ea1f-2c8cfe790a1d:49002053632;GPU-a27c88e4-e53e-7d6a-3abd-07b141b57ce6:49002053632;GPU-a2848da1-0f8a-a8cf-c763-0ef502d06fec:49002053632;GPU-da4fcc29-b899-580b-92b6-f0cb14f70f21:47659876352;GPU-e7cda51a-7d52-6ed3-329d-5434ddea4232:23129489408;,GPU-1c734bb9-241d-d316-e881-5d070a9a1425:192265846784;GPU-2deeb77e-df41-879f-7601-d6296d16a8ff:192265846784;GPU-3a4be627-e52a-042d-9cd5-5c1377c672da:192265846784;GPU-5118acb4-22bd-f74f-ea1f-2c8cfe790a1d:192265846784;GPU-a27c88e4-e53e-7d6a-3abd-07b141b57ce6:192265846784;GPU-a2848da1-0f8a-a8cf-c763-0ef502d06fec:192265846784;GPU-da4fcc29-b899-580b-92b6-f0cb14f70f21:192265846784;GPU-e7cda51a-7d52-6ed3-329d-5434ddea4232:192265846784;
mistral,8,17,14.2221,54,826,5030654,14,4498330,40,0,9455409,10285093,10479674,10741945,54,9529856,GPU-1c734bb9-241d-d316-e881-5d070a9a1425:0.53375;GPU-2deeb77e-df41-879f-7601-d6296d16a8ff:0.442793;GPU-3a4be627-e52a-042d-9cd5-5c1377c672da:0.539383;GPU-5118acb4-22bd-f74f-ea1f-2c8cfe790a1d:0.541543;GPU-a27c88e4-e53e-7d6a-3abd-07b141b57ce6:0.587407;GPU-a2848da1-0f8a-a8cf-c763-0ef502d06fec:0.567407;GPU-da4fcc29-b899-580b-92b6-f0cb14f70f21:0.488426;GPU-e7cda51a-7d52-6ed3-329d-5434ddea4232:0;,GPU-1c734bb9-241d-d316-e881-5d070a9a1425:338.598;GPU-2deeb77e-df41-879f-7601-d6296d16a8ff:297.293;GPU-3a4be627-e52a-042d-9cd5-5c1377c672da:338.033;GPU-5118acb4-22bd-f74f-ea1f-2c8cfe790a1d:327.96;GPU-a27c88e4-e53e-7d6a-3abd-07b141b57ce6:335.768;GPU-a2848da1-0f8a-a8cf-c763-0ef502d06fec:330.133;GPU-da4fcc29-b899-580b-92b6-f0cb14f70f21:326.287;GPU-e7cda51a-7d52-6ed3-329d-5434ddea4232:195.427;,GPU-1c734bb9-241d-d316-e881-5d070a9a1425:49002053632;GPU-2deeb77e-df41-879f-7601-d6296d16a8ff:55992909824;GPU-3a4be627-e52a-042d-9cd5-5c1377c672da:49002053632;GPU-5118acb4-22bd-f74f-ea1f-2c8cfe790a1d:49002053632;GPU-a27c88e4-e53e-7d6a-3abd-07b141b57ce6:49002053632;GPU-a2848da1-0f8a-a8cf-c763-0ef502d06fec:49002053632;GPU-da4fcc29-b899-580b-92b6-f0cb14f70f21:47659876352;GPU-e7cda51a-7d52-6ed3-329d-5434ddea4232:23129489408;,GPU-1c734bb9-241d-d316-e881-5d070a9a1425:192265846784;GPU-2deeb77e-df41-879f-7601-d6296d16a8ff:192265846784;GPU-3a4be627-e52a-042d-9cd5-5c1377c672da:192265846784;GPU-5118acb4-22bd-f74f-ea1f-2c8cfe790a1d:192265846784;GPU-a27c88e4-e53e-7d6a-3abd-07b141b57ce6:192265846784;GPU-a2848da1-0f8a-a8cf-c763-0ef502d06fec:192265846784;GPU-da4fcc29-b899-580b-92b6-f0cb14f70f21:192265846784;GPU-e7cda51a-7d52-6ed3-329d-5434ddea4232:192265846784;
mistral,8,9,14.2344,53,833,557106,14,4491709,39,0,4723330,6395613,6609313,6809049,53,5049691,GPU-1c734bb9-241d-d316-e881-5d070a9a1425:0.535077;GPU-2deeb77e-df41-879f-7601-d6296d16a8ff:0.444645;GPU-3a4be627-e52a-042d-9cd5-5c1377c672da:0.544552;GPU-5118acb4-22bd-f74f-ea1f-2c8cfe790a1d:0.535679;GPU-a27c88e4-e53e-7d6a-3abd-07b141b57ce6:0.577346;GPU-a2848da1-0f8a-a8cf-c763-0ef502d06fec:0.556497;GPU-da4fcc29-b899-580b-92b6-f0cb14f70f21:0.488981;GPU-e7cda51a-7d52-6ed3-329d-5434ddea4232:0;,GPU-1c734bb9-241d-d316-e881-5d070a9a1425:338.739;GPU-2deeb77e-df41-879f-7601-d6296d16a8ff:297.215;GPU-3a4be627-e52a-042d-9cd5-5c1377c672da:337.788;GPU-5118acb4-22bd-f74f-ea1f-2c8cfe790a1d:328.209;GPU-a27c88e4-e53e-7d6a-3abd-07b141b57ce6:335.839;GPU-a2848da1-0f8a-a8cf-c763-0ef502d06fec:329.817;GPU-da4fcc29-b899-580b-92b6-f0cb14f70f21:326.303;GPU-e7cda51a-7d52-6ed3-329d-5434ddea4232:195.343;,GPU-1c734bb9-241d-d316-e881-5d070a9a1425:49002053632;GPU-2deeb77e-df41-879f-7601-d6296d16a8ff:55992909824;GPU-3a4be627-e52a-042d-9cd5-5c1377c672da:49002053632;GPU-5118acb4-22bd-f74f-ea1f-2c8cfe790a1d:49002053632;GPU-a27c88e4-e53e-7d6a-3abd-07b141b57ce6:49002053632;GPU-a2848da1-0f8a-a8cf-c763-0ef502d06fec:49002053632;GPU-da4fcc29-b899-580b-92b6-f0cb14f70f21:47659876352;GPU-e7cda51a-7d52-6ed3-329d-5434ddea4232:23129489408;,GPU-1c734bb9-241d-d316-e881-5d070a9a1425:192265846784;GPU-2deeb77e-df41-879f-7601-d6296d16a8ff:192265846784;GPU-3a4be627-e52a-042d-9cd5-5c1377c672da:192265846784;GPU-5118acb4-22bd-f74f-ea1f-2c8cfe790a1d:192265846784;GPU-a27c88e4-e53e-7d6a-3abd-07b141b57ce6:192265846784;GPU-a2848da1-0f8a-a8cf-c763-0ef502d06fec:192265846784;GPU-da4fcc29-b899-580b-92b6-f0cb14f70f21:192265846784;GPU-e7cda51a-7d52-6ed3-329d-5434ddea4232:192265846784;
meta-llama,1,1,0.371909,50,766,271,18,2691346,40,0,2722669,2764501,2780862,2815467,50,2692435,GPU-1c734bb9-241d-d316-e881-5d070a9a1425:0.0661574;GPU-2deeb77e-df41-879f-7601-d6296d16a8ff:0.057608;GPU-3a4be627-e52a-042d-9cd5-5c1377c672da:0.0668827;GPU-5118acb4-22bd-f74f-ea1f-2c8cfe790a1d:0.0650154;GPU-a27c88e4-e53e-7d6a-3abd-07b141b57ce6:0.0673765;GPU-a2848da1-0f8a-a8cf-c763-0ef502d06fec:0.0671605;GPU-da4fcc29-b899-580b-92b6-f0cb14f70f21:0.0663735;GPU-e7cda51a-7d52-6ed3-329d-5434ddea4232:0.04;,GPU-1c734bb9-241d-d316-e881-5d070a9a1425:258.294;GPU-2deeb77e-df41-879f-7601-d6296d16a8ff:243.865;GPU-3a4be627-e52a-042d-9cd5-5c1377c672da:257.896;GPU-5118acb4-22bd-f74f-ea1f-2c8cfe790a1d:250.407;GPU-a27c88e4-e53e-7d6a-3abd-07b141b57ce6:256.699;GPU-a2848da1-0f8a-a8cf-c763-0ef502d06fec:251.845;GPU-da4fcc29-b899-580b-92b6-f0cb14f70f21:257.627;GPU-e7cda51a-7d52-6ed3-329d-5434ddea4232:253.081;,GPU-1c734bb9-241d-d316-e881-5d070a9a1425:50595889152;GPU-2deeb77e-df41-879f-7601-d6296d16a8ff:57569968128;GPU-3a4be627-e52a-042d-9cd5-5c1377c672da:50595889152;GPU-5118acb4-22bd-f74f-ea1f-2c8cfe790a1d:50595889152;GPU-a27c88e4-e53e-7d6a-3abd-07b141b57ce6:50595889152;GPU-a2848da1-0f8a-a8cf-c763-0ef502d06fec:50595889152;GPU-da4fcc29-b899-580b-92b6-f0cb14f70f21:49253711872;GPU-e7cda51a-7d52-6ed3-329d-5434ddea4232:24706547712;,GPU-1c734bb9-241d-d316-e881-5d070a9a1425:192265846784;GPU-2deeb77e-df41-879f-7601-d6296d16a8ff:192265846784;GPU-3a4be627-e52a-042d-9cd5-5c1377c672da:192265846784;GPU-5118acb4-22bd-f74f-ea1f-2c8cfe790a1d:192265846784;GPU-a27c88e4-e53e-7d6a-3abd-07b141b57ce6:192265846784;GPU-a2848da1-0f8a-a8cf-c763-0ef502d06fec:192265846784;GPU-da4fcc29-b899-580b-92b6-f0cb14f70f21:192265846784;GPU-e7cda51a-7d52-6ed3-329d-5434ddea4232:192265846784;
meta-llama,1,5,1.31017,52,707,260,17,3819417,36,0,3814646,4135855,4229990,4391432,52,3820431,GPU-1c734bb9-241d-d316-e881-5d070a9a1425:0.362253;GPU-2deeb77e-df41-879f-7601-d6296d16a8ff:0.272253;GPU-3a4be627-e52a-042d-9cd5-5c1377c672da:0.35966;GPU-5118acb4-22bd-f74f-ea1f-2c8cfe790a1d:0.36909;GPU-a27c88e4-e53e-7d6a-3abd-07b141b57ce6:0.356759;GPU-a2848da1-0f8a-a8cf-c763-0ef502d06fec:0.359907;GPU-da4fcc29-b899-580b-92b6-f0cb14f70f21:0.348966;GPU-e7cda51a-7d52-6ed3-329d-5434ddea4232:0.211883;,GPU-1c734bb9-241d-d316-e881-5d070a9a1425:299.008;GPU-2deeb77e-df41-879f-7601-d6296d16a8ff:253.147;GPU-3a4be627-e52a-042d-9cd5-5c1377c672da:298.001;GPU-5118acb4-22bd-f74f-ea1f-2c8cfe790a1d:289.535;GPU-a27c88e4-e53e-7d6a-3abd-07b141b57ce6:295.878;GPU-a2848da1-0f8a-a8cf-c763-0ef502d06fec:291.081;GPU-da4fcc29-b899-580b-92b6-f0cb14f70f21:297.995;GPU-e7cda51a-7d52-6ed3-329d-5434ddea4232:277.011;,GPU-1c734bb9-241d-d316-e881-5d070a9a1425:50595889152;GPU-2deeb77e-df41-879f-7601-d6296d16a8ff:57569968128;GPU-3a4be627-e52a-042d-9cd5-5c1377c672da:50595889152;GPU-5118acb4-22bd-f74f-ea1f-2c8cfe790a1d:50595889152;GPU-a27c88e4-e53e-7d6a-3abd-07b141b57ce6:50595889152;GPU-a2848da1-0f8a-a8cf-c763-0ef502d06fec:50595889152;GPU-da4fcc29-b899-580b-92b6-f0cb14f70f21:49253711872;GPU-e7cda51a-7d52-6ed3-329d-5434ddea4232:24706547712;,GPU-1c734bb9-241d-d316-e881-5d070a9a1425:192265846784;GPU-2deeb77e-df41-879f-7601-d6296d16a8ff:192265846784;GPU-3a4be627-e52a-042d-9cd5-5c1377c672da:192265846784;GPU-5118acb4-22bd-f74f-ea1f-2c8cfe790a1d:192265846784;GPU-a27c88e4-e53e-7d6a-3abd-07b141b57ce6:192265846784;GPU-a2848da1-0f8a-a8cf-c763-0ef502d06fec:192265846784;GPU-da4fcc29-b899-580b-92b6-f0cb14f70f21:192265846784;GPU-e7cda51a-7d52-6ed3-329d-5434ddea4232:192265846784;
meta-llama,1,17,1.59721,52,807,858299,20,9726189,49,0,5900374,26272858,26981742,27397969,52,10585359,GPU-1c734bb9-241d-d316-e881-5d070a9a1425:0.500756;GPU-2deeb77e-df41-879f-7601-d6296d16a8ff:0.354691;GPU-3a4be627-e52a-042d-9cd5-5c1377c672da:0.495324;GPU-5118acb4-22bd-f74f-ea1f-2c8cfe790a1d:0.506312;GPU-a27c88e4-e53e-7d6a-3abd-07b141b57ce6:0.499198;GPU-a2848da1-0f8a-a8cf-c763-0ef502d06fec:0.501435;GPU-da4fcc29-b899-580b-92b6-f0cb14f70f21:0.484614;GPU-e7cda51a-7d52-6ed3-329d-5434ddea4232:0.274074;,GPU-1c734bb9-241d-d316-e881-5d070a9a1425:311.685;GPU-2deeb77e-df41-879f-7601-d6296d16a8ff:255.843;GPU-3a4be627-e52a-042d-9cd5-5c1377c672da:310.356;GPU-5118acb4-22bd-f74f-ea1f-2c8cfe790a1d:301.91;GPU-a27c88e4-e53e-7d6a-3abd-07b141b57ce6:308.239;GPU-a2848da1-0f8a-a8cf-c763-0ef502d06fec:302.801;GPU-da4fcc29-b899-580b-92b6-f0cb14f70f21:309.95;GPU-e7cda51a-7d52-6ed3-329d-5434ddea4232:284.453;,GPU-1c734bb9-241d-d316-e881-5d070a9a1425:50595889152;GPU-2deeb77e-df41-879f-7601-d6296d16a8ff:57569968128;GPU-3a4be627-e52a-042d-9cd5-5c1377c672da:50595889152;GPU-5118acb4-22bd-f74f-ea1f-2c8cfe790a1d:50595889152;GPU-a27c88e4-e53e-7d6a-3abd-07b141b57ce6:50595889152;GPU-a2848da1-0f8a-a8cf-c763-0ef502d06fec:50595889152;GPU-da4fcc29-b899-580b-92b6-f0cb14f70f21:49253711872;GPU-e7cda51a-7d52-6ed3-329d-5434ddea4232:24706547712;,GPU-1c734bb9-241d-d316-e881-5d070a9a1425:192265846784;GPU-2deeb77e-df41-879f-7601-d6296d16a8ff:192265846784;GPU-3a4be627-e52a-042d-9cd5-5c1377c672da:192265846784;GPU-5118acb4-22bd-f74f-ea1f-2c8cfe790a1d:192265846784;GPU-a27c88e4-e53e-7d6a-3abd-07b141b57ce6:192265846784;GPU-a2848da1-0f8a-a8cf-c763-0ef502d06fec:192265846784;GPU-da4fcc29-b899-580b-92b6-f0cb14f70f21:192265846784;GPU-e7cda51a-7d52-6ed3-329d-5434ddea4232:192265846784;
meta-llama,1,21,1.60184,52,814,843456,23,12144965,54,0,6418071,25957171,26483683,26967071,52,12989306,GPU-1c734bb9-241d-d316-e881-5d070a9a1425:0.502191;GPU-2deeb77e-df41-879f-7601-d6296d16a8ff:0.35662;GPU-3a4be627-e52a-042d-9cd5-5c1377c672da:0.494923;GPU-5118acb4-22bd-f74f-ea1f-2c8cfe790a1d:0.512855;GPU-a27c88e4-e53e-7d6a-3abd-07b141b57ce6:0.507731;GPU-a2848da1-0f8a-a8cf-c763-0ef502d06fec:0.498827;GPU-da4fcc29-b899-580b-92b6-f0cb14f70f21:0.493287;GPU-e7cda51a-7d52-6ed3-329d-5434ddea4232:0.27537;,GPU-1c734bb9-241d-d316-e881-5d070a9a1425:312.489;GPU-2deeb77e-df41-879f-7601-d6296d16a8ff:256.172;GPU-3a4be627-e52a-042d-9cd5-5c1377c672da:311.354;GPU-5118acb4-22bd-f74f-ea1f-2c8cfe790a1d:303.111;GPU-a27c88e4-e53e-7d6a-3abd-07b141b57ce6:309.247;GPU-a2848da1-0f8a-a8cf-c763-0ef502d06fec:303.824;GPU-da4fcc29-b899-580b-92b6-f0cb14f70f21:311.083;GPU-e7cda51a-7d52-6ed3-329d-5434ddea4232:283.879;,GPU-1c734bb9-241d-d316-e881-5d070a9a1425:50595889152;GPU-2deeb77e-df41-879f-7601-d6296d16a8ff:57569968128;GPU-3a4be627-e52a-042d-9cd5-5c1377c672da:50595889152;GPU-5118acb4-22bd-f74f-ea1f-2c8cfe790a1d:50595889152;GPU-a27c88e4-e53e-7d6a-3abd-07b141b57ce6:50595889152;GPU-a2848da1-0f8a-a8cf-c763-0ef502d06fec:50595889152;GPU-da4fcc29-b899-580b-92b6-f0cb14f70f21:49253711872;GPU-e7cda51a-7d52-6ed3-329d-5434ddea4232:24706547712;,GPU-1c734bb9-241d-d316-e881-5d070a9a1425:192265846784;GPU-2deeb77e-df41-879f-7601-d6296d16a8ff:192265846784;GPU-3a4be627-e52a-042d-9cd5-5c1377c672da:192265846784;GPU-5118acb4-22bd-f74f-ea1f-2c8cfe790a1d:192265846784;GPU-a27c88e4-e53e-7d6a-3abd-07b141b57ce6:192265846784;GPU-a2848da1-0f8a-a8cf-c763-0ef502d06fec:192265846784;GPU-da4fcc29-b899-580b-92b6-f0cb14f70f21:192265846784;GPU-e7cda51a-7d52-6ed3-329d-5434ddea4232:192265846784;
meta-llama,1,9,1.60338,51,800,621386,14,5000512,37,0,5210561,7917511,8193191,8495939,51,5622743,GPU-1c734bb9-241d-d316-e881-5d070a9a1425:0.489985;GPU-2deeb77e-df41-879f-7601-d6296d16a8ff:0.353256;GPU-3a4be627-e52a-042d-9cd5-5c1377c672da:0.494722;GPU-5118acb4-22bd-f74f-ea1f-2c8cfe790a1d:0.51;GPU-a27c88e4-e53e-7d6a-3abd-07b141b57ce6:0.495309;GPU-a2848da1-0f8a-a8cf-c763-0ef502d06fec:0.502593;GPU-da4fcc29-b899-580b-92b6-f0cb14f70f21:0.490015;GPU-e7cda51a-7d52-6ed3-329d-5434ddea4232:0.274259;,GPU-1c734bb9-241d-d316-e881-5d070a9a1425:312.015;GPU-2deeb77e-df41-879f-7601-d6296d16a8ff:255.894;GPU-3a4be627-e52a-042d-9cd5-5c1377c672da:310.824;GPU-5118acb4-22bd-f74f-ea1f-2c8cfe790a1d:302.351;GPU-a27c88e4-e53e-7d6a-3abd-07b141b57ce6:308.486;GPU-a2848da1-0f8a-a8cf-c763-0ef502d06fec:303.134;GPU-da4fcc29-b899-580b-92b6-f0cb14f70f21:310.666;GPU-e7cda51a-7d52-6ed3-329d-5434ddea4232:283.62;,GPU-1c734bb9-241d-d316-e881-5d070a9a1425:50595889152;GPU-2deeb77e-df41-879f-7601-d6296d16a8ff:57569968128;GPU-3a4be627-e52a-042d-9cd5-5c1377c672da:50595889152;GPU-5118acb4-22bd-f74f-ea1f-2c8cfe790a1d:50595889152;GPU-a27c88e4-e53e-7d6a-3abd-07b141b57ce6:50595889152;GPU-a2848da1-0f8a-a8cf-c763-0ef502d06fec:50595889152;GPU-da4fcc29-b899-580b-92b6-f0cb14f70f21:49253711872;GPU-e7cda51a-7d52-6ed3-329d-5434ddea4232:24706547712;,GPU-1c734bb9-241d-d316-e881-5d070a9a1425:192265846784;GPU-2deeb77e-df41-879f-7601-d6296d16a8ff:192265846784;GPU-3a4be627-e52a-042d-9cd5-5c1377c672da:192265846784;GPU-5118acb4-22bd-f74f-ea1f-2c8cfe790a1d:192265846784;GPU-a27c88e4-e53e-7d6a-3abd-07b141b57ce6:192265846784;GPU-a2848da1-0f8a-a8cf-c763-0ef502d06fec:192265846784;GPU-da4fcc29-b899-580b-92b6-f0cb14f70f21:192265846784;GPU-e7cda51a-7d52-6ed3-329d-5434ddea4232:192265846784;
meta-llama,1,13,1.60338,53,780,677665,18,7394434,43,0,5502047,25002016,25448520,26876530,53,8072934,GPU-1c734bb9-241d-d316-e881-5d070a9a1425:0.499336;GPU-2deeb77e-df41-879f-7601-d6296d16a8ff:0.35412;GPU-3a4be627-e52a-042d-9cd5-5c1377c672da:0.494167;GPU-5118acb4-22bd-f74f-ea1f-2c8cfe790a1d:0.504769;GPU-a27c88e4-e53e-7d6a-3abd-07b141b57ce6:0.50392;GPU-a2848da1-0f8a-a8cf-c763-0ef502d06fec:0.494599;GPU-da4fcc29-b899-580b-92b6-f0cb14f70f21:0.492469;GPU-e7cda51a-7d52-6ed3-329d-5434ddea4232:0.276667;,GPU-1c734bb9-241d-d316-e881-5d070a9a1425:312.162;GPU-2deeb77e-df41-879f-7601-d6296d16a8ff:256.071;GPU-3a4be627-e52a-042d-9cd5-5c1377c672da:310.882;GPU-5118acb4-22bd-f74f-ea1f-2c8cfe790a1d:302.649;GPU-a27c88e4-e53e-7d6a-3abd-07b141b57ce6:308.648;GPU-a2848da1-0f8a-a8cf-c763-0ef502d06fec:303.357;GPU-da4fcc29-b899-580b-92b6-f0cb14f70f21:310.785;GPU-e7cda51a-7d52-6ed3-329d-5434ddea4232:283.867;,GPU-1c734bb9-241d-d316-e881-5d070a9a1425:50595889152;GPU-2deeb77e-df41-879f-7601-d6296d16a8ff:57569968128;GPU-3a4be627-e52a-042d-9cd5-5c1377c672da:50595889152;GPU-5118acb4-22bd-f74f-ea1f-2c8cfe790a1d:50595889152;GPU-a27c88e4-e53e-7d6a-3abd-07b141b57ce6:50595889152;GPU-a2848da1-0f8a-a8cf-c763-0ef502d06fec:50595889152;GPU-da4fcc29-b899-580b-92b6-f0cb14f70f21:49253711872;GPU-e7cda51a-7d52-6ed3-329d-5434ddea4232:24706547712;,GPU-1c734bb9-241d-d316-e881-5d070a9a1425:192265846784;GPU-2deeb77e-df41-879f-7601-d6296d16a8ff:192265846784;GPU-3a4be627-e52a-042d-9cd5-5c1377c672da:192265846784;GPU-5118acb4-22bd-f74f-ea1f-2c8cfe790a1d:192265846784;GPU-a27c88e4-e53e-7d6a-3abd-07b141b57ce6:192265846784;GPU-a2848da1-0f8a-a8cf-c763-0ef502d06fec:192265846784;GPU-da4fcc29-b899-580b-92b6-f0cb14f70f21:192265846784;GPU-e7cda51a-7d52-6ed3-329d-5434ddea4232:192265846784;
meta-llama,8,1,2.86418,52,790,284,22,2781010,42,0,2796165,2892277,2898140,3040682,52,2782140,GPU-1c734bb9-241d-d316-e881-5d070a9a1425:0.0754475;GPU-2deeb77e-df41-879f-7601-d6296d16a8ff:0.069784;GPU-3a4be627-e52a-042d-9cd5-5c1377c672da:0.0746142;GPU-5118acb4-22bd-f74f-ea1f-2c8cfe790a1d:0.0754475;GPU-a27c88e4-e53e-7d6a-3abd-07b141b57ce6:0.0755864;GPU-a2848da1-0f8a-a8cf-c763-0ef502d06fec:0.0750309;GPU-da4fcc29-b899-580b-92b6-f0cb14f70f21:0.0751389;GPU-e7cda51a-7d52-6ed3-329d-5434ddea4232:0.0418364;,GPU-1c734bb9-241d-d316-e881-5d070a9a1425:261.912;GPU-2deeb77e-df41-879f-7601-d6296d16a8ff:246.017;GPU-3a4be627-e52a-042d-9cd5-5c1377c672da:261.765;GPU-5118acb4-22bd-f74f-ea1f-2c8cfe790a1d:253.825;GPU-a27c88e4-e53e-7d6a-3abd-07b141b57ce6:260.366;GPU-a2848da1-0f8a-a8cf-c763-0ef502d06fec:255.411;GPU-da4fcc29-b899-580b-92b6-f0cb14f70f21:261.322;GPU-e7cda51a-7d52-6ed3-329d-5434ddea4232:253.511;,GPU-1c734bb9-241d-d316-e881-5d070a9a1425:51736739840;GPU-2deeb77e-df41-879f-7601-d6296d16a8ff:58526269440;GPU-3a4be627-e52a-042d-9cd5-5c1377c672da:51736739840;GPU-5118acb4-22bd-f74f-ea1f-2c8cfe790a1d:51736739840;GPU-a27c88e4-e53e-7d6a-3abd-07b141b57ce6:51736739840;GPU-a2848da1-0f8a-a8cf-c763-0ef502d06fec:51736739840;GPU-da4fcc29-b899-580b-92b6-f0cb14f70f21:50394562560;GPU-e7cda51a-7d52-6ed3-329d-5434ddea4232:25662849024;,GPU-1c734bb9-241d-d316-e881-5d070a9a1425:192265846784;GPU-2deeb77e-df41-879f-7601-d6296d16a8ff:192265846784;GPU-3a4be627-e52a-042d-9cd5-5c1377c672da:192265846784;GPU-5118acb4-22bd-f74f-ea1f-2c8cfe790a1d:192265846784;GPU-a27c88e4-e53e-7d6a-3abd-07b141b57ce6:192265846784;GPU-a2848da1-0f8a-a8cf-c763-0ef502d06fec:192265846784;GPU-da4fcc29-b899-580b-92b6-f0cb14f70f21:192265846784;GPU-e7cda51a-7d52-6ed3-329d-5434ddea4232:192265846784;
meta-llama,8,5,9.02461,51,776,265,17,4423326,39,0,4403482,4838542,4928625,5139232,51,4424416,GPU-1c734bb9-241d-d316-e881-5d070a9a1425:0.357377;GPU-2deeb77e-df41-879f-7601-d6296d16a8ff:0.292917;GPU-3a4be627-e52a-042d-9cd5-5c1377c672da:0.354367;GPU-5118acb4-22bd-f74f-ea1f-2c8cfe790a1d:0.358673;GPU-a27c88e4-e53e-7d6a-3abd-07b141b57ce6:0.349151;GPU-a2848da1-0f8a-a8cf-c763-0ef502d06fec:0.354043;GPU-da4fcc29-b899-580b-92b6-f0cb14f70f21:0.349753;GPU-e7cda51a-7d52-6ed3-329d-5434ddea4232:0.198673;,GPU-1c734bb9-241d-d316-e881-5d070a9a1425:305.359;GPU-2deeb77e-df41-879f-7601-d6296d16a8ff:260.12;GPU-3a4be627-e52a-042d-9cd5-5c1377c672da:304.895;GPU-5118acb4-22bd-f74f-ea1f-2c8cfe790a1d:295.988;GPU-a27c88e4-e53e-7d6a-3abd-07b141b57ce6:302.825;GPU-a2848da1-0f8a-a8cf-c763-0ef502d06fec:297.899;GPU-da4fcc29-b899-580b-92b6-f0cb14f70f21:304.706;GPU-e7cda51a-7d52-6ed3-329d-5434ddea4232:276.698;,GPU-1c734bb9-241d-d316-e881-5d070a9a1425:51736739840;GPU-2deeb77e-df41-879f-7601-d6296d16a8ff:58526269440;GPU-3a4be627-e52a-042d-9cd5-5c1377c672da:51736739840;GPU-5118acb4-22bd-f74f-ea1f-2c8cfe790a1d:51736739840;GPU-a27c88e4-e53e-7d6a-3abd-07b141b57ce6:51736739840;GPU-a2848da1-0f8a-a8cf-c763-0ef502d06fec:51736739840;GPU-da4fcc29-b899-580b-92b6-f0cb14f70f21:50394562560;GPU-e7cda51a-7d52-6ed3-329d-5434ddea4232:25662849024;,GPU-1c734bb9-241d-d316-e881-5d070a9a1425:192265846784;GPU-2deeb77e-df41-879f-7601-d6296d16a8ff:192265846784;GPU-3a4be627-e52a-042d-9cd5-5c1377c672da:192265846784;GPU-5118acb4-22bd-f74f-ea1f-2c8cfe790a1d:192265846784;GPU-a27c88e4-e53e-7d6a-3abd-07b141b57ce6:192265846784;GPU-a2848da1-0f8a-a8cf-c763-0ef502d06fec:192265846784;GPU-da4fcc29-b899-580b-92b6-f0cb14f70f21:192265846784;GPU-e7cda51a-7d52-6ed3-329d-5434ddea4232:192265846784;
meta-llama,8,13,11.1974,51,815,3533123,14,5707631,39,0,9295557,9864116,10031796,10450724,51,9241617,GPU-1c734bb9-241d-d316-e881-5d070a9a1425:0.499815;GPU-2deeb77e-df41-879f-7601-d6296d16a8ff:0.370448;GPU-3a4be627-e52a-042d-9cd5-5c1377c672da:0.487793;GPU-5118acb4-22bd-f74f-ea1f-2c8cfe790a1d:0.482731;GPU-a27c88e4-e53e-7d6a-3abd-07b141b57ce6:0.491435;GPU-a2848da1-0f8a-a8cf-c763-0ef502d06fec:0.486975;GPU-da4fcc29-b899-580b-92b6-f0cb14f70f21:0.475633;GPU-e7cda51a-7d52-6ed3-329d-5434ddea4232:0.253827;,GPU-1c734bb9-241d-d316-e881-5d070a9a1425:320.243;GPU-2deeb77e-df41-879f-7601-d6296d16a8ff:263.921;GPU-3a4be627-e52a-042d-9cd5-5c1377c672da:318.662;GPU-5118acb4-22bd-f74f-ea1f-2c8cfe790a1d:309.891;GPU-a27c88e4-e53e-7d6a-3abd-07b141b57ce6:316.235;GPU-a2848da1-0f8a-a8cf-c763-0ef502d06fec:311.387;GPU-da4fcc29-b899-580b-92b6-f0cb14f70f21:319.14;GPU-e7cda51a-7d52-6ed3-329d-5434ddea4232:284.105;,GPU-1c734bb9-241d-d316-e881-5d070a9a1425:51736739840;GPU-2deeb77e-df41-879f-7601-d6296d16a8ff:58526269440;GPU-3a4be627-e52a-042d-9cd5-5c1377c672da:51736739840;GPU-5118acb4-22bd-f74f-ea1f-2c8cfe790a1d:51736739840;GPU-a27c88e4-e53e-7d6a-3abd-07b141b57ce6:51736739840;GPU-a2848da1-0f8a-a8cf-c763-0ef502d06fec:51736739840;GPU-da4fcc29-b899-580b-92b6-f0cb14f70f21:50394562560;GPU-e7cda51a-7d52-6ed3-329d-5434ddea4232:25662849024;,GPU-1c734bb9-241d-d316-e881-5d070a9a1425:192265846784;GPU-2deeb77e-df41-879f-7601-d6296d16a8ff:192265846784;GPU-3a4be627-e52a-042d-9cd5-5c1377c672da:192265846784;GPU-5118acb4-22bd-f74f-ea1f-2c8cfe790a1d:192265846784;GPU-a27c88e4-e53e-7d6a-3abd-07b141b57ce6:192265846784;GPU-a2848da1-0f8a-a8cf-c763-0ef502d06fec:192265846784;GPU-da4fcc29-b899-580b-92b6-f0cb14f70f21:192265846784;GPU-e7cda51a-7d52-6ed3-329d-5434ddea4232:192265846784;
meta-llama,8,21,11.2345,53,814,9183189,15,5689091,39,0,15267852,16278095,16470415,16796232,53,14873141,GPU-1c734bb9-241d-d316-e881-5d070a9a1425:0.501451;GPU-2deeb77e-df41-879f-7601-d6296d16a8ff:0.367917;GPU-3a4be627-e52a-042d-9cd5-5c1377c672da:0.484167;GPU-5118acb4-22bd-f74f-ea1f-2c8cfe790a1d:0.484414;GPU-a27c88e4-e53e-7d6a-3abd-07b141b57ce6:0.491667;GPU-a2848da1-0f8a-a8cf-c763-0ef502d06fec:0.483611;GPU-da4fcc29-b899-580b-92b6-f0cb14f70f21:0.479599;GPU-e7cda51a-7d52-6ed3-329d-5434ddea4232:0.255123;,GPU-1c734bb9-241d-d316-e881-5d070a9a1425:320.703;GPU-2deeb77e-df41-879f-7601-d6296d16a8ff:264.232;GPU-3a4be627-e52a-042d-9cd5-5c1377c672da:319.156;GPU-5118acb4-22bd-f74f-ea1f-2c8cfe790a1d:310.676;GPU-a27c88e4-e53e-7d6a-3abd-07b141b57ce6:317.356;GPU-a2848da1-0f8a-a8cf-c763-0ef502d06fec:311.664;GPU-da4fcc29-b899-580b-92b6-f0cb14f70f21:319.431;GPU-e7cda51a-7d52-6ed3-329d-5434ddea4232:284.693;,GPU-1c734bb9-241d-d316-e881-5d070a9a1425:51736739840;GPU-2deeb77e-df41-879f-7601-d6296d16a8ff:58526269440;GPU-3a4be627-e52a-042d-9cd5-5c1377c672da:51736739840;GPU-5118acb4-22bd-f74f-ea1f-2c8cfe790a1d:51736739840;GPU-a27c88e4-e53e-7d6a-3abd-07b141b57ce6:51736739840;GPU-a2848da1-0f8a-a8cf-c763-0ef502d06fec:51736739840;GPU-da4fcc29-b899-580b-92b6-f0cb14f70f21:50394562560;GPU-e7cda51a-7d52-6ed3-329d-5434ddea4232:25662849024;,GPU-1c734bb9-241d-d316-e881-5d070a9a1425:192265846784;GPU-2deeb77e-df41-879f-7601-d6296d16a8ff:192265846784;GPU-3a4be627-e52a-042d-9cd5-5c1377c672da:192265846784;GPU-5118acb4-22bd-f74f-ea1f-2c8cfe790a1d:192265846784;GPU-a27c88e4-e53e-7d6a-3abd-07b141b57ce6:192265846784;GPU-a2848da1-0f8a-a8cf-c763-0ef502d06fec:192265846784;GPU-da4fcc29-b899-580b-92b6-f0cb14f70f21:192265846784;GPU-e7cda51a-7d52-6ed3-329d-5434ddea4232:192265846784;
meta-llama,8,9,11.2715,50,828,702235,14,5665119,39,0,6347029,7085679,7220209,7532230,50,6368229,GPU-1c734bb9-241d-d316-e881-5d070a9a1425:0.491867;GPU-2deeb77e-df41-879f-7601-d6296d16a8ff:0.368812;GPU-3a4be627-e52a-042d-9cd5-5c1377c672da:0.488843;GPU-5118acb4-22bd-f74f-ea1f-2c8cfe790a1d:0.489784;GPU-a27c88e4-e53e-7d6a-3abd-07b141b57ce6:0.493287;GPU-a2848da1-0f8a-a8cf-c763-0ef502d06fec:0.490355;GPU-da4fcc29-b899-580b-92b6-f0cb14f70f21:0.49304;GPU-e7cda51a-7d52-6ed3-329d-5434ddea4232:0.255015;,GPU-1c734bb9-241d-d316-e881-5d070a9a1425:321.942;GPU-2deeb77e-df41-879f-7601-d6296d16a8ff:264.849;GPU-3a4be627-e52a-042d-9cd5-5c1377c672da:320.623;GPU-5118acb4-22bd-f74f-ea1f-2c8cfe790a1d:311.286;GPU-a27c88e4-e53e-7d6a-3abd-07b141b57ce6:318.511;GPU-a2848da1-0f8a-a8cf-c763-0ef502d06fec:313.08;GPU-da4fcc29-b899-580b-92b6-f0cb14f70f21:321.252;GPU-e7cda51a-7d52-6ed3-329d-5434ddea4232:285.491;,GPU-1c734bb9-241d-d316-e881-5d070a9a1425:51736739840;GPU-2deeb77e-df41-879f-7601-d6296d16a8ff:58526269440;GPU-3a4be627-e52a-042d-9cd5-5c1377c672da:51736739840;GPU-5118acb4-22bd-f74f-ea1f-2c8cfe790a1d:51736739840;GPU-a27c88e4-e53e-7d6a-3abd-07b141b57ce6:51736739840;GPU-a2848da1-0f8a-a8cf-c763-0ef502d06fec:51736739840;GPU-da4fcc29-b899-580b-92b6-f0cb14f70f21:50394562560;GPU-e7cda51a-7d52-6ed3-329d-5434ddea4232:25662849024;,GPU-1c734bb9-241d-d316-e881-5d070a9a1425:192265846784;GPU-2deeb77e-df41-879f-7601-d6296d16a8ff:192265846784;GPU-3a4be627-e52a-042d-9cd5-5c1377c672da:192265846784;GPU-5118acb4-22bd-f74f-ea1f-2c8cfe790a1d:192265846784;GPU-a27c88e4-e53e-7d6a-3abd-07b141b57ce6:192265846784;GPU-a2848da1-0f8a-a8cf-c763-0ef502d06fec:192265846784;GPU-da4fcc29-b899-580b-92b6-f0cb14f70f21:192265846784;GPU-e7cda51a-7d52-6ed3-329d-5434ddea4232:192265846784;
meta-llama,8,17,11.2962,53,818,6330172,15,5671328,39,0,11905876,13018412,13232297,13564836,53,12002365,GPU-1c734bb9-241d-d316-e881-5d070a9a1425:0.494799;GPU-2deeb77e-df41-879f-7601-d6296d16a8ff:0.372778;GPU-3a4be627-e52a-042d-9cd5-5c1377c672da:0.492577;GPU-5118acb4-22bd-f74f-ea1f-2c8cfe790a1d:0.488843;GPU-a27c88e4-e53e-7d6a-3abd-07b141b57ce6:0.488673;GPU-a2848da1-0f8a-a8cf-c763-0ef502d06fec:0.490725;GPU-da4fcc29-b899-580b-92b6-f0cb14f70f21:0.490262;GPU-e7cda51a-7d52-6ed3-329d-5434ddea4232:0.257531;,GPU-1c734bb9-241d-d316-e881-5d070a9a1425:320.756;GPU-2deeb77e-df41-879f-7601-d6296d16a8ff:263.788;GPU-3a4be627-e52a-042d-9cd5-5c1377c672da:319.247;GPU-5118acb4-22bd-f74f-ea1f-2c8cfe790a1d:310.696;GPU-a27c88e4-e53e-7d6a-3abd-07b141b57ce6:316.703;GPU-a2848da1-0f8a-a8cf-c763-0ef502d06fec:311.534;GPU-da4fcc29-b899-580b-92b6-f0cb14f70f21:319.731;GPU-e7cda51a-7d52-6ed3-329d-5434ddea4232:283.692;,GPU-1c734bb9-241d-d316-e881-5d070a9a1425:51736739840;GPU-2deeb77e-df41-879f-7601-d6296d16a8ff:58526269440;GPU-3a4be627-e52a-042d-9cd5-5c1377c672da:51736739840;GPU-5118acb4-22bd-f74f-ea1f-2c8cfe790a1d:51736739840;GPU-a27c88e4-e53e-7d6a-3abd-07b141b57ce6:51736739840;GPU-a2848da1-0f8a-a8cf-c763-0ef502d06fec:51736739840;GPU-da4fcc29-b899-580b-92b6-f0cb14f70f21:50394562560;GPU-e7cda51a-7d52-6ed3-329d-5434ddea4232:25662849024;,GPU-1c734bb9-241d-d316-e881-5d070a9a1425:192265846784;GPU-2deeb77e-df41-879f-7601-d6296d16a8ff:192265846784;GPU-3a4be627-e52a-042d-9cd5-5c1377c672da:192265846784;GPU-5118acb4-22bd-f74f-ea1f-2c8cfe790a1d:192265846784;GPU-a27c88e4-e53e-7d6a-3abd-07b141b57ce6:192265846784;GPU-a2848da1-0f8a-a8cf-c763-0ef502d06fec:192265846784;GPU-da4fcc29-b899-580b-92b6-f0cb14f70f21:192265846784;GPU-e7cda51a-7d52-6ed3-329d-5434ddea4232:192265846784;
